booking_id,passenger_id,flight_id,airport_id,seat_class,amount,currency,booking_date,booking_channel
B036091,P01335,F0623,A068,Premium Economy,409.75,EUR,2025-09-29,website
B036092,P01372,F0651,A032,Economy,117.91,GBP,2025-09-29,website
B036093,P01398,F0595,A005,Economy,194.25,EUR,2025-09-29,mobile_app
B036094,P01375,F0648,A025,Economy,122.42,EUR,2025-09-29,website
B036095,P01984,F0568,A013,Economy,178.6,EUR,2025-09-29,call_center
B036096,P01605,F0684,A068,Economy,179.26,EUR,2025-09-29,mobile_app
B036097,P00652,F0649,A046,First,1352.49,EUR,2025-09-29,travel_agency
B036098,P01928,F0491,A017,Economy,134.68,GBP,2025-09-29,travel_agency
B036099,P01467,F0401,A060,Economy,127.1,USD,2025-09-29,mobile_app
B036100,P00541,F0255,A061,Economy,133.82,EUR,2025-09-29,website
B036101,P01955,F0626,A005,Economy,106.95,GBP,2025-09-29,travel_agency
B036102,P00618,F0475,A069,Economy,103.62,EUR,2025-09-29,website
B036103,P02105,F0585,A030,Economy,154.14,GBP,2025-09-29,website
B036104,P00626,F0639,A076,Economy,169.04,USD,2025-09-29,website
B036105,P00435,F0623,A068,Economy,139.68,EUR,2025-09-29,website
B036106,P00477,F0523,A013,Premium Economy,309.06,EUR,2025-09-29,website
B036107,P01007,F0288,A015,Business,892.72,USD,2025-09-29,website
B036108,P01197,F0576,A078,Economy,146.96,USD,2025-09-29,website
B036109,P01600,F0491,A017,Economy,74.31,EUR,2025-09-29,website
B036110,P00805,F0503,A060,Premium Economy,202.9,USD,2025-09-29,website
B036111,P01105,F0535,A001,Premium Economy,331.43,USD,2025-09-29,website
B036112,P01390,F0575,A070,Economy,91.05,USD,2025-09-29,website
B036113,P01883,F0637,A080,Economy,192.44,USD,2025-09-29,website
B036114,P01787,F0517,A050,Economy,73.56,EUR,2025-09-29,website
B036115,P01041,F0654,A038,Economy,180.08,USD,2025-09-29,website
B036116,P01959,F0568,A013,Business,597.91,USD,2025-09-29,website
B036117,P00798,F0590,A054,Economy,91.11,GBP,2025-09-29,website
B036118,P00790,F0648,A025,Premium Economy,443.71,EUR,2025-09-29,website
B036119,P00180,F0570,A064,Economy,172.71,USD,2025-09-29,mobile_app
B036120,P00957,F0571,A002,Economy,166.23,USD,2025-09-29,mobile_app
B036121,P01661,F0196,A066,Business,1240.67,GBP,2025-09-29,website
B036122,P01947,F0527,A042,First,2831.1,USD,2025-09-29,website
B036123,P01259,F0641,A055,First,2104.78,GBP,2025-09-29,call_center
B036124,P00722,F0620,A055,Business,788.86,USD,2025-09-29,website
B036125,P02033,F0583,A077,Economy,149.87,EUR,2025-09-29,call_center
B036126,P00732,F0633,A067,Premium Economy,185.92,USD,2025-09-29,travel_agency
B036127,P00099,F0470,A030,Economy,148.63,EUR,2025-09-29,mobile_app
B036128,P00585,F0444,A046,Economy,87.8,EUR,2025-09-29,website
B036129,P01847,F0665,A071,Economy,178.67,GBP,2025-09-29,website
B036130,P00728,F0564,A042,Business,1049.75,USD,2025-09-29,website
B036131,P01637,F0688,A019,Economy,135.38,EUR,2025-09-29,website
B036132,P02025,F0580,A004,Economy,100.08,USD,2025-09-29,website
B036133,P01928,F0666,A038,Economy,182.75,USD,2025-09-29,travel_agency
B036134,P01739,F0665,A071,Economy,177.52,USD,2025-09-29,mobile_app
B036135,P00548,F0577,A031,Business,904.71,USD,2025-09-29,website
B036136,P01040,F0582,A010,Economy,102.87,USD,2025-09-29,call_center
B036137,P02001,F0661,A031,Economy,107.32,USD,2025-09-29,mobile_app
B036138,P00297,F0401,A060,Economy,78.7,EUR,2025-09-29,mobile_app
B036139,P01208,F0567,A060,Premium Economy,185.06,GBP,2025-09-29,mobile_app
B036140,P00121,F0619,A038,Economy,131.97,EUR,2025-09-29,website
B036141,P01036,F0528,A054,Economy,107.88,EUR,2025-09-29,website
B036142,P01591,F0566,A040,Economy,170.63,EUR,2025-09-29,travel_agency
B036143,P01406,F0545,A042,Economy,146.83,EUR,2025-09-29,website
B036144,P01471,F0609,A005,Economy,89.81,EUR,2025-09-29,travel_agency
B036145,P02104,F0570,A064,Economy,147.12,USD,2025-09-29,travel_agency
B036146,P01225,F0603,A062,Business,946.53,EUR,2025-09-29,website
B036147,P00116,F0595,A005,Premium Economy,478.98,GBP,2025-09-29,mobile_app
B036148,P00048,F0550,A073,Economy,171.8,USD,2025-09-29,mobile_app
B036149,P01763,F0640,A038,Economy,152.52,GBP,2025-09-29,website
B036150,P01392,F0629,A059,Business,1035.93,EUR,2025-09-29,travel_agency
B036151,P00731,F0571,A002,Economy,129.98,EUR,2025-09-29,mobile_app
B036152,P01739,F0631,A015,Business,957.21,EUR,2025-09-29,travel_agency
B036153,P00430,F0300,A032,Economy,111.98,EUR,2025-09-29,mobile_app
B036154,P00024,F0579,A052,Business,588.39,GBP,2025-09-29,website
B036155,P00702,F0639,A076,Economy,145.62,EUR,2025-09-29,website
B036156,P00704,F0571,A002,Economy,100.25,EUR,2025-09-29,travel_agency
B036157,P00742,F0316,A073,Economy,111.22,EUR,2025-09-29,website
B036158,P01790,F0614,A056,Economy,163.7,USD,2025-09-29,mobile_app
B036159,P00446,F0616,A049,Premium Economy,192.89,USD,2025-09-29,mobile_app
B036160,P01377,F0612,A078,Premium Economy,374.65,USD,2025-09-29,mobile_app
B036161,P02068,F0618,A074,Economy,142.76,USD,2025-09-29,travel_agency
B036162,P01749,F0544,A061,Economy,154.66,USD,2025-09-29,mobile_app
B036163,P00986,F0669,A069,Economy,148.41,GBP,2025-09-29,website
B036164,P00741,F0675,A078,Economy,190.89,EUR,2025-09-29,website
B036165,P01212,F0536,A069,Economy,107.78,EUR,2025-09-29,mobile_app
B036166,P01566,F0626,A005,Economy,174.14,USD,2025-09-29,call_center
B036167,P01634,F0318,A010,Business,871.03,USD,2025-09-29,website
B036168,P00931,F0676,A044,Economy,163.82,USD,2025-09-29,website
B036169,P00676,F0559,A018,Premium Economy,433.13,GBP,2025-09-29,mobile_app
B036170,P01793,F0652,A018,Business,1233.03,USD,2025-09-29,call_center
B036171,P02189,F0575,A070,Premium Economy,226.89,USD,2025-09-29,website
B036172,P02021,F0681,A079,Economy,144.93,USD,2025-09-29,travel_agency
B036173,P00642,F0602,A044,Economy,115.95,GBP,2025-09-29,website
B036174,P01120,F0533,A013,Economy,142.21,USD,2025-09-29,website
B036175,P00166,F0575,A070,Economy,144.58,USD,2025-09-29,website
B036176,P00600,F0678,A055,Economy,107.2,EUR,2025-09-29,mobile_app
B036177,P00818,F0536,A069,Economy,76.16,EUR,2025-09-29,website
B036178,P01586,F0598,A001,Economy,166.57,GBP,2025-09-29,call_center
B036179,P01289,F0686,A040,Economy,186.51,EUR,2025-09-29,website
B036180,P01885,F0645,A053,Economy,140.71,EUR,2025-09-29,mobile_app
B036181,P00076,F0600,A062,Economy,92.62,EUR,2025-09-29,website
B036182,P01785,F0664,A055,Economy,195.53,USD,2025-09-29,website
B036183,P02044,F0650,A041,Business,1307.55,GBP,2025-09-29,website
B036184,P01686,F0513,A033,Business,622.81,EUR,2025-09-29,mobile_app
B036185,P00854,F0646,A046,Economy,106.0,USD,2025-09-29,website
B036186,P01681,F0624,A031,Premium Economy,459.22,EUR,2025-09-29,website
B036187,P00631,F0629,A059,Economy,166.31,GBP,2025-09-29,mobile_app
B036188,P01088,F0297,A058,Economy,179.04,EUR,2025-09-29,website
B036189,P00652,F0565,A006,Economy,82.17,USD,2025-09-29,website
B036190,P01050,F0523,A013,Economy,162.27,GBP,2025-09-29,mobile_app
B036191,P01320,F0541,A010,Economy,172.14,EUR,2025-09-29,mobile_app
B036192,P01791,F0470,A030,Economy,188.03,GBP,2025-09-29,website
B036193,P02070,F0592,A057,Premium Economy,407.01,GBP,2025-09-29,website
B036194,P01902,F0560,A023,Economy,159.47,USD,2025-09-29,travel_agency
B036195,P01940,F0583,A077,Business,726.53,EUR,2025-09-29,website
B036196,P00227,F0614,A056,Economy,82.46,USD,2025-09-29,website
B036197,P01246,F0226,A012,Economy,84.82,EUR,2025-09-29,website
B036198,P01067,F0636,A013,Economy,159.77,EUR,2025-09-29,travel_agency
B036199,P00926,F0618,A074,Economy,86.16,USD,2025-09-29,call_center
B036200,P01275,F0544,A061,Economy,132.96,EUR,2025-09-29,website
B036201,P00978,F0609,A005,Economy,184.19,USD,2025-09-29,website
B036202,P01396,F0567,A060,Economy,179.6,EUR,2025-09-29,website
B036203,P01668,F0672,A048,Economy,104.83,EUR,2025-09-29,travel_agency
B036204,P00666,F0564,A042,Economy,75.94,EUR,2025-09-29,website
B036205,P01225,F0572,A071,Premium Economy,434.48,GBP,2025-09-29,mobile_app
B036206,P00184,F0655,A020,Economy,130.75,EUR,2025-09-29,travel_agency
B036207,P00130,F0596,A066,Economy,120.9,USD,2025-09-29,website
B036208,P00499,F0608,A002,Economy,126.42,USD,2025-09-29,website
B036209,P00407,F0557,A063,Economy,101.12,EUR,2025-09-29,mobile_app
B036210,P00999,F0662,A035,Premium Economy,290.33,GBP,2025-09-29,mobile_app
B036211,P00405,F0617,A031,Premium Economy,473.71,GBP,2025-09-29,website
B036212,P00462,F0678,A055,Premium Economy,433.87,EUR,2025-09-29,call_center
B036213,P02078,F0607,A023,Economy,102.66,GBP,2025-09-29,travel_agency
B036214,P00180,F0490,A075,Economy,103.08,USD,2025-09-29,mobile_app
B036215,P00253,F0637,A080,Economy,118.93,EUR,2025-09-29,call_center
B036216,P00915,F0591,A063,Economy,186.92,EUR,2025-09-29,call_center
B036217,P01634,F0657,A007,Business,1411.65,USD,2025-09-29,website
B036218,P00951,F0598,A001,Economy,182.72,EUR,2025-09-29,website
B036219,P00283,F0568,A013,Economy,128.04,USD,2025-09-29,website
B036220,P01351,F0523,A013,Economy,90.44,EUR,2025-09-29,website
B036221,P01472,F0579,A052,Economy,175.15,EUR,2025-09-29,mobile_app
B036222,P01985,F0598,A001,Economy,171.52,EUR,2025-09-29,mobile_app
B036223,P00817,F0583,A077,Economy,75.21,EUR,2025-09-29,mobile_app
B036224,P01919,F0528,A054,Economy,113.57,USD,2025-09-29,travel_agency
B036225,P01736,F0516,A055,Economy,157.57,GBP,2025-09-29,mobile_app
B036226,P00095,F0641,A055,Economy,90.07,USD,2025-09-29,website
B036227,P01878,F0654,A038,Economy,160.66,GBP,2025-09-29,website
B036228,P01184,F0526,A021,Economy,101.17,USD,2025-09-29,travel_agency
B036229,P01295,F0593,A023,Economy,84.83,USD,2025-09-29,website
B036230,P01574,F0598,A001,Premium Economy,240.66,USD,2025-09-29,travel_agency
B036231,P00111,F0643,A066,Economy,131.65,EUR,2025-09-29,website
B036232,P00874,F0381,A013,Economy,149.56,EUR,2025-09-29,mobile_app
B036233,P00052,F0551,A060,Economy,164.45,USD,2025-09-29,website
B036234,P01333,F0526,A021,Economy,182.06,EUR,2025-09-29,mobile_app
B036235,P00626,F0687,A016,Economy,88.75,GBP,2025-09-29,website
B036236,P01540,F0646,A046,Business,1342.03,USD,2025-09-29,website
B036237,P01614,F0676,A044,Economy,172.57,EUR,2025-09-29,call_center
B036238,P01715,F0544,A061,Economy,147.22,GBP,2025-09-29,website
B036239,P00905,F0564,A042,Economy,129.28,EUR,2025-09-29,travel_agency
B036240,P01677,F0617,A031,Business,1000.75,USD,2025-09-29,travel_agency
B036241,P01668,F0599,A047,Economy,156.53,EUR,2025-09-29,mobile_app
B036242,P01336,F0297,A058,Premium Economy,212.04,GBP,2025-09-29,website
B036243,P01069,F0594,A062,Economy,134.83,USD,2025-09-29,website
B036244,P00881,F0583,A077,Economy,136.18,EUR,2025-09-29,website
B036245,P01628,F0491,A017,Premium Economy,226.94,GBP,2025-09-29,mobile_app
B036246,P00702,F0551,A060,Economy,116.8,USD,2025-09-29,travel_agency
B036247,P00349,F0656,A081,Economy,168.7,EUR,2025-09-29,website
B036248,P00579,F0673,A038,Economy,143.44,EUR,2025-09-29,travel_agency
B036249,P01306,F0667,A039,Economy,130.49,EUR,2025-09-29,website
B036250,P00699,F0316,A073,Economy,97.86,USD,2025-09-29,website
B036251,P01255,F0557,A063,Economy,109.62,EUR,2025-09-29,call_center
B036252,P02008,F0616,A049,Economy,115.28,USD,2025-09-29,mobile_app
B036253,P01382,F0613,A021,Economy,191.58,EUR,2025-09-29,website
B036254,P01229,F0500,A026,Economy,144.51,EUR,2025-09-29,mobile_app
B036255,P00106,F0618,A074,Economy,134.72,EUR,2025-09-29,website
B036256,P01378,F0485,A022,Business,803.2,USD,2025-09-29,mobile_app
B036257,P00728,F0628,A048,Economy,111.32,EUR,2025-09-29,call_center
B036258,P01177,F0653,A069,Premium Economy,324.48,EUR,2025-09-29,call_center
B036259,P00206,F0561,A037,First,1792.36,GBP,2025-09-29,website
B036260,P01407,F0676,A044,Premium Economy,381.12,EUR,2025-09-29,website
B036261,P00389,F0137,A039,Business,813.6,USD,2025-09-29,mobile_app
B036262,P00660,F0636,A013,Economy,131.51,GBP,2025-09-29,mobile_app
B036263,P01897,F0596,A066,Economy,110.24,EUR,2025-09-29,travel_agency
B036264,P00146,F0684,A068,Economy,139.54,EUR,2025-09-29,travel_agency
B036265,P00714,F0297,A058,Economy,127.85,EUR,2025-09-29,mobile_app
B036266,P00215,F0493,A012,Business,549.71,EUR,2025-09-29,travel_agency
B036267,P01661,F0656,A081,Economy,135.23,EUR,2025-09-29,travel_agency
B036268,P01455,F0528,A054,Economy,110.4,EUR,2025-09-29,mobile_app
B036269,P02070,F0664,A055,Economy,89.9,USD,2025-09-29,mobile_app
B036270,P01393,F0650,A041,Business,955.17,EUR,2025-09-29,website
B036271,P00833,F0654,A038,Economy,163.15,GBP,2025-09-29,mobile_app
B036272,P01503,F0581,A031,Premium Economy,186.57,EUR,2025-09-29,mobile_app
B036273,P00528,F0578,A018,Premium Economy,200.5,EUR,2025-09-29,mobile_app
B036274,P00636,F0503,A060,Business,703.36,GBP,2025-09-29,travel_agency
B036275,P02117,F0650,A041,Economy,76.1,EUR,2025-09-29,website
B036276,P02112,F0486,A005,Economy,89.13,EUR,2025-09-29,website
B036277,P00083,F0541,A010,Economy,113.85,USD,2025-09-29,website
B036278,P00032,F0683,A035,Economy,148.31,USD,2025-09-29,website
B036279,P01585,F0677,A066,Economy,81.38,EUR,2025-09-29,call_center
B036280,P01591,F0683,A035,First,2662.81,EUR,2025-09-29,mobile_app
B036281,P01104,F0318,A010,Business,1200.47,EUR,2025-09-29,mobile_app
B036282,P01751,F0482,A004,Economy,132.88,USD,2025-09-29,website
B036283,P01065,F0678,A055,Economy,142.21,EUR,2025-09-29,website
B036284,P00664,F0568,A013,Economy,91.15,EUR,2025-09-29,website
B036285,P01950,F0670,A048,Premium Economy,467.56,USD,2025-09-29,website
B036286,P01853,F0613,A021,Premium Economy,357.51,EUR,2025-09-29,website
B036287,P01347,F0686,A040,Business,852.81,EUR,2025-09-29,call_center
B036288,P00133,F0297,A058,Economy,194.21,USD,2025-09-29,travel_agency
B036289,P00581,F0571,A002,Business,1342.35,USD,2025-09-29,mobile_app
B036290,P00221,F0576,A078,First,2729.26,USD,2025-09-29,travel_agency
B036291,P00274,F0541,A010,Economy,195.49,USD,2025-09-29,mobile_app
B036292,P00693,F0622,A008,Business,1257.7,EUR,2025-09-29,website
B036293,P00943,F0497,A074,Economy,141.71,GBP,2025-09-29,website
B036294,P00961,F0652,A018,Economy,141.78,GBP,2025-09-29,mobile_app
B036295,P01432,F0620,A055,Business,769.28,EUR,2025-09-29,mobile_app
B036296,P02180,F0004,A075,Economy,176.55,EUR,2025-09-29,mobile_app
B036297,P00617,F0642,A080,Economy,119.87,USD,2025-09-29,website
B036298,P02149,F0610,A081,First,2873.88,EUR,2025-09-29,website
B036299,P00973,F0648,A025,Economy,169.09,EUR,2025-09-29,mobile_app
B036300,P02035,F0566,A040,Business,1192.09,EUR,2025-09-29,mobile_app
B036301,P01655,F0381,A013,Economy,86.9,EUR,2025-09-29,mobile_app
B036302,P00456,F0526,A021,Economy,153.3,EUR,2025-09-29,website
B036303,P00507,F0644,A058,Economy,80.49,GBP,2025-09-29,mobile_app
B036304,P01793,F0318,A010,Premium Economy,275.47,EUR,2025-09-29,mobile_app
B036305,P01560,F0638,A067,Economy,124.78,EUR,2025-09-29,mobile_app
B036306,P00206,F0561,A037,Economy,137.36,EUR,2025-09-29,website
B036307,P01177,F0483,A073,Business,790.79,USD,2025-09-29,website
B036308,P00060,F0612,A078,Economy,90.03,USD,2025-09-29,website
B036309,P01006,F0568,A013,Premium Economy,330.99,USD,2025-09-29,travel_agency
B036310,P01565,F0545,A042,Economy,148.61,USD,2025-09-29,website
B036311,P00477,F0566,A040,Premium Economy,286.53,USD,2025-09-29,mobile_app
B036312,P00206,F0582,A010,Premium Economy,363.42,EUR,2025-09-29,website
B036313,P00823,F0607,A023,Economy,97.21,USD,2025-09-29,website
B036314,P00634,F0652,A018,Economy,166.36,GBP,2025-09-29,website
B036315,P01145,F0526,A021,Business,593.04,EUR,2025-09-29,website
B036316,P00892,F0026,A068,Economy,197.99,USD,2025-09-29,website
B036317,P01950,F0482,A004,Economy,101.91,USD,2025-09-29,travel_agency
B036318,P01916,F0683,A035,Economy,94.91,USD,2025-09-29,call_center
B036319,P00226,F0316,A073,Premium Economy,277.19,EUR,2025-09-29,website
B036320,P01728,F0678,A055,Economy,149.87,EUR,2025-09-29,website
B036321,P00876,F0527,A042,Business,631.53,EUR,2025-09-29,mobile_app
B036322,P00587,F0672,A048,Premium Economy,421.26,EUR,2025-09-29,website
B036323,P01242,F0561,A037,Premium Economy,235.81,EUR,2025-09-29,website
B036324,P00196,F0650,A041,Premium Economy,466.94,GBP,2025-09-29,website
B036325,P00183,F0112,A065,First,1325.45,EUR,2025-09-29,mobile_app
B036326,P00036,F0549,A041,Business,1224.28,EUR,2025-09-29,mobile_app
B036327,P01730,F0491,A017,Economy,191.18,GBP,2025-09-29,website
B036328,P01332,F0630,A022,Business,807.37,USD,2025-09-29,website
B036329,P01329,F0646,A046,Economy,120.68,EUR,2025-09-29,travel_agency
B036330,P01062,F0613,A021,Premium Economy,246.14,USD,2025-09-29,call_center
B036331,P00825,F0551,A060,Economy,174.66,EUR,2025-09-29,website
B036332,P02142,F0659,A021,Business,936.29,USD,2025-09-29,travel_agency
B036333,P01453,F0593,A023,Premium Economy,302.46,USD,2025-09-29,website
B036334,P01164,F0478,A053,Business,734.01,GBP,2025-09-29,call_center
B036335,P00021,F0666,A038,Economy,114.27,EUR,2025-09-29,mobile_app
B036336,P00265,F0513,A033,Economy,75.27,USD,2025-09-29,mobile_app
B036337,P00258,F0665,A071,Economy,166.35,USD,2025-09-29,mobile_app
B036338,P00707,F0489,A067,Business,1424.84,EUR,2025-09-29,website
B036339,P00206,F0537,A076,Economy,122.4,EUR,2025-09-29,website
B036340,P01179,F0652,A018,Economy,186.48,EUR,2025-09-29,website
B036341,P02087,F0381,A013,Premium Economy,368.4,GBP,2025-09-29,website
B036342,P01219,F0297,A058,Economy,146.57,EUR,2025-09-29,mobile_app
B036343,P00785,F0577,A031,Economy,197.85,EUR,2025-09-29,website
B036344,P00375,F0475,A069,Premium Economy,379.24,USD,2025-09-29,travel_agency
B036345,P02009,F0668,A018,Economy,121.34,USD,2025-09-29,mobile_app
B036346,P01394,F0640,A038,Economy,73.35,USD,2025-09-29,travel_agency
B036347,P01208,F0482,A004,Premium Economy,215.63,GBP,2025-09-29,website
B036348,P00924,F0682,A016,Economy,155.71,EUR,2025-09-29,website
B036349,P00040,F0677,A066,Economy,113.19,EUR,2025-09-29,mobile_app
B036350,P00940,F0622,A008,Economy,146.0,EUR,2025-09-29,mobile_app
B036351,P00180,F0677,A066,Business,1369.13,EUR,2025-09-29,mobile_app
B036352,P00485,F0585,A030,Economy,91.14,EUR,2025-09-29,mobile_app
B036353,P00098,F0490,A075,Economy,158.88,EUR,2025-09-29,mobile_app
B036354,P00699,F0541,A010,First,1846.81,EUR,2025-09-29,mobile_app
B036355,P00465,F0653,A069,Business,722.19,GBP,2025-09-29,travel_agency
B036356,P01862,F0607,A023,Economy,168.78,EUR,2025-09-29,call_center
B036357,P00999,F0608,A002,Premium Economy,206.92,EUR,2025-09-29,website
B036358,P01492,F0655,A020,Economy,92.91,USD,2025-09-29,travel_agency
B036359,P01612,F0687,A016,Business,952.18,GBP,2025-09-29,mobile_app
B036360,P02036,F0561,A037,Economy,162.25,EUR,2025-09-29,website
B036361,P01695,F0521,A014,Economy,96.5,GBP,2025-09-29,mobile_app
B036362,P01411,F0576,A078,Economy,195.77,EUR,2025-09-29,website
B036363,P00711,F0485,A022,Business,1159.93,USD,2025-09-29,website
B036364,P01583,F0644,A058,Economy,166.76,EUR,2025-09-29,mobile_app
B036365,P01230,F0482,A004,First,1490.71,USD,2025-09-29,website
B036366,P01051,F0255,A061,Business,948.59,USD,2025-09-29,website
B036367,P00153,F0318,A010,Premium Economy,259.18,USD,2025-09-29,website
B036368,P00605,F0517,A050,Business,574.27,USD,2025-09-29,call_center
B036369,P01313,F0657,A007,Economy,87.69,GBP,2025-09-29,mobile_app
B036370,P02173,F0550,A073,Economy,98.26,USD,2025-09-29,website
B036371,P01269,F0559,A018,Business,1330.01,EUR,2025-09-29,mobile_app
B036372,P01837,F0614,A056,Business,1212.16,EUR,2025-09-29,website
B036373,P00531,F0647,A069,Business,1204.95,EUR,2025-09-29,website
B036374,P00173,F0482,A004,Economy,160.47,USD,2025-09-29,mobile_app
B036375,P00865,F0026,A068,Premium Economy,373.07,USD,2025-09-29,website
B036376,P00731,F0573,A031,Economy,132.89,EUR,2025-09-29,mobile_app
B036377,P00124,F0623,A068,Premium Economy,452.09,EUR,2025-09-29,mobile_app
B036378,P01007,F0610,A081,Economy,90.18,EUR,2025-09-29,mobile_app
B036379,P02110,F0669,A069,Economy,73.87,GBP,2025-09-29,website
B036380,P01657,F0674,A058,Economy,133.18,USD,2025-09-29,travel_agency
B036381,P01117,F0653,A069,Economy,188.76,GBP,2025-09-29,travel_agency
B036382,P01382,F0612,A078,First,3031.72,USD,2025-09-29,website
B036383,P01405,F0010,A001,Economy,164.93,USD,2025-09-29,website
B036384,P01847,F0545,A042,Economy,194.59,EUR,2025-09-29,website
B036385,P01304,F0668,A018,Economy,161.55,EUR,2025-09-29,mobile_app
B036386,P00081,F0599,A047,Economy,107.48,GBP,2025-09-29,website
B036387,P01459,F0553,A032,Premium Economy,482.37,EUR,2025-09-29,mobile_app
B036388,P00537,F0686,A040,Business,810.81,EUR,2025-09-29,travel_agency
B036389,P01701,F0607,A023,Business,582.22,GBP,2025-09-29,website
B036390,P01053,F0568,A013,First,1495.65,EUR,2025-09-29,website
B036391,P01355,F0486,A005,Economy,137.37,GBP,2025-09-29,website
B036392,P00402,F0557,A063,Economy,143.31,USD,2025-09-29,website
B036393,P01002,F0533,A013,Economy,104.33,GBP,2025-09-29,website
B036394,P00074,F0654,A038,Business,1011.64,EUR,2025-09-29,website
B036395,P00459,F0639,A076,Economy,194.49,USD,2025-09-29,mobile_app
B036396,P01568,F0544,A061,Premium Economy,265.31,EUR,2025-09-29,travel_agency
B036397,P00755,F0559,A018,Economy,150.32,USD,2025-09-29,website
B036398,P00834,F0541,A010,Economy,90.8,USD,2025-09-29,website
B036399,P00042,F0685,A068,Economy,79.26,USD,2025-09-29,travel_agency
B036400,P00207,F0112,A065,Economy,108.55,EUR,2025-09-29,mobile_app
B036401,P00029,F0685,A068,Economy,137.35,EUR,2025-09-29,mobile_app
B036402,P01810,F0537,A076,Economy,85.75,USD,2025-09-29,travel_agency
B036403,P02069,F0596,A066,Economy,167.83,GBP,2025-09-29,travel_agency
B036404,P01896,F0665,A071,Economy,175.44,USD,2025-09-29,website
B036405,P01420,F0549,A041,Economy,161.46,USD,2025-09-29,website
B036406,P00096,F0226,A012,Economy,167.13,EUR,2025-09-29,travel_agency
B036407,P00514,F0662,A035,Economy,87.88,USD,2025-09-29,website
B036408,P00852,F0560,A023,Economy,135.3,EUR,2025-09-29,website
B036409,P01713,F0573,A031,Economy,118.35,EUR,2025-09-29,website
B036410,P02004,F0482,A004,Business,770.57,USD,2025-09-29,website
B036411,P02153,F0598,A001,Economy,97.69,USD,2025-09-29,travel_agency
B036412,P01621,F0626,A005,Economy,101.95,USD,2025-09-29,travel_agency
B036413,P00718,F0630,A022,Economy,195.1,USD,2025-09-29,travel_agency
B036414,P01149,F0617,A031,Economy,188.4,EUR,2025-09-29,travel_agency
B036415,P00662,F0551,A060,Business,729.03,GBP,2025-09-29,mobile_app
B036416,P00165,F0565,A006,Premium Economy,254.3,USD,2025-09-29,call_center
B036417,P00906,F0669,A069,Business,1080.25,USD,2025-09-29,mobile_app
B036418,P01549,F0644,A058,Economy,161.86,GBP,2025-09-29,website
B036419,P01848,F0674,A058,Economy,102.75,EUR,2025-09-29,website
B036420,P00063,F0563,A061,Economy,156.46,EUR,2025-09-29,travel_agency
B036421,P00861,F0514,A052,Business,788.0,EUR,2025-09-29,travel_agency
B036422,P00663,F0538,A003,First,2428.35,USD,2025-09-29,website
B036423,P01177,F0636,A013,Business,1388.33,USD,2025-09-29,website
B036424,P00096,F0612,A078,Economy,73.71,EUR,2025-09-29,website
B036425,P00468,F0647,A069,Business,1292.53,EUR,2025-09-29,website
B036426,P02084,F0673,A038,Economy,152.07,EUR,2025-09-29,travel_agency
B036427,P01305,F0631,A015,Economy,194.9,USD,2025-09-29,travel_agency
B036428,P01870,F0643,A066,Economy,139.65,USD,2025-09-29,website
B036429,P01734,F0614,A056,Economy,154.38,USD,2025-09-29,travel_agency
B036430,P01287,F0634,A042,Economy,189.28,EUR,2025-09-29,travel_agency
B036431,P01379,F0226,A012,Economy,175.42,GBP,2025-09-29,website
B036432,P00072,F0680,A007,Economy,179.76,EUR,2025-09-29,website
B036433,P00557,F0112,A065,Business,649.36,EUR,2025-09-29,website
B036434,P00040,F0482,A004,Premium Economy,438.18,EUR,2025-09-29,travel_agency
B036435,P01826,F0557,A063,Economy,108.52,EUR,2025-09-29,call_center
B036436,P00959,F0545,A042,Premium Economy,315.36,EUR,2025-09-29,mobile_app
B036437,P00710,F0594,A062,Premium Economy,191.2,EUR,2025-09-29,website
B036438,P01788,F0688,A019,Economy,138.08,EUR,2025-09-29,website
B036439,P01897,F0442,A007,Premium Economy,423.45,USD,2025-09-29,website
B036440,P01060,F0497,A074,Economy,149.53,USD,2025-09-29,travel_agency
B036441,P00919,F0639,A076,Economy,91.8,EUR,2025-09-29,website
B036442,P01910,F0656,A081,Economy,135.37,USD,2025-09-29,mobile_app
B036443,P01163,F0617,A031,Economy,132.24,USD,2025-09-29,website
B036444,P01257,F0680,A007,Economy,85.28,USD,2025-09-29,website
B036445,P00032,F0665,A071,Economy,100.34,EUR,2025-09-29,mobile_app
B036446,P01416,F0538,A003,Premium Economy,212.86,EUR,2025-09-29,website
B036447,P01459,F0444,A046,Premium Economy,257.28,USD,2025-09-29,travel_agency
B036448,P02184,F0588,A062,Premium Economy,467.08,EUR,2025-09-29,mobile_app
B036449,P00303,F0572,A071,Economy,197.95,USD,2025-09-29,website
B036450,P01714,F0589,A002,Premium Economy,350.74,USD,2025-09-29,travel_agency
B036451,P01472,F0659,A021,Economy,102.04,USD,2025-09-29,website
B036452,P01254,F0656,A081,Premium Economy,475.66,EUR,2025-09-29,travel_agency
B036453,P00021,F0641,A055,Business,972.16,EUR,2025-09-29,website
B036454,P00787,F0226,A012,Premium Economy,192.48,USD,2025-09-29,website
B036455,P00277,F0642,A080,Premium Economy,272.56,EUR,2025-09-29,website
B036456,P01811,F0584,A049,Economy,112.51,EUR,2025-09-29,website
B036457,P02171,F0596,A066,Economy,132.31,EUR,2025-09-29,website
B036458,P00982,F0612,A078,Economy,111.84,USD,2025-09-29,website
B036459,P01680,F0493,A012,First,1717.02,EUR,2025-09-29,travel_agency
B036460,P00237,F0626,A005,First,1294.44,USD,2025-09-29,website
B036461,P01376,F0440,A033,Economy,135.2,EUR,2025-09-29,mobile_app
B036462,P01787,F0661,A031,Economy,169.35,EUR,2025-09-29,mobile_app
B036463,P01373,F0442,A007,First,1801.7,USD,2025-09-29,call_center
B036464,P02156,F0571,A002,First,1419.48,USD,2025-09-29,mobile_app
B036465,P01082,F0662,A035,Business,1220.75,EUR,2025-09-29,travel_agency
B036466,P01125,F0633,A067,Economy,185.69,USD,2025-09-29,mobile_app
B036467,P01802,F0669,A069,Economy,91.01,EUR,2025-09-29,website
B036468,P01312,F0659,A021,Premium Economy,457.93,EUR,2025-09-29,mobile_app
B036469,P00483,F0260,A051,Business,1408.04,GBP,2025-09-29,travel_agency
B036470,P01139,F0630,A022,Premium Economy,259.05,EUR,2025-09-29,mobile_app
B036471,P00952,F0499,A030,Economy,176.96,EUR,2025-09-29,website
B036472,P00644,F0585,A030,Economy,148.65,EUR,2025-09-29,website
B036473,P00174,F0602,A044,Economy,170.28,EUR,2025-09-29,website
B036474,P01045,F0592,A057,Economy,76.88,EUR,2025-09-29,website
B036475,P00275,F0538,A003,Business,1135.45,USD,2025-09-29,mobile_app
B036476,P02210,F0661,A031,Business,1301.69,EUR,2025-09-29,website
B036477,P01855,F0678,A055,Economy,183.16,EUR,2025-09-29,mobile_app
B036478,P00253,F0255,A061,Economy,76.93,EUR,2025-09-29,travel_agency
B036479,P01244,F0661,A031,Premium Economy,260.18,USD,2025-09-29,website
B036480,P00692,F0686,A040,First,1578.32,USD,2025-09-29,website
B036481,P00487,F0659,A021,Business,983.99,USD,2025-09-29,website
B036482,P00267,F0659,A021,Economy,82.91,EUR,2025-09-29,travel_agency
B036483,P01452,F0559,A018,Economy,130.71,USD,2025-09-29,website
B036484,P01906,F0545,A042,Economy,74.88,EUR,2025-09-29,mobile_app
B036485,P01592,F0557,A063,Economy,85.53,USD,2025-09-29,mobile_app
B036486,P02076,F0623,A068,Premium Economy,306.74,USD,2025-09-29,website
B036487,P02180,F0584,A049,Economy,185.15,USD,2025-09-29,website
B036488,P01859,F0641,A055,Economy,141.48,USD,2025-09-29,travel_agency
B036489,P00524,F0523,A013,Economy,119.55,USD,2025-09-29,website
B036490,P01286,F0627,A025,Economy,176.27,EUR,2025-09-29,website
B036491,P00757,F0493,A012,Premium Economy,386.78,EUR,2025-09-29,travel_agency
B036492,P00451,F0527,A042,Business,957.27,EUR,2025-09-29,website
B036493,P01934,F0527,A042,Economy,120.36,GBP,2025-09-29,website
B036494,P01931,F0651,A032,Premium Economy,475.18,EUR,2025-09-29,mobile_app
B036495,P02010,F0517,A050,First,2186.7,EUR,2025-09-29,website
B036496,P01840,F0226,A012,Premium Economy,317.73,GBP,2025-09-29,website
B036497,P00626,F0657,A007,Business,937.36,EUR,2025-09-29,website
B036498,P00341,F0442,A007,Economy,157.69,EUR,2025-09-29,website
B036499,P00632,F0388,A008,Economy,165.93,EUR,2025-09-29,mobile_app
B036500,P00779,F0010,A001,Economy,151.27,EUR,2025-09-29,mobile_app
B036501,P00468,F0567,A060,Economy,195.01,USD,2025-09-29,website
B036502,P00647,F0570,A064,Premium Economy,210.22,EUR,2025-09-29,website
B036503,P00033,F0528,A054,Business,1139.62,GBP,2025-09-29,mobile_app
B036504,P00462,F0620,A055,Economy,153.84,EUR,2025-09-29,travel_agency
B036505,P01340,F0599,A047,Business,879.74,EUR,2025-09-29,travel_agency
B036506,P01196,F0643,A066,Economy,92.12,USD,2025-09-29,website
B036507,P00612,F0649,A046,Economy,138.57,GBP,2025-09-29,website
B036508,P01736,F0676,A044,Premium Economy,202.31,EUR,2025-09-29,website
B036509,P01548,F0112,A065,Economy,141.48,USD,2025-09-29,website
B036510,P02160,F0642,A080,Economy,163.56,USD,2025-09-29,website
B036511,P00924,F0674,A058,Economy,77.66,EUR,2025-09-29,mobile_app
B036512,P00826,F0660,A073,Business,942.26,EUR,2025-09-29,mobile_app
B036513,P00193,F0526,A021,Economy,170.54,USD,2025-09-29,website
B036514,P00585,F0608,A002,Business,1228.43,USD,2025-09-29,mobile_app
B036515,P00762,F0580,A004,Business,899.85,USD,2025-09-29,website
B036516,P01268,F0584,A049,Economy,104.09,GBP,2025-09-29,mobile_app
B036517,P00851,F0639,A076,Economy,155.42,USD,2025-09-29,mobile_app
B036518,P00532,F0561,A037,Economy,96.23,EUR,2025-09-29,website
B036519,P00864,F0642,A080,Economy,135.24,EUR,2025-09-29,mobile_app
B036520,P01668,F0442,A007,Economy,93.17,GBP,2025-09-29,mobile_app
B036521,P01570,F0671,A012,Business,993.56,GBP,2025-09-29,mobile_app
B036522,P01438,F0255,A061,Economy,156.05,EUR,2025-09-29,website
B036523,P00672,F0557,A063,Economy,169.92,GBP,2025-09-29,call_center
B036524,P01152,F0584,A049,Premium Economy,288.02,EUR,2025-09-29,mobile_app
B036525,P00267,F0582,A010,Economy,164.03,EUR,2025-09-29,website
B036526,P00062,F0551,A060,Economy,99.15,GBP,2025-09-29,website
B036527,P02149,F0662,A035,Economy,142.65,USD,2025-09-29,website
B036528,P02048,F0611,A012,Economy,133.87,USD,2025-09-29,travel_agency
B036529,P02115,F0672,A048,Business,1173.18,USD,2025-09-29,website
B036530,P00977,F0650,A041,Economy,76.22,EUR,2025-09-29,mobile_app
B036531,P00590,F0640,A038,Economy,128.97,USD,2025-09-29,travel_agency
B036532,P02160,F0624,A031,Economy,181.77,USD,2025-09-29,travel_agency
B036533,P01299,F0638,A067,Economy,74.24,USD,2025-09-29,mobile_app
B036534,P00942,F0255,A061,Economy,92.38,USD,2025-09-29,website
B036535,P00525,F0668,A018,Economy,109.19,EUR,2025-09-29,website
B036536,P01826,F0602,A044,Economy,168.3,EUR,2025-09-29,mobile_app
B036537,P01087,F0636,A013,Economy,75.22,USD,2025-09-29,website
B036538,P00171,F0636,A013,Premium Economy,340.56,EUR,2025-09-29,website
B036539,P00446,F0470,A030,Business,1239.42,EUR,2025-09-29,website
B036540,P01870,F0644,A058,Premium Economy,418.29,EUR,2025-09-29,website
B036541,P01730,F0620,A055,Economy,166.44,EUR,2025-09-29,website
B036542,P01106,F0576,A078,Premium Economy,220.85,EUR,2025-09-29,website
B036543,P00274,F0637,A080,Economy,165.91,EUR,2025-09-29,website
B036544,P00657,F0533,A013,First,1864.21,EUR,2025-09-29,call_center
B036545,P00705,F0288,A015,Economy,95.67,USD,2025-09-29,website
B036546,P02120,F0633,A067,Economy,127.88,USD,2025-09-29,mobile_app
B036547,P01316,F0603,A062,Economy,194.46,GBP,2025-09-29,website
B036548,P01836,F0112,A065,First,2076.28,GBP,2025-09-29,website
B036549,P00231,F0678,A055,Premium Economy,451.55,USD,2025-09-29,mobile_app
B036550,P01909,F0683,A035,Business,567.12,USD,2025-09-29,travel_agency
B036551,P00065,F0658,A034,Economy,77.5,EUR,2025-09-29,call_center
B036552,P02099,F0538,A003,Economy,79.24,EUR,2025-09-29,travel_agency
B036553,P01257,F0647,A069,Business,933.84,USD,2025-09-29,website
B036554,P01967,F0528,A054,Premium Economy,423.28,EUR,2025-09-29,travel_agency
B036555,P00968,F0596,A066,First,1734.04,USD,2025-09-29,mobile_app
B036556,P00350,F0585,A030,First,2692.0,USD,2025-09-29,mobile_app
B036557,P00692,F0559,A018,Economy,158.91,EUR,2025-09-29,website
B036558,P01038,F0669,A069,Premium Economy,335.79,GBP,2025-09-29,website
B036559,P01893,F0672,A048,Business,1288.74,EUR,2025-09-29,call_center
B036560,P00089,F0603,A062,Economy,125.64,EUR,2025-09-29,travel_agency
B036561,P00674,F0572,A071,Economy,185.68,USD,2025-09-29,website
B036562,P01680,F0668,A018,Premium Economy,186.89,USD,2025-09-29,mobile_app
B036563,P01231,F0613,A021,First,1396.11,USD,2025-09-29,website
B036564,P00118,F0559,A018,Economy,189.13,USD,2025-09-29,mobile_app
B036565,P00136,F0550,A073,Economy,109.96,EUR,2025-09-29,mobile_app
B036566,P00303,F0255,A061,Economy,167.66,USD,2025-09-29,website
B036567,P00686,F0613,A021,Economy,164.85,USD,2025-09-29,website
B036568,P00287,F0661,A031,Economy,192.49,EUR,2025-09-29,mobile_app
B036569,P00943,F0535,A001,Economy,171.49,EUR,2025-09-29,mobile_app
B036570,P00899,F0611,A012,Economy,122.9,EUR,2025-09-29,travel_agency
B036571,P01103,F0658,A034,Economy,123.8,GBP,2025-09-29,travel_agency
B036572,P00287,F0066,A051,Economy,178.08,GBP,2025-09-29,website
B036573,P01620,F0616,A049,Economy,155.49,EUR,2025-09-29,website
B036574,P00863,F0545,A042,Business,1245.99,USD,2025-09-29,mobile_app
B036575,P01180,F0596,A066,Economy,175.79,EUR,2025-09-29,mobile_app
B036576,P00969,F0526,A021,Premium Economy,477.87,USD,2025-09-29,travel_agency
B036577,P01981,F0010,A001,Economy,94.31,EUR,2025-09-29,website
B036578,P01296,F0538,A003,Economy,168.48,EUR,2025-09-29,travel_agency
B036579,P00395,F0576,A078,Economy,150.47,GBP,2025-09-29,website
B036580,P01047,F0545,A042,First,1329.69,GBP,2025-09-29,website
B036581,P00267,F0549,A041,Premium Economy,266.04,USD,2025-09-29,mobile_app
B036582,P01541,F0381,A013,Economy,172.99,EUR,2025-09-29,website
B036583,P00585,F0591,A063,Economy,164.66,USD,2025-09-29,travel_agency
B036584,P00846,F0553,A032,Premium Economy,323.19,EUR,2025-09-29,call_center
B036585,P01192,F0536,A069,Economy,89.83,USD,2025-09-29,mobile_app
B036586,P00006,F0656,A081,Economy,82.89,USD,2025-09-29,travel_agency
B036587,P01612,F0533,A013,Economy,174.05,EUR,2025-09-29,website
B036588,P02140,F0668,A018,Premium Economy,273.06,USD,2025-09-29,travel_agency
B036589,P02050,F0667,A039,Economy,100.26,GBP,2025-09-29,call_center
B036590,P00879,F0659,A021,First,1347.95,EUR,2025-09-29,website
B036591,P02154,F0603,A062,Business,1047.04,EUR,2025-09-29,website
B036592,P01997,F0627,A025,Economy,174.52,EUR,2025-09-29,website
B036593,P01832,F0673,A038,Economy,140.34,EUR,2025-09-29,mobile_app
B036594,P01594,F0636,A013,Premium Economy,356.3,USD,2025-09-29,mobile_app
B036595,P02187,F0622,A008,Economy,144.22,EUR,2025-09-29,travel_agency
B036596,P01592,F0297,A058,Economy,140.19,GBP,2025-09-29,mobile_app
B036597,P01252,F0640,A038,Economy,122.83,EUR,2025-09-29,mobile_app
B036598,P01883,F0523,A013,Economy,157.97,GBP,2025-09-29,mobile_app
B036599,P00309,F0602,A044,Business,752.82,EUR,2025-09-29,mobile_app
B036600,P01259,F0669,A069,Economy,194.3,EUR,2025-09-29,website
B036601,P01588,F0490,A075,Economy,181.79,EUR,2025-09-29,call_center
B036602,P00777,F0568,A013,Economy,154.19,EUR,2025-09-29,mobile_app
B036603,P00654,F0573,A031,Economy,179.07,EUR,2025-09-29,website
B036604,P02001,F0664,A055,Economy,153.81,EUR,2025-09-29,call_center
B036605,P01926,F0567,A060,Economy,131.62,GBP,2025-09-29,website
B036606,P01631,F0630,A022,Economy,134.8,USD,2025-09-29,travel_agency
B036607,P01607,F0297,A058,Economy,138.54,USD,2025-09-29,mobile_app
B036608,P01438,F0499,A030,Premium Economy,250.88,EUR,2025-09-29,call_center
B036609,P02071,F0004,A075,Economy,161.58,EUR,2025-09-29,mobile_app
B036610,P01868,F0565,A006,Economy,184.01,USD,2025-09-29,mobile_app
B036611,P01473,F0655,A020,Economy,169.72,EUR,2025-09-29,mobile_app
B036612,P00619,F0196,A066,Economy,171.76,EUR,2025-09-29,mobile_app
B036613,P02135,F0499,A030,Economy,178.54,EUR,2025-09-29,call_center
B036614,P01332,F0682,A016,Economy,138.57,EUR,2025-09-29,website
B036615,P02172,F0639,A076,Economy,133.85,EUR,2025-09-29,website
B036616,P02079,F0499,A030,Economy,94.23,GBP,2025-09-29,mobile_app
B036617,P02063,F0684,A068,Economy,193.39,EUR,2025-09-29,call_center
B036618,P02171,F0560,A023,Premium Economy,180.99,USD,2025-09-29,travel_agency
B036619,P01313,F0517,A050,Business,973.99,GBP,2025-09-29,call_center
B036620,P00684,F0497,A074,Economy,87.06,EUR,2025-09-29,mobile_app
B036621,P00308,F0667,A039,Economy,81.43,USD,2025-09-29,mobile_app
B036622,P01302,F0493,A012,Economy,152.74,USD,2025-09-29,website
B036623,P01262,F0630,A022,Economy,104.22,EUR,2025-09-29,mobile_app
B036624,P00499,F0684,A068,Economy,145.0,EUR,2025-09-29,travel_agency
B036625,P01035,F0486,A005,Economy,88.84,EUR,2025-09-29,call_center
B036626,P01540,F0568,A013,Economy,179.66,USD,2025-09-29,website
B036627,P01316,F0637,A080,Economy,188.95,EUR,2025-09-29,travel_agency
B036628,P00477,F0560,A023,Premium Economy,310.3,EUR,2025-09-29,call_center
B036629,P01450,F0475,A069,Economy,110.62,EUR,2025-09-29,website
B036630,P00169,F0533,A013,Premium Economy,375.68,EUR,2025-09-29,mobile_app
B036631,P01828,F0600,A062,Economy,114.03,EUR,2025-09-29,travel_agency
B036632,P00030,F0536,A069,Economy,106.57,EUR,2025-09-29,mobile_app
B036633,P00461,F0526,A021,Economy,87.76,GBP,2025-09-29,mobile_app
B036634,P00589,F0500,A026,Premium Economy,235.42,USD,2025-09-29,mobile_app
B036635,P00862,F0592,A057,Economy,96.23,GBP,2025-09-29,mobile_app
B036636,P02069,F0549,A041,Business,853.48,USD,2025-09-29,mobile_app
B036637,P01393,F0514,A052,Economy,81.08,USD,2025-09-29,website
B036638,P02136,F0550,A073,Economy,118.66,EUR,2025-09-29,travel_agency
B036639,P01031,F0637,A080,Premium Economy,236.73,USD,2025-09-29,mobile_app
B036640,P01191,F0660,A073,Economy,176.65,USD,2025-09-29,mobile_app
B036641,P00770,F0590,A054,Premium Economy,338.45,EUR,2025-09-29,website
B036642,P01912,F0440,A033,First,2284.09,EUR,2025-09-29,travel_agency
B036643,P00455,F0493,A012,Economy,80.39,USD,2025-09-29,travel_agency
B036644,P01675,F0482,A004,Premium Economy,236.97,USD,2025-09-29,travel_agency
B036645,P00136,F0593,A023,Economy,165.8,USD,2025-09-29,website
B036646,P02119,F0686,A040,Premium Economy,302.99,EUR,2025-09-29,website
B036647,P01344,F0563,A061,Economy,195.83,EUR,2025-09-29,website
B036648,P02044,F0566,A040,Economy,159.9,EUR,2025-09-29,website
B036649,P00989,F0493,A012,Business,1085.76,USD,2025-09-29,website
B036650,P01722,F0475,A069,First,1499.21,EUR,2025-09-29,website
B036651,P02081,F0535,A001,Economy,131.66,USD,2025-09-29,travel_agency
B036652,P00258,F0614,A056,Economy,103.88,GBP,2025-09-29,travel_agency
B036653,P02184,F0388,A008,Economy,103.47,GBP,2025-09-29,website
B036654,P00500,F0675,A078,Economy,113.07,EUR,2025-09-29,call_center
B036655,P00635,F0566,A040,Economy,93.98,USD,2025-09-29,mobile_app
B036656,P01486,F0683,A035,Business,789.06,EUR,2025-09-29,website
B036657,P00187,F0486,A005,Economy,124.72,EUR,2025-09-29,mobile_app
B036658,P01309,F0573,A031,Economy,154.12,EUR,2025-09-29,travel_agency
B036659,P02176,F0623,A068,Economy,173.81,USD,2025-09-29,mobile_app
B036660,P00729,F0661,A031,First,1917.64,EUR,2025-09-29,travel_agency
B036661,P00670,F0632,A079,Premium Economy,431.54,EUR,2025-09-29,travel_agency
B036662,P01274,F0576,A078,Economy,154.62,GBP,2025-09-29,website
B036663,P00251,F0523,A013,Premium Economy,448.66,EUR,2025-09-29,call_center
B036664,P01586,F0667,A039,Premium Economy,247.13,USD,2025-09-29,website
B036665,P01558,F0640,A038,Premium Economy,419.15,EUR,2025-09-29,website
B036666,P01431,F0559,A018,Economy,83.94,EUR,2025-09-29,travel_agency
B036667,P01600,F0622,A008,Economy,158.79,EUR,2025-09-29,website
B036668,P00384,F0577,A031,Premium Economy,294.58,USD,2025-09-29,travel_agency
B036669,P01937,F0623,A068,Economy,101.01,EUR,2025-09-29,mobile_app
B036670,P01404,F0641,A055,Economy,95.17,GBP,2025-09-29,website
B036671,P00602,F0589,A002,Business,1305.18,USD,2025-09-29,website
B036672,P01018,F0568,A013,First,2458.85,EUR,2025-09-29,travel_agency
B036673,P02103,F0661,A031,First,2492.12,USD,2025-09-29,website
B036674,P01317,F0625,A067,Premium Economy,301.64,USD,2025-09-29,travel_agency
B036675,P00990,F0650,A041,Business,1070.46,EUR,2025-09-29,mobile_app
B036676,P01890,F0401,A060,Economy,195.13,EUR,2025-09-29,website
B036677,P01001,F0255,A061,Economy,109.09,USD,2025-09-29,website
B036678,P00040,F0397,A074,Economy,143.25,EUR,2025-09-29,website
B036679,P01555,F0381,A013,Economy,171.04,EUR,2025-09-29,mobile_app
B036680,P01082,F0668,A018,Economy,80.72,EUR,2025-09-29,travel_agency
B036681,P00513,F0664,A055,Economy,158.65,EUR,2025-09-29,website
B036682,P00400,F0318,A010,Economy,72.34,EUR,2025-09-29,travel_agency
B036683,P00327,F0661,A031,Economy,93.2,EUR,2025-09-29,website
B036684,P01394,F0614,A056,First,2296.11,EUR,2025-09-29,mobile_app
B036685,P00935,F0538,A003,Business,1379.55,USD,2025-09-29,travel_agency
B036686,P01515,F0255,A061,Economy,97.69,GBP,2025-09-29,travel_agency
B036687,P00279,F0636,A013,Business,1292.22,EUR,2025-09-29,website
B036688,P01338,F0603,A062,Premium Economy,259.95,USD,2025-09-29,travel_agency
B036689,P02179,F0260,A051,Economy,152.46,EUR,2025-09-29,website
B036690,P01047,F0632,A079,Economy,183.65,USD,2025-09-29,website
B036691,P00454,F0318,A010,Economy,184.67,EUR,2025-09-29,call_center
B036692,P01836,F0607,A023,Economy,182.67,EUR,2025-09-29,mobile_app
B036693,P01914,F0669,A069,Premium Economy,249.75,EUR,2025-09-29,website
B036694,P00363,F0686,A040,Economy,98.71,USD,2025-09-29,website
B036695,P01127,F0536,A069,Premium Economy,182.26,USD,2025-09-29,mobile_app
B036696,P01439,F0004,A075,Premium Economy,323.56,EUR,2025-09-29,travel_agency
B036697,P00718,F0682,A016,Economy,146.57,USD,2025-09-29,mobile_app
B036698,P02132,F0685,A068,Economy,119.56,USD,2025-09-29,mobile_app
B036699,P01215,F0645,A053,Premium Economy,440.35,USD,2025-09-29,website
B036700,P01262,F0559,A018,Economy,162.17,USD,2025-09-29,call_center
B036701,P00399,F0137,A039,Premium Economy,384.41,GBP,2025-09-29,website
B036702,P00505,F0681,A079,Premium Economy,284.01,USD,2025-09-29,travel_agency
B036703,P01837,F0634,A042,Economy,162.14,GBP,2025-09-29,website
B036704,P01716,F0584,A049,Business,1058.55,USD,2025-09-29,website
B036705,P01785,F0316,A073,Economy,170.37,USD,2025-09-29,travel_agency
B036706,P01465,F0578,A018,Economy,174.73,GBP,2025-09-29,website
B036707,P00545,F0578,A018,Economy,182.19,EUR,2025-09-29,travel_agency
B036708,P02125,F0670,A048,Premium Economy,190.27,EUR,2025-09-29,mobile_app
B036709,P00467,F0563,A061,Business,1229.34,EUR,2025-09-29,mobile_app
B036710,P00647,F0629,A059,Economy,121.77,USD,2025-09-29,call_center
B036711,P01596,F0500,A026,Economy,175.43,USD,2025-09-29,website
B036712,P01303,F0544,A061,Economy,170.48,EUR,2025-09-29,mobile_app
B036713,P01080,F0489,A067,Premium Economy,465.08,USD,2025-09-29,website
B036714,P01583,F0526,A021,Economy,157.85,USD,2025-09-29,website
B036715,P00208,F0630,A022,Economy,176.24,EUR,2025-09-29,travel_agency
B036716,P01224,F0551,A060,Economy,90.93,EUR,2025-09-29,mobile_app
B036717,P00477,F0642,A080,Business,1085.18,EUR,2025-09-29,website
B036718,P00598,F0442,A007,Business,1100.37,USD,2025-09-29,website
B036719,P00735,F0397,A074,Economy,160.11,EUR,2025-09-29,website
B036720,P01507,F0651,A032,Economy,172.23,EUR,2025-09-29,mobile_app
B036721,P00934,F0599,A047,Economy,178.51,EUR,2025-09-29,website
B036722,P02083,F0578,A018,Economy,84.55,EUR,2025-09-29,travel_agency
B036723,P00784,F0541,A010,Premium Economy,353.46,USD,2025-09-29,mobile_app
B036724,P00079,F0648,A025,Economy,126.14,USD,2025-09-29,website
B036725,P00724,F0578,A018,Economy,81.07,EUR,2025-09-29,mobile_app
B036726,P01681,F0318,A010,Premium Economy,357.83,USD,2025-09-29,website
B036727,P01190,F0576,A078,Economy,145.84,EUR,2025-09-29,website
B036728,P01955,F0444,A046,Premium Economy,304.17,EUR,2025-09-29,website
B036729,P01913,F0583,A077,Premium Economy,338.78,EUR,2025-09-29,call_center
B036730,P02077,F0401,A060,Economy,192.53,EUR,2025-09-29,website
B036731,P00267,F0672,A048,Business,566.7,EUR,2025-09-29,mobile_app
B036732,P02137,F0688,A019,Economy,75.01,EUR,2025-09-29,mobile_app
B036733,P00947,F0602,A044,Premium Economy,450.65,EUR,2025-09-29,website
B036734,P01619,F0538,A003,Premium Economy,275.57,EUR,2025-09-29,travel_agency
B036735,P00773,F0442,A007,Economy,88.8,GBP,2025-09-29,travel_agency
B036736,P00607,F0538,A003,Economy,133.44,EUR,2025-09-29,website
B036737,P00776,F0500,A026,Business,1002.04,USD,2025-09-29,call_center
B036738,P01181,F0511,A035,Economy,131.83,GBP,2025-09-29,website
B036739,P00764,F0638,A067,Economy,165.56,GBP,2025-09-29,travel_agency
B036740,P00774,F0572,A071,Premium Economy,185.68,EUR,2025-09-29,website
B036741,P01744,F0640,A038,Premium Economy,267.28,EUR,2025-09-29,mobile_app
B036742,P01585,F0567,A060,Economy,178.55,EUR,2025-09-29,mobile_app
B036743,P01954,F0491,A017,Premium Economy,405.47,EUR,2025-09-29,website
B036744,P02062,F0026,A068,Premium Economy,348.3,EUR,2025-09-29,mobile_app
B036745,P00037,F0642,A080,Economy,117.28,EUR,2025-09-29,mobile_app
B036746,P00975,F0600,A062,Economy,105.01,EUR,2025-09-29,website
B036747,P01298,F0517,A050,Premium Economy,191.58,GBP,2025-09-29,mobile_app
B036748,P02173,F0620,A055,Economy,126.6,EUR,2025-09-29,website
B036749,P01683,F0381,A013,Economy,108.31,EUR,2025-09-29,mobile_app
B036750,P01306,F0676,A044,Economy,143.91,EUR,2025-09-29,mobile_app
B036751,P01096,F0669,A069,Economy,79.36,GBP,2025-09-29,website
B036752,P00321,F0553,A032,Economy,98.49,USD,2025-09-29,travel_agency
B036753,P02171,F0575,A070,Business,1030.85,GBP,2025-09-29,website
B036754,P00935,F0581,A031,Economy,142.38,USD,2025-09-29,website
B036755,P00996,F0137,A039,Economy,183.34,USD,2025-09-29,mobile_app
B036756,P01944,F0658,A034,Economy,165.03,GBP,2025-09-29,website
B036757,P01783,F0618,A074,Economy,82.33,EUR,2025-09-29,website
B036758,P00172,F0527,A042,Economy,146.08,USD,2025-09-29,travel_agency
B036759,P00681,F0516,A055,Economy,178.83,GBP,2025-09-29,website
B036760,P01250,F0519,A075,Economy,169.29,USD,2025-09-29,website
B036761,P01193,F0650,A041,Economy,189.27,USD,2025-09-29,travel_agency
B036762,P00160,F0645,A053,Economy,159.97,EUR,2025-09-29,mobile_app
B036763,P02100,F0672,A048,Economy,133.04,USD,2025-09-29,website
B036764,P00258,F0526,A021,Economy,97.02,EUR,2025-09-29,mobile_app
B036765,P01719,F0686,A040,Economy,125.11,EUR,2025-09-29,website
B036766,P00968,F0533,A013,Premium Economy,253.74,EUR,2025-09-29,mobile_app
B036767,P01612,F0685,A068,Economy,117.73,USD,2025-09-29,website
B036768,P00570,F0668,A018,Business,1114.46,USD,2025-09-29,mobile_app
B036769,P01015,F0662,A035,Premium Economy,335.99,EUR,2025-09-29,mobile_app
B036770,P01259,F0571,A002,First,1830.52,USD,2025-09-29,call_center
B036771,P00373,F0682,A016,Economy,120.56,EUR,2025-09-29,travel_agency
B036772,P00087,F0622,A008,Economy,180.64,USD,2025-09-29,travel_agency
B036773,P01504,F0662,A035,Business,1141.28,EUR,2025-09-29,mobile_app
B036774,P00293,F0519,A075,Premium Economy,220.89,USD,2025-09-29,website
B036775,P00675,F0381,A013,First,3040.88,USD,2025-09-29,mobile_app
B036776,P01474,F0511,A035,Premium Economy,256.59,USD,2025-09-29,website
B036777,P01760,F0493,A012,Economy,127.39,USD,2025-09-29,website
B036778,P00859,F0652,A018,Economy,173.45,USD,2025-09-29,mobile_app
B036779,P01662,F0670,A048,Premium Economy,183.04,EUR,2025-09-29,mobile_app
B036780,P00048,F0489,A067,Economy,139.26,USD,2025-09-29,travel_agency
B036781,P01887,F0632,A079,Economy,120.75,GBP,2025-09-29,travel_agency
B036782,P00854,F0677,A066,First,2286.28,EUR,2025-09-29,call_center
B036783,P00013,F0318,A010,Economy,93.89,USD,2025-09-29,website
B036784,P00312,F0618,A074,Economy,169.54,EUR,2025-09-29,website
B036785,P00734,F0584,A049,Premium Economy,314.78,USD,2025-09-29,website
B036786,P01779,F0578,A018,Economy,114.1,EUR,2025-09-29,website
B036787,P01056,F0600,A062,Premium Economy,304.4,EUR,2025-09-29,call_center
B036788,P00799,F0598,A001,Economy,153.0,EUR,2025-09-29,travel_agency
B036789,P00477,F0639,A076,Economy,148.8,EUR,2025-09-29,travel_agency
B036790,P01654,F0440,A033,Economy,136.25,EUR,2025-09-29,mobile_app
B036791,P01920,F0585,A030,Economy,197.97,USD,2025-09-29,website
B036792,P00013,F0519,A075,Economy,123.71,USD,2025-09-29,website
B036793,P02116,F0590,A054,Economy,74.56,EUR,2025-09-29,travel_agency
B036794,P02024,F0579,A052,Economy,170.34,EUR,2025-09-29,mobile_app
B036795,P00260,F0608,A002,Economy,182.33,USD,2025-09-29,travel_agency
B036796,P01337,F0656,A081,Economy,145.12,EUR,2025-09-29,website
B036797,P01622,F0397,A074,Economy,95.16,EUR,2025-09-29,website
B036798,P00065,F0580,A004,Economy,180.9,EUR,2025-09-29,call_center
B036799,P02203,F0565,A006,Economy,115.85,EUR,2025-09-29,mobile_app
B036800,P01422,F0499,A030,Economy,142.62,GBP,2025-09-29,travel_agency
B036801,P01287,F0588,A062,Economy,149.22,USD,2025-09-29,travel_agency
B036802,P00666,F0260,A051,Premium Economy,398.17,USD,2025-09-29,website
B036803,P01023,F0581,A031,Premium Economy,483.43,EUR,2025-09-29,travel_agency
B036804,P00897,F0526,A021,Economy,83.42,GBP,2025-09-29,travel_agency
B036805,P01503,F0683,A035,Business,701.58,USD,2025-09-29,website
B036806,P00197,F0576,A078,Economy,131.97,EUR,2025-09-29,travel_agency
B036807,P01936,F0381,A013,Economy,85.48,USD,2025-09-29,website
B036808,P00412,F0582,A010,Economy,86.58,EUR,2025-09-29,website
B036809,P01170,F0687,A016,Premium Economy,470.57,USD,2025-09-29,travel_agency
B036810,P01134,F0563,A061,Economy,167.01,EUR,2025-09-29,travel_agency
B036811,P00664,F0260,A051,Economy,142.91,EUR,2025-09-29,mobile_app
B036812,P00019,F0503,A060,First,3049.4,USD,2025-09-29,website
B036813,P01261,F0623,A068,Economy,108.18,USD,2025-09-29,travel_agency
B036814,P01091,F0444,A046,Economy,178.53,USD,2025-09-29,website
B036815,P00491,F0683,A035,Economy,177.08,EUR,2025-09-29,website
B036816,P02081,F0687,A016,Economy,186.69,USD,2025-09-29,website
B036817,P00943,F0297,A058,First,1855.7,GBP,2025-09-29,travel_agency
B036818,P00318,F0571,A002,Economy,159.62,USD,2025-09-29,mobile_app
B036819,P00379,F0580,A004,Economy,91.5,USD,2025-09-29,website
B036820,P00993,F0680,A007,Economy,107.45,EUR,2025-09-29,website
B036821,P00139,F0643,A066,Economy,98.52,USD,2025-09-29,travel_agency
B036822,P01008,F0624,A031,Premium Economy,481.63,EUR,2025-09-29,website
B036823,P01765,F0538,A003,Economy,166.48,EUR,2025-09-29,travel_agency
B036824,P01261,F0619,A038,Economy,169.88,GBP,2025-09-29,travel_agency
B036825,P01013,F0545,A042,First,2981.0,EUR,2025-09-29,website
B036826,P02080,F0678,A055,Economy,124.22,EUR,2025-09-29,website
B036827,P02099,F0551,A060,Economy,109.43,USD,2025-09-29,website
B036828,P00158,F0381,A013,Economy,166.07,EUR,2025-09-29,website
B036829,P01711,F0596,A066,Economy,125.35,EUR,2025-09-29,website
B036830,P01518,F0578,A018,Premium Economy,223.9,USD,2025-09-29,call_center
B036831,P00283,F0640,A038,Economy,179.31,USD,2025-09-29,mobile_app
B036832,P00756,F0004,A075,Economy,126.98,EUR,2025-09-29,mobile_app
B036833,P00501,F0503,A060,Economy,95.34,EUR,2025-09-29,travel_agency
B036834,P00722,F0568,A013,Economy,97.76,EUR,2025-09-29,website
B036835,P00183,F0625,A067,Business,1142.22,GBP,2025-09-29,website
B036836,P01098,F0666,A038,Business,1418.84,EUR,2025-09-29,website
B036837,P01471,F0565,A006,Economy,168.52,EUR,2025-09-29,call_center
B036838,P01635,F0603,A062,Economy,190.43,EUR,2025-09-29,website
B036839,P00705,F0670,A048,Economy,77.07,EUR,2025-09-29,mobile_app
B036840,P00894,F0603,A062,Economy,178.52,EUR,2025-09-29,website
B036841,P00486,F0516,A055,Economy,187.46,USD,2025-09-29,mobile_app
B036842,P01839,F0549,A041,Business,792.45,EUR,2025-09-29,mobile_app
B036843,P01900,F0671,A012,Business,1393.69,USD,2025-09-29,mobile_app
B036844,P00874,F0639,A076,Economy,92.16,EUR,2025-09-29,website
B036845,P02091,F0526,A021,Economy,114.33,EUR,2025-09-29,mobile_app
B036846,P01593,F0639,A076,Economy,97.13,USD,2025-09-29,website
B036847,P01792,F0598,A001,Economy,153.39,EUR,2025-09-29,mobile_app
B036848,P01717,F0579,A052,Economy,196.79,EUR,2025-09-29,website
B036849,P00906,F0636,A013,Economy,149.1,USD,2025-09-29,mobile_app
B036850,P01343,F0470,A030,Economy,87.11,USD,2025-09-29,mobile_app
B036851,P01713,F0603,A062,Business,1128.83,USD,2025-09-29,travel_agency
B036852,P01379,F0497,A074,Economy,133.91,EUR,2025-09-29,website
B036853,P00018,F0490,A075,Business,1339.25,GBP,2025-09-29,call_center
B036854,P01376,F0603,A062,First,2411.13,EUR,2025-09-29,mobile_app
B036855,P00673,F0632,A079,Economy,99.03,EUR,2025-09-29,mobile_app
B036856,P00853,F0572,A071,Premium Economy,293.29,USD,2025-09-29,mobile_app
B036857,P00406,F0629,A059,Business,1081.68,GBP,2025-09-29,call_center
B036858,P01486,F0066,A051,First,2694.39,EUR,2025-09-29,mobile_app
B036859,P01499,F0627,A025,Economy,137.58,USD,2025-09-29,website
B036860,P02173,F0622,A008,Economy,72.54,EUR,2025-09-29,website
B036861,P00648,F0561,A037,Premium Economy,188.41,USD,2025-09-29,mobile_app
B036862,P00864,F0550,A073,Economy,111.94,EUR,2025-09-29,website
B036863,P01025,F0666,A038,Premium Economy,181.13,EUR,2025-09-29,travel_agency
B036864,P00074,F0595,A005,Premium Economy,333.74,USD,2025-09-29,travel_agency
B036865,P00949,F0493,A012,Premium Economy,324.81,USD,2025-09-29,website
B036866,P01839,F0470,A030,Economy,111.61,EUR,2025-09-29,website
B036867,P00610,F0605,A067,Economy,148.88,GBP,2025-09-29,mobile_app
B036868,P02006,F0636,A013,Premium Economy,440.78,USD,2025-09-29,website
B036869,P01299,F0610,A081,Economy,126.36,EUR,2025-09-29,website
B036870,P01542,F0588,A062,Premium Economy,431.32,USD,2025-09-29,website
B036871,P00998,F0470,A030,Business,997.06,USD,2025-09-29,travel_agency
B036872,P00711,F0679,A068,Business,1069.68,USD,2025-09-29,website
B036873,P01351,F0595,A005,Premium Economy,259.28,EUR,2025-09-29,travel_agency
B036874,P00416,F0618,A074,Economy,86.4,USD,2025-09-29,mobile_app
B036875,P00754,F0541,A010,Business,689.94,EUR,2025-09-29,website
B036876,P00283,F0513,A033,Economy,171.44,USD,2025-09-29,travel_agency
B036877,P01388,F0582,A010,Business,1392.3,USD,2025-09-29,travel_agency
B036878,P00098,F0527,A042,Business,876.49,EUR,2025-09-29,travel_agency
B036879,P01014,F0652,A018,Economy,156.02,USD,2025-09-29,website
B036880,P00029,F0528,A054,Economy,119.83,USD,2025-09-29,website
B036881,P01097,F0620,A055,Economy,74.94,USD,2025-09-29,website
B036882,P00509,F0566,A040,Economy,160.14,EUR,2025-09-29,website
B036883,P00933,F0559,A018,Economy,79.49,GBP,2025-09-29,mobile_app
B036884,P01001,F0444,A046,Economy,80.51,EUR,2025-09-29,mobile_app
B036885,P00130,F0679,A068,Economy,160.18,EUR,2025-09-29,mobile_app
B036886,P00741,F0658,A034,Economy,191.34,GBP,2025-09-29,website
B036887,P00171,F0485,A022,Economy,111.85,EUR,2025-09-29,call_center
B036888,P01358,F0560,A023,Economy,83.12,USD,2025-09-29,website
B036889,P01604,F0516,A055,Economy,122.05,EUR,2025-09-29,travel_agency
B036890,P01830,F0628,A048,First,2583.51,USD,2025-09-29,website
B036891,P00340,F0523,A013,Premium Economy,328.04,GBP,2025-09-29,website
B036892,P00741,F0288,A015,Business,1076.57,GBP,2025-09-29,website
B036893,P01464,F0650,A041,Economy,172.87,GBP,2025-09-29,website
B036894,P00635,F0673,A038,Economy,158.19,USD,2025-09-29,mobile_app
B036895,P02148,F0633,A067,Economy,105.83,EUR,2025-09-29,website
B036896,P00632,F0640,A038,Economy,121.05,EUR,2025-09-29,mobile_app
B036897,P00969,F0688,A019,Premium Economy,455.07,EUR,2025-09-29,mobile_app
B036898,P00532,F0670,A048,Economy,186.08,USD,2025-09-29,website
B036899,P00027,F0527,A042,Economy,105.31,EUR,2025-09-29,website
B036900,P00491,F0490,A075,Business,860.59,GBP,2025-09-29,mobile_app
B036901,P01524,F0316,A073,Economy,127.7,USD,2025-09-29,mobile_app
B036902,P01012,F0567,A060,Premium Economy,186.38,EUR,2025-09-29,website
B036903,P01701,F0630,A022,Economy,110.86,USD,2025-09-29,travel_agency
B036904,P01412,F0650,A041,Economy,196.81,GBP,2025-09-29,mobile_app
B036905,P00658,F0676,A044,Premium Economy,306.92,GBP,2025-09-29,mobile_app
B036906,P00143,F0633,A067,Business,1225.82,EUR,2025-09-29,mobile_app
B036907,P02193,F0010,A001,Economy,174.89,USD,2025-09-29,website
B036908,P01043,F0652,A018,First,2032.87,EUR,2025-09-29,mobile_app
B036909,P00341,F0600,A062,First,1544.72,USD,2025-09-29,mobile_app
B036910,P00870,F0589,A002,Economy,158.07,GBP,2025-09-29,call_center
B036911,P00909,F0624,A031,Economy,152.12,EUR,2025-09-29,travel_agency
B036912,P00348,F0397,A074,Premium Economy,328.06,USD,2025-09-29,website
B036913,P02202,F0482,A004,Economy,195.69,EUR,2025-09-29,website
B036914,P01950,F0518,A025,Economy,192.46,EUR,2025-09-29,website
B036915,P01752,F0631,A015,Economy,73.08,USD,2025-09-29,call_center
B036916,P01587,F0066,A051,Economy,128.87,EUR,2025-09-29,website
B036917,P00835,F0570,A064,Premium Economy,275.28,USD,2025-09-29,mobile_app
B036918,P01083,F0683,A035,Economy,113.34,USD,2025-09-29,travel_agency
B036919,P00774,F0577,A031,Economy,120.33,USD,2025-09-29,mobile_app
B036920,P00305,F0444,A046,Economy,142.92,EUR,2025-09-29,mobile_app
B036921,P01252,F0659,A021,Premium Economy,277.35,EUR,2025-09-29,website
B036922,P00964,F0622,A008,Economy,116.0,EUR,2025-09-29,website
B036923,P00283,F0657,A007,First,2270.04,USD,2025-09-29,mobile_app
B036924,P01628,F0684,A068,Economy,109.87,GBP,2025-09-29,travel_agency
B036925,P02112,F0470,A030,Economy,167.17,USD,2025-09-29,website
B036926,P00066,F0594,A062,First,2088.33,USD,2025-09-29,website
B036927,P01791,F0490,A075,Economy,172.45,EUR,2025-09-29,website
B036928,P00657,F0657,A007,Economy,149.99,EUR,2025-09-29,travel_agency
B036929,P01107,F0653,A069,Premium Economy,432.34,GBP,2025-09-29,website
B036930,P01926,F0381,A013,Business,990.14,EUR,2025-09-29,website
B036931,P01574,F0681,A079,Economy,138.79,EUR,2025-09-29,travel_agency
B036932,P00418,F0657,A007,Economy,91.12,EUR,2025-09-29,mobile_app
B036933,P00808,F0537,A076,Economy,85.61,USD,2025-09-29,website
B036934,P01934,F0603,A062,Economy,111.24,GBP,2025-09-29,travel_agency
B036935,P01374,F0112,A065,Premium Economy,185.27,EUR,2025-09-29,website
B036936,P01998,F0590,A054,Premium Economy,284.43,USD,2025-09-29,website
B036937,P02172,F0627,A025,Premium Economy,232.41,USD,2025-09-29,mobile_app
B036938,P01223,F0499,A030,Economy,184.43,USD,2025-09-29,call_center
B036939,P01141,F0316,A073,Economy,175.32,USD,2025-09-29,mobile_app
B036940,P02012,F0568,A013,Economy,105.33,USD,2025-09-29,website
B036941,P00702,F0591,A063,Economy,75.64,EUR,2025-09-29,mobile_app
B036942,P00322,F0588,A062,Economy,136.91,EUR,2025-09-29,mobile_app
B036943,P00095,F0567,A060,Economy,112.76,USD,2025-09-29,website
B036944,P00145,F0444,A046,Economy,177.39,USD,2025-09-29,call_center
B036945,P00544,F0560,A023,Economy,106.99,USD,2025-09-29,call_center
B036946,P00101,F0564,A042,Economy,115.1,USD,2025-09-29,website
B036947,P00714,F0682,A016,Economy,105.36,GBP,2025-09-29,mobile_app
B036948,P01492,F0666,A038,Economy,119.99,EUR,2025-09-29,website
B036949,P00386,F0544,A061,Economy,99.64,USD,2025-09-29,website
B036950,P00476,F0578,A018,Premium Economy,273.97,USD,2025-09-29,travel_agency
B036951,P01843,F0648,A025,Economy,93.44,USD,2025-09-29,travel_agency
B036952,P02050,F0470,A030,Business,569.93,GBP,2025-09-29,mobile_app
B036953,P02177,F0600,A062,Economy,150.91,EUR,2025-09-29,website
B036954,P01784,F0557,A063,Premium Economy,339.67,USD,2025-09-29,mobile_app
B036955,P00454,F0503,A060,Economy,128.4,EUR,2025-09-29,website
B036956,P01044,F0526,A021,Economy,116.46,USD,2025-09-29,website
B036957,P00720,F0687,A016,Economy,103.66,USD,2025-09-29,mobile_app
B036958,P02138,F0650,A041,Economy,95.95,EUR,2025-09-29,travel_agency
B036959,P01004,F0497,A074,Economy,136.15,GBP,2025-09-29,website
B036960,P00541,F0670,A048,Economy,178.96,USD,2025-09-29,website
B036961,P01059,F0575,A070,First,1681.53,EUR,2025-09-29,mobile_app
B036962,P02144,F0503,A060,Business,955.91,EUR,2025-09-29,mobile_app
B036963,P00245,F0493,A012,Economy,160.16,GBP,2025-09-29,mobile_app
B036964,P00283,F0535,A001,Economy,85.41,USD,2025-09-29,website
B036965,P01900,F0616,A049,Economy,173.92,EUR,2025-09-29,travel_agency
B036966,P02159,F0475,A069,Economy,137.67,USD,2025-09-29,travel_agency
B036967,P00319,F0260,A051,Economy,112.48,EUR,2025-09-29,website
B036968,P01752,F0485,A022,Economy,115.37,USD,2025-09-29,website
B036969,P00377,F0682,A016,Business,1256.81,USD,2025-09-29,website
B036970,P00241,F0602,A044,Economy,158.34,USD,2025-09-29,website
B036971,P00358,F0673,A038,Premium Economy,362.85,GBP,2025-09-29,travel_agency
B036972,P01468,F0534,A076,Economy,115.32,GBP,2025-09-29,website
B036973,P01742,F0563,A061,Economy,156.39,EUR,2025-09-29,website
B036974,P00407,F0648,A025,Economy,158.68,EUR,2025-09-29,call_center
B036975,P01270,F0551,A060,Economy,166.26,USD,2025-09-29,call_center
B036976,P01425,F0442,A007,Economy,173.93,USD,2025-09-29,mobile_app
B036977,P01519,F0684,A068,First,1194.14,GBP,2025-09-29,mobile_app
B036978,P01056,F0614,A056,Economy,161.34,EUR,2025-09-29,website
B036979,P01484,F0517,A050,Economy,173.1,EUR,2025-09-29,mobile_app
B036980,P01264,F0561,A037,Economy,176.08,EUR,2025-09-29,mobile_app
B036981,P00124,F0653,A069,Economy,139.24,EUR,2025-09-29,website
B036982,P00470,F0665,A071,Premium Economy,337.9,USD,2025-09-29,mobile_app
B036983,P00216,F0609,A005,Premium Economy,287.36,EUR,2025-09-29,website
B036984,P01230,F0497,A074,Economy,111.85,EUR,2025-09-29,website
B036985,P01380,F0576,A078,Economy,109.22,EUR,2025-09-29,mobile_app
B036986,P01998,F0683,A035,Economy,183.94,USD,2025-09-29,mobile_app
B036987,P00970,F0670,A048,Business,932.49,EUR,2025-09-29,website
B036988,P00947,F0678,A055,Economy,91.46,EUR,2025-09-29,mobile_app
B036989,P01421,F0661,A031,Economy,159.21,EUR,2025-09-29,website
B036990,P02101,F0624,A031,Economy,191.82,EUR,2025-09-29,mobile_app
B036991,P01238,F0565,A006,Business,878.31,EUR,2025-09-29,travel_agency
B036992,P00372,F0644,A058,Economy,149.42,GBP,2025-09-29,mobile_app
B036993,P01698,F0625,A067,Premium Economy,258.44,USD,2025-09-29,website
B036994,P00039,F0489,A067,Economy,175.65,EUR,2025-09-29,mobile_app
B036995,P00579,F0608,A002,Economy,85.22,EUR,2025-09-29,website
B036996,P01426,F0559,A018,Economy,94.17,USD,2025-09-29,website
B036997,P00394,F0511,A035,Economy,103.99,EUR,2025-09-29,mobile_app
B036998,P01583,F0297,A058,Business,651.3,EUR,2025-09-29,mobile_app
B036999,P02132,F0497,A074,Economy,93.38,EUR,2025-09-29,website
B037000,P00703,F0500,A026,Economy,196.05,USD,2025-09-29,website
B037001,P01164,F0401,A060,Economy,181.11,GBP,2025-09-29,mobile_app
B037002,P02035,F0611,A012,Premium Economy,392.57,USD,2025-09-29,mobile_app
B037003,P01005,F0534,A076,Business,591.86,EUR,2025-09-29,website
B037004,P01499,F0611,A012,Premium Economy,382.76,USD,2025-09-29,call_center
B037005,P01331,F0686,A040,Economy,189.81,USD,2025-09-29,mobile_app
B037006,P00127,F0578,A018,Premium Economy,363.64,USD,2025-09-29,website
B037007,P01510,F0440,A033,Economy,123.25,EUR,2025-09-29,mobile_app
B037008,P00561,F0679,A068,Economy,143.48,EUR,2025-09-29,travel_agency
B037009,P01479,F0026,A068,Economy,191.7,USD,2025-09-29,call_center
B037010,P02097,F0397,A074,Economy,116.42,EUR,2025-09-29,website
B037011,P01407,F0649,A046,Economy,91.45,EUR,2025-09-29,call_center
B037012,P01685,F0226,A012,Economy,87.94,GBP,2025-09-29,website
B037013,P01506,F0607,A023,Economy,150.24,EUR,2025-09-29,website
B037014,P00423,F0644,A058,Economy,74.87,USD,2025-09-29,website
B037015,P01017,F0571,A002,Economy,129.23,EUR,2025-09-29,call_center
B037016,P00160,F0561,A037,Premium Economy,450.2,USD,2025-09-29,website
B037017,P00049,F0397,A074,Economy,157.87,EUR,2025-09-29,website
B037018,P02108,F0653,A069,Economy,163.39,EUR,2025-09-29,website
B037019,P01841,F0653,A069,Economy,96.43,GBP,2025-09-29,mobile_app
B037020,P01390,F0681,A079,Economy,191.71,EUR,2025-09-29,website
B037021,P00066,F0596,A066,Business,585.47,EUR,2025-09-29,call_center
B037022,P00591,F0661,A031,Economy,80.6,USD,2025-09-29,mobile_app
B037023,P00355,F0685,A068,Economy,112.25,EUR,2025-09-29,website
B037024,P01932,F0640,A038,Economy,166.58,USD,2025-09-29,call_center
B037025,P00659,F0444,A046,Economy,196.07,EUR,2025-09-29,travel_agency
B037026,P01308,F0632,A079,Business,852.06,EUR,2025-09-29,website
B037027,P00264,F0594,A062,Economy,152.19,EUR,2025-09-29,call_center
B037028,P01024,F0623,A068,Economy,175.02,EUR,2025-09-29,website
B037029,P01393,F0600,A062,Premium Economy,280.72,EUR,2025-09-29,travel_agency
B037030,P00244,F0675,A078,Economy,175.92,USD,2025-09-29,travel_agency
B037031,P00032,F0491,A017,Economy,118.54,EUR,2025-09-29,mobile_app
B037032,P00234,F0551,A060,Economy,177.09,USD,2025-09-29,travel_agency
B037033,P00649,F0499,A030,Economy,96.59,EUR,2025-09-29,call_center
B037034,P00388,F0638,A067,Economy,158.76,USD,2025-09-29,mobile_app
B037035,P01808,F0397,A074,Premium Economy,334.06,EUR,2025-09-29,travel_agency
B037036,P00241,F0478,A053,Economy,182.72,EUR,2025-09-29,website
B037037,P00597,F0570,A064,Economy,76.67,GBP,2025-09-29,mobile_app
B037038,P01717,F0478,A053,Economy,94.11,USD,2025-09-29,mobile_app
B037039,P01290,F0534,A076,Economy,119.62,EUR,2025-09-29,website
B037040,P01109,F0567,A060,Economy,92.67,EUR,2025-09-29,mobile_app
B037041,P01877,F0627,A025,Economy,84.69,USD,2025-09-29,website
B037042,P00621,F0297,A058,Economy,138.06,USD,2025-09-29,travel_agency
B037043,P01518,F0485,A022,Premium Economy,350.5,USD,2025-09-29,mobile_app
B037044,P01323,F0582,A010,Economy,103.89,EUR,2025-09-29,travel_agency
B037045,P02135,F0616,A049,Premium Economy,217.38,USD,2025-09-29,call_center
B037046,P00853,F0667,A039,Economy,158.76,USD,2025-09-29,travel_agency
B037047,P00393,F0381,A013,Economy,108.92,GBP,2025-09-29,website
B037048,P01663,F0643,A066,Economy,163.74,USD,2025-09-29,website
B037049,P00802,F0511,A035,Business,1018.64,GBP,2025-09-29,mobile_app
B037050,P00314,F0674,A058,Economy,120.08,EUR,2025-09-29,mobile_app
B037051,P00277,F0629,A059,First,3046.42,EUR,2025-09-29,website
B037052,P01675,F0316,A073,Economy,94.27,EUR,2025-09-29,call_center
B037053,P02009,F0607,A023,Business,954.13,USD,2025-09-29,website
B037054,P01800,F0685,A068,Economy,130.48,USD,2025-09-29,mobile_app
B037055,P02190,F0608,A002,Economy,109.97,EUR,2025-09-29,call_center
B037056,P00185,F0583,A077,Economy,189.2,EUR,2025-09-29,website
B037057,P02179,F0591,A063,Economy,72.56,USD,2025-09-29,website
B037058,P01526,F0651,A032,Economy,96.58,USD,2025-09-29,website
B037059,P00501,F0288,A015,First,2288.71,EUR,2025-09-29,mobile_app
B037060,P00354,F0470,A030,Economy,185.59,EUR,2025-09-29,website
B037061,P00969,F0672,A048,Economy,111.85,EUR,2025-09-29,mobile_app
B037062,P00308,F0595,A005,Economy,190.09,EUR,2025-09-29,website
B037063,P01457,F0576,A078,Economy,87.15,EUR,2025-09-29,mobile_app
B037064,P02071,F0576,A078,Economy,82.27,EUR,2025-09-29,website
B037065,P01629,F0655,A020,Economy,90.34,EUR,2025-09-29,website
B037066,P00649,F0577,A031,Economy,166.23,USD,2025-09-29,call_center
B037067,P01012,F0589,A002,Economy,122.17,USD,2025-09-29,travel_agency
B037068,P01711,F0602,A044,Premium Economy,359.12,USD,2025-09-29,website
B037069,P00413,F0664,A055,Business,1008.0,EUR,2025-09-29,website
B037070,P01972,F0672,A048,Premium Economy,465.76,GBP,2025-09-29,website
B037071,P00927,F0592,A057,Premium Economy,340.17,EUR,2025-09-29,website
B037072,P01252,F0137,A039,Economy,170.55,GBP,2025-09-29,website
B037073,P01889,F0519,A075,Premium Economy,346.63,EUR,2025-09-29,mobile_app
B037074,P00503,F0444,A046,Business,1414.08,EUR,2025-09-29,mobile_app
B037075,P00764,F0260,A051,Economy,174.36,GBP,2025-09-29,website
B037076,P01534,F0592,A057,First,3034.47,EUR,2025-09-29,call_center
B037077,P00075,F0658,A034,Economy,196.64,EUR,2025-09-29,travel_agency
B037078,P01961,F0591,A063,Economy,137.95,EUR,2025-09-29,call_center
B037079,P00776,F0483,A073,Business,848.98,USD,2025-09-29,website
B037080,P00606,F0478,A053,Business,1049.53,EUR,2025-09-29,website
B037081,P01974,F0297,A058,Economy,113.88,EUR,2025-09-29,travel_agency
B037082,P01552,F0617,A031,Economy,134.17,GBP,2025-09-29,website
B037083,P00082,F0683,A035,Business,1237.76,GBP,2025-09-29,website
B037084,P01798,F0567,A060,Economy,174.71,EUR,2025-09-29,website
B037085,P00569,F0485,A022,Economy,83.74,EUR,2025-09-29,website
B037086,P00454,F0523,A013,Premium Economy,245.33,USD,2025-09-29,travel_agency
B037087,P02130,F0527,A042,Economy,90.67,EUR,2025-09-29,website
B037088,P00729,F0639,A076,Economy,97.08,EUR,2025-09-29,mobile_app
B037089,P00252,F0685,A068,Economy,166.85,USD,2025-09-29,website
B037090,P00037,F0660,A073,Economy,175.87,EUR,2025-09-29,website
B037091,P00769,F0673,A038,Economy,154.2,EUR,2025-09-29,travel_agency
B037092,P01072,F0583,A077,Business,1112.76,USD,2025-09-29,website
B037093,P01520,F0577,A031,Economy,194.72,USD,2025-09-29,travel_agency
B037094,P01429,F0675,A078,Economy,110.34,USD,2025-09-29,website
B037095,P00971,F0682,A016,Economy,139.37,EUR,2025-09-29,website
B037096,P00268,F0629,A059,Premium Economy,375.69,EUR,2025-09-29,mobile_app
B037097,P01223,F0397,A074,Premium Economy,447.29,EUR,2025-09-29,travel_agency
B037098,P02193,F0516,A055,Premium Economy,249.15,EUR,2025-09-29,website
B037099,P01768,F0535,A001,Premium Economy,384.57,EUR,2025-09-29,website
B037100,P00607,F0588,A062,Premium Economy,287.33,EUR,2025-09-29,mobile_app
B037101,P01577,F0681,A079,Economy,129.99,USD,2025-09-29,call_center
B037102,P02122,F0511,A035,Economy,197.86,EUR,2025-09-29,mobile_app
B037103,P01374,F0497,A074,Economy,158.54,USD,2025-09-29,website
B037104,P01946,F0665,A071,Business,712.47,USD,2025-09-29,mobile_app
B037105,P00779,F0641,A055,Economy,123.55,GBP,2025-09-29,mobile_app
B037106,P00590,F0614,A056,Economy,130.79,GBP,2025-09-29,website
B037107,P00052,F0483,A073,Business,1028.56,USD,2025-09-29,travel_agency
B037108,P00793,F0536,A069,Business,583.8,USD,2025-09-29,website
B037109,P00534,F0596,A066,Economy,186.83,EUR,2025-09-29,travel_agency
B037110,P00750,F0580,A004,Economy,112.3,EUR,2025-09-29,website
B037111,P01863,F0619,A038,Economy,168.51,EUR,2025-09-29,website
B037112,P02150,F0682,A016,Economy,116.61,USD,2025-09-29,mobile_app
B037113,P00608,F0594,A062,Economy,163.74,USD,2025-09-29,website
B037114,P01348,F0588,A062,Economy,125.02,USD,2025-09-29,website
B037115,P00772,F0478,A053,Business,602.05,GBP,2025-09-29,mobile_app
B037116,P00762,F0678,A055,Economy,172.55,EUR,2025-09-29,website
B037117,P01807,F0528,A054,Economy,153.9,EUR,2025-09-29,travel_agency
B037118,P00476,F0631,A015,Economy,180.18,EUR,2025-09-29,call_center
B037119,P01747,F0517,A050,Economy,184.9,EUR,2025-09-29,mobile_app
B037120,P00021,F0629,A059,Economy,116.3,USD,2025-09-29,travel_agency
B037121,P00885,F0519,A075,Premium Economy,216.65,EUR,2025-09-29,mobile_app
B037122,P00540,F0534,A076,Business,601.3,EUR,2025-09-29,mobile_app
B037123,P00647,F0493,A012,Premium Economy,416.92,EUR,2025-09-29,website
B037124,P00766,F0300,A032,Economy,148.57,USD,2025-09-29,mobile_app
B037125,P01993,F0483,A073,Economy,179.04,GBP,2025-09-29,website
B037126,P01228,F0660,A073,Business,1137.5,EUR,2025-09-29,website
B037127,P00911,F0010,A001,Premium Economy,427.36,EUR,2025-09-29,travel_agency
B037128,P01550,F0590,A054,Business,1329.33,EUR,2025-09-29,travel_agency
B037129,P00189,F0625,A067,Economy,164.91,USD,2025-09-29,website
B037130,P00785,F0683,A035,Economy,105.84,EUR,2025-09-29,call_center
B037131,P01415,F0588,A062,Economy,185.65,USD,2025-09-29,travel_agency
B037132,P00951,F0643,A066,Economy,157.22,EUR,2025-09-29,website
B037133,P00019,F0318,A010,Economy,88.83,EUR,2025-09-29,travel_agency
B037134,P00271,F0567,A060,Economy,72.98,EUR,2025-09-29,website
B037135,P00736,F0470,A030,Business,792.42,USD,2025-09-29,website
B037136,P01038,F0648,A025,Economy,156.1,USD,2025-09-29,website
B037137,P02163,F0642,A080,Economy,131.82,EUR,2025-09-29,travel_agency
B037138,P01371,F0638,A067,Economy,119.48,EUR,2025-09-29,mobile_app
B037139,P01389,F0026,A068,Economy,100.87,USD,2025-09-29,mobile_app
B037140,P01946,F0654,A038,Economy,158.39,USD,2025-09-29,travel_agency
B037141,P00361,F0654,A038,Economy,161.84,EUR,2025-09-29,travel_agency
B037142,P02022,F0618,A074,Economy,80.82,USD,2025-09-29,call_center
B037143,P02162,F0397,A074,Economy,109.42,GBP,2025-09-29,travel_agency
B037144,P00952,F0600,A062,Economy,174.3,EUR,2025-09-29,mobile_app
B037145,P01747,F0575,A070,Economy,85.55,EUR,2025-09-29,mobile_app
B037146,P01484,F0625,A067,Economy,74.72,EUR,2025-09-29,travel_agency
B037147,P01534,F0686,A040,Economy,142.04,EUR,2025-09-29,mobile_app
B037148,P00930,F0527,A042,Premium Economy,445.84,USD,2025-09-29,mobile_app
B037149,P01778,F0526,A021,Economy,165.95,EUR,2025-09-29,website
B037150,P01373,F0660,A073,Premium Economy,253.13,USD,2025-09-29,mobile_app
B037151,P00706,F0632,A079,Economy,77.26,EUR,2025-09-29,mobile_app
B037152,P01121,F0614,A056,Economy,89.73,EUR,2025-09-29,travel_agency
B037153,P01588,F0659,A021,Economy,184.92,EUR,2025-09-29,mobile_app
B037154,P00723,F0618,A074,Economy,116.97,EUR,2025-09-29,travel_agency
B037155,P00770,F0612,A078,Business,1341.0,EUR,2025-09-29,website
B037156,P00745,F0617,A031,Economy,123.04,EUR,2025-09-29,travel_agency
B037157,P01203,F0629,A059,Economy,162.46,EUR,2025-09-29,website
B037158,P01479,F0388,A008,Premium Economy,381.54,GBP,2025-09-29,website
B037159,P01559,F0620,A055,First,2764.83,USD,2025-09-29,travel_agency
B037160,P01326,F0640,A038,Economy,116.67,EUR,2025-09-29,call_center
B037161,P00920,F0640,A038,Economy,133.91,EUR,2025-09-29,website
B037162,P00465,F0594,A062,Economy,123.6,USD,2025-09-29,travel_agency
B037163,P01142,F0568,A013,Premium Economy,402.47,EUR,2025-09-29,website
B037164,P01945,F0688,A019,Premium Economy,476.4,USD,2025-09-29,mobile_app
B037165,P01836,F0544,A061,Economy,116.36,GBP,2025-09-29,mobile_app
B037166,P00909,F0672,A048,Economy,88.74,EUR,2025-09-29,mobile_app
B037167,P00898,F0566,A040,Economy,124.25,EUR,2025-09-29,travel_agency
B037168,P01219,F0649,A046,Economy,113.94,EUR,2025-09-29,mobile_app
B037169,P02087,F0637,A080,Economy,85.52,EUR,2025-09-29,mobile_app
B037170,P00482,F0594,A062,Economy,78.92,GBP,2025-09-29,mobile_app
B037171,P01804,F0381,A013,Economy,189.25,EUR,2025-09-29,travel_agency
B037172,P01895,F0681,A079,Premium Economy,303.64,GBP,2025-09-29,travel_agency
B037173,P01889,F0664,A055,Economy,162.38,EUR,2025-09-29,website
B037174,P02059,F0681,A079,Economy,149.85,USD,2025-09-29,travel_agency
B037175,P00615,F0677,A066,Premium Economy,478.68,USD,2025-09-29,mobile_app
B037176,P00371,F0545,A042,Economy,140.59,USD,2025-09-29,website
B037177,P02142,F0613,A021,Economy,176.0,EUR,2025-09-29,call_center
B037178,P00340,F0614,A056,Premium Economy,276.83,EUR,2025-09-29,website
B037179,P01282,F0557,A063,Economy,189.68,EUR,2025-09-29,website
B037180,P02065,F0618,A074,Economy,111.65,GBP,2025-09-29,mobile_app
B037181,P02060,F0631,A015,Economy,129.76,EUR,2025-09-29,mobile_app
B037182,P02151,F0624,A031,Economy,144.23,USD,2025-09-29,mobile_app
B037183,P00574,F0513,A033,Economy,155.92,USD,2025-09-29,mobile_app
B037184,P00103,F0664,A055,Premium Economy,333.08,USD,2025-09-29,call_center
B037185,P00454,F0613,A021,Economy,108.82,USD,2025-09-29,website
B037186,P01685,F0575,A070,Economy,122.81,USD,2025-09-29,website
B037187,P00142,F0637,A080,Economy,150.46,EUR,2025-09-29,call_center
B037188,P00559,F0196,A066,Economy,83.76,GBP,2025-09-29,mobile_app
B037189,P01315,F0112,A065,Business,895.78,EUR,2025-09-29,travel_agency
B037190,P01015,F0297,A058,Economy,123.22,USD,2025-09-29,website
B037191,P00073,F0638,A067,First,2685.94,EUR,2025-09-29,website
B037192,P00211,F0671,A012,Economy,158.91,EUR,2025-09-29,website
B037193,P00140,F0593,A023,Economy,197.68,USD,2025-09-29,travel_agency
B037194,P01223,F0666,A038,Economy,97.22,EUR,2025-09-29,mobile_app
B037195,P00772,F0683,A035,Premium Economy,394.31,EUR,2025-09-29,travel_agency
B037196,P00640,F0678,A055,Business,866.87,USD,2025-09-29,website
B037197,P01010,F0544,A061,Premium Economy,250.53,GBP,2025-09-29,website
B037198,P02127,F0613,A021,Economy,95.6,USD,2025-09-29,website
B037199,P00137,F0588,A062,Economy,144.03,USD,2025-09-29,website
B037200,P01359,F0591,A063,Premium Economy,447.8,USD,2025-09-29,travel_agency
B037201,P00195,F0672,A048,Economy,156.1,EUR,2025-09-29,mobile_app
B037202,P00532,F0614,A056,Economy,95.4,EUR,2025-09-29,mobile_app
B037203,P00695,F0608,A002,Premium Economy,205.0,EUR,2025-09-29,mobile_app
B037204,P00054,F0567,A060,Premium Economy,453.27,USD,2025-09-29,mobile_app
B037205,P01758,F0564,A042,Economy,154.8,USD,2025-09-29,website
B037206,P00447,F0534,A076,Premium Economy,455.86,GBP,2025-09-29,website
B037207,P01353,F0645,A053,Economy,113.07,USD,2025-09-29,travel_agency
B037208,P01079,F0566,A040,Economy,121.4,USD,2025-09-29,website
B037209,P00842,F0580,A004,Premium Economy,379.01,EUR,2025-09-29,mobile_app
B037210,P00715,F0613,A021,Economy,170.5,EUR,2025-09-29,mobile_app
B037211,P00389,F0489,A067,Economy,195.06,EUR,2025-09-29,website
B037212,P00252,F0657,A007,Economy,185.16,USD,2025-09-29,mobile_app
B037213,P01372,F0470,A030,First,2591.43,EUR,2025-09-29,mobile_app
B037214,P01018,F0573,A031,Economy,189.47,GBP,2025-09-29,website
B037215,P00693,F0255,A061,Premium Economy,444.66,EUR,2025-09-29,website
B037216,P01659,F0622,A008,Economy,145.48,USD,2025-09-29,mobile_app
B037217,P01051,F0591,A063,Economy,161.16,GBP,2025-09-29,website
B037218,P01212,F0620,A055,Economy,187.61,GBP,2025-09-29,call_center
B037219,P01951,F0673,A038,Economy,154.57,EUR,2025-09-29,website
B037220,P02163,F0593,A023,Economy,142.12,EUR,2025-09-29,mobile_app
B037221,P01559,F0609,A005,Premium Economy,401.99,GBP,2025-09-29,website
B037222,P01795,F0612,A078,Economy,91.61,EUR,2025-09-29,mobile_app
B037223,P02041,F0297,A058,Business,1133.71,USD,2025-09-29,mobile_app
B037224,P00966,F0595,A005,Business,1194.42,EUR,2025-09-29,mobile_app
B037225,P01502,F0582,A010,Economy,112.25,USD,2025-09-29,call_center
B037226,P01737,F0609,A005,Economy,92.76,EUR,2025-09-29,mobile_app
B037227,P00939,F0634,A042,First,2604.0,EUR,2025-09-29,website
B037228,P02191,F0563,A061,Economy,88.73,USD,2025-09-29,travel_agency
B037229,P01100,F0112,A065,Economy,196.46,USD,2025-09-29,mobile_app
B037230,P00274,F0567,A060,First,2445.11,EUR,2025-09-29,website
B037231,P02177,F0642,A080,Economy,158.81,EUR,2025-09-29,mobile_app
B037232,P02016,F0664,A055,Economy,165.74,EUR,2025-09-29,website
B037233,P00690,F0475,A069,Economy,157.86,EUR,2025-09-29,mobile_app
B037234,P00628,F0535,A001,Premium Economy,252.39,GBP,2025-09-29,travel_agency
B037235,P00451,F0535,A001,Business,922.59,EUR,2025-09-29,mobile_app
B037236,P00396,F0684,A068,Economy,113.57,USD,2025-09-29,website
B037237,P02162,F0026,A068,Economy,150.93,EUR,2025-09-29,website
B037238,P00844,F0581,A031,Economy,156.98,EUR,2025-09-29,call_center
B037239,P02018,F0636,A013,Premium Economy,448.31,EUR,2025-09-29,travel_agency
B037240,P01475,F0654,A038,Premium Economy,336.6,USD,2025-09-29,mobile_app
B037241,P00684,F0688,A019,Premium Economy,408.35,USD,2025-09-29,website
B037242,P00930,F0631,A015,Economy,119.06,USD,2025-09-29,website
B037243,P00497,F0668,A018,First,1804.66,USD,2025-09-29,travel_agency
B037244,P01669,F0660,A073,Business,1399.38,USD,2025-09-29,mobile_app
B037245,P00154,F0560,A023,Economy,79.56,USD,2025-09-29,mobile_app
B037246,P02109,F0624,A031,Premium Economy,227.96,EUR,2025-09-29,call_center
B037247,P01834,F0634,A042,Premium Economy,236.21,EUR,2025-09-29,travel_agency
B037248,P00222,F0674,A058,Economy,189.72,GBP,2025-09-29,website
B037249,P01773,F0482,A004,Economy,181.8,EUR,2025-09-29,website
B037250,P01928,F0644,A058,Economy,73.13,EUR,2025-09-29,website
B037251,P01133,F0627,A025,Economy,98.2,GBP,2025-09-29,mobile_app
B037252,P01663,F0667,A039,Business,815.75,EUR,2025-09-29,website
B037253,P02148,F0316,A073,Business,1195.96,EUR,2025-09-29,mobile_app
B037254,P01159,F0585,A030,Economy,188.14,EUR,2025-09-29,website
B037255,P01736,F0618,A074,Economy,83.91,EUR,2025-09-29,website
B037256,P00761,F0585,A030,Economy,190.35,GBP,2025-09-29,mobile_app
B037257,P01410,F0561,A037,Economy,160.14,EUR,2025-09-29,mobile_app
B037258,P01813,F0614,A056,Business,975.57,EUR,2025-09-29,mobile_app
B037259,P00485,F0669,A069,Economy,72.01,EUR,2025-09-29,mobile_app
B037260,P00056,F0550,A073,Premium Economy,267.88,USD,2025-09-29,website
B037261,P01312,F0594,A062,Premium Economy,411.45,USD,2025-09-29,mobile_app
B037262,P01918,F0657,A007,Economy,136.2,EUR,2025-09-29,website
B037263,P01353,F0682,A016,Business,614.31,USD,2025-09-29,mobile_app
B037264,P00698,F0609,A005,Economy,169.61,USD,2025-09-29,website
B037265,P00028,F0678,A055,Premium Economy,219.4,EUR,2025-09-29,website
B037266,P00074,F0665,A071,Economy,193.82,USD,2025-09-29,website
B037267,P01518,F0648,A025,Economy,160.02,USD,2025-09-29,mobile_app
B037268,P00609,F0591,A063,Economy,76.05,EUR,2025-09-29,website
B037269,P02129,F0503,A060,Economy,126.32,USD,2025-09-29,website
B037270,P01040,F0513,A033,Business,542.0,USD,2025-09-29,website
B037271,P01925,F0640,A038,Premium Economy,366.94,GBP,2025-09-29,website
B037272,P00140,F0585,A030,Business,716.44,EUR,2025-09-29,mobile_app
B037273,P00355,F0026,A068,Economy,93.64,EUR,2025-09-29,website
B037274,P01848,F0516,A055,Business,1296.76,USD,2025-09-29,website
B037275,P00286,F0685,A068,Business,808.17,EUR,2025-09-29,travel_agency
B037276,P02116,F0626,A005,Economy,144.68,USD,2025-09-29,website
B037277,P01143,F0656,A081,Economy,189.14,GBP,2025-09-29,travel_agency
B037278,P00649,F0482,A004,Economy,173.23,EUR,2025-09-29,travel_agency
B037279,P00364,F0607,A023,Economy,176.77,GBP,2025-09-29,call_center
B037280,P01616,F0535,A001,Business,912.88,USD,2025-09-29,website
B037281,P01312,F0564,A042,Economy,136.42,USD,2025-09-29,website
B037282,P01221,F0475,A069,Economy,118.16,EUR,2025-09-29,travel_agency
B037283,P00279,F0594,A062,Economy,79.73,USD,2025-09-29,website
B037284,P02132,F0297,A058,Economy,107.59,EUR,2025-09-29,website
B037285,P02199,F0633,A067,Economy,193.88,EUR,2025-09-29,mobile_app
B037286,P01902,F0560,A023,Business,556.68,USD,2025-09-29,website
B037287,P01533,F0600,A062,Business,1334.18,USD,2025-09-29,mobile_app
B037288,P00951,F0608,A002,Premium Economy,277.04,EUR,2025-09-29,mobile_app
B037289,P01169,F0648,A025,Economy,142.28,USD,2025-09-29,mobile_app
B037290,P00893,F0300,A032,Business,865.87,EUR,2025-09-29,mobile_app
B037291,P02127,F0401,A060,Business,730.75,USD,2025-09-29,travel_agency
B037292,P00720,F0489,A067,Economy,169.34,EUR,2025-09-29,travel_agency
B037293,P01877,F0592,A057,Economy,141.42,EUR,2025-09-29,travel_agency
B037294,P00988,F0297,A058,Economy,78.93,USD,2025-09-29,website
B037295,P00367,F0581,A031,Premium Economy,361.03,GBP,2025-09-29,website
B037296,P00809,F0565,A006,Economy,182.29,USD,2025-09-29,website
B037297,P00138,F0648,A025,Economy,142.61,EUR,2025-09-29,website
B037298,P00357,F0618,A074,Premium Economy,409.43,EUR,2025-09-29,mobile_app
B037299,P01504,F0614,A056,Economy,148.59,USD,2025-09-29,website
B037300,P02083,F0541,A010,First,2915.49,EUR,2025-09-29,travel_agency
B037301,P01082,F0613,A021,Economy,193.65,GBP,2025-09-29,website
B037302,P01276,F0659,A021,Economy,186.53,USD,2025-09-29,call_center
B037303,P01613,F0598,A001,Business,1199.35,EUR,2025-09-29,website
B037304,P00626,F0629,A059,Business,1383.08,EUR,2025-09-29,website
B037305,P00919,F0549,A041,Premium Economy,243.5,EUR,2025-09-29,mobile_app
B037306,P00298,F0592,A057,Premium Economy,458.98,EUR,2025-09-29,website
B037307,P01248,F0649,A046,Premium Economy,275.5,USD,2025-09-29,website
B037308,P00651,F0591,A063,Premium Economy,342.48,EUR,2025-09-29,mobile_app
B037309,P00007,F0381,A013,Economy,182.58,EUR,2025-09-29,travel_agency
B037310,P00384,F0638,A067,Economy,161.49,EUR,2025-09-29,website
B037311,P00312,F0638,A067,Premium Economy,429.88,USD,2025-09-29,website
B037312,P00323,F0684,A068,Economy,187.87,USD,2025-09-29,website
B037313,P01022,F0605,A067,Economy,74.84,USD,2025-09-29,website
B037314,P01811,F0563,A061,Premium Economy,347.6,GBP,2025-09-29,website
B037315,P02206,F0196,A066,Business,814.65,USD,2025-09-29,website
B037316,P02010,F0599,A047,Economy,174.03,USD,2025-09-29,call_center
B037317,P00773,F0688,A019,Business,675.09,USD,2025-09-29,website
B037318,P02167,F0602,A044,Economy,116.06,USD,2025-09-29,website
B037319,P01320,F0637,A080,Economy,129.16,USD,2025-09-29,mobile_app
B037320,P01060,F0664,A055,Economy,153.44,USD,2025-09-29,website
B037321,P00435,F0661,A031,Economy,169.14,GBP,2025-09-29,website
B037322,P00397,F0609,A005,Economy,107.79,EUR,2025-09-29,website
B037323,P01855,F0196,A066,Economy,184.66,EUR,2025-09-29,website
B037324,P00976,F0545,A042,Economy,78.34,EUR,2025-09-29,mobile_app
B037325,P01799,F0625,A067,Premium Economy,415.69,GBP,2025-09-29,website
B037326,P01716,F0297,A058,Economy,105.69,USD,2025-09-29,travel_agency
B037327,P00116,F0499,A030,Premium Economy,343.92,USD,2025-09-29,mobile_app
B037328,P01790,F0582,A010,Business,1321.09,USD,2025-09-29,website
B037329,P02053,F0514,A052,Economy,174.21,EUR,2025-09-29,mobile_app
B037330,P00659,F0519,A075,Economy,173.98,EUR,2025-09-29,mobile_app
B037331,P02065,F0609,A005,Economy,163.83,EUR,2025-09-29,mobile_app
B037332,P01914,F0475,A069,Economy,96.92,USD,2025-09-29,mobile_app
B037333,P00449,F0571,A002,Business,1371.13,USD,2025-09-29,website
B037334,P00692,F0658,A034,Economy,119.44,USD,2025-09-29,website
B037335,P00211,F0680,A007,Economy,142.84,EUR,2025-09-29,travel_agency
B037336,P00399,F0489,A067,Premium Economy,215.62,USD,2025-09-29,mobile_app
B037337,P00853,F0677,A066,Premium Economy,210.34,EUR,2025-09-29,website
B037338,P02132,F0517,A050,Economy,126.44,EUR,2025-09-29,travel_agency
B037339,P00250,F0516,A055,Economy,163.59,EUR,2025-09-29,website
B037340,P01798,F0196,A066,Premium Economy,366.63,GBP,2025-09-29,website
B037341,P01933,F0652,A018,Premium Economy,223.29,GBP,2025-09-29,website
B037342,P02058,F0112,A065,Premium Economy,335.08,GBP,2025-09-29,website
B037343,P01645,F0618,A074,Business,930.67,EUR,2025-09-29,website
B037344,P01051,F0640,A038,Economy,149.07,EUR,2025-09-29,website
B037345,P00978,F0660,A073,Premium Economy,198.73,EUR,2025-09-29,mobile_app
B037346,P01954,F0594,A062,Economy,129.23,EUR,2025-09-29,travel_agency
B037347,P01702,F0584,A049,Business,636.14,EUR,2025-09-29,mobile_app
B037348,P01221,F0632,A079,Economy,115.61,EUR,2025-09-29,mobile_app
B037349,P00353,F0485,A022,Economy,97.6,EUR,2025-09-29,travel_agency
B037350,P01991,F0607,A023,Economy,76.64,USD,2025-09-29,mobile_app
B037351,P00995,F0537,A076,Premium Economy,212.64,GBP,2025-09-29,mobile_app
B037352,P00842,F0598,A001,Economy,184.69,EUR,2025-09-29,website
B037353,P01366,F0658,A034,Economy,178.58,EUR,2025-09-29,mobile_app
B037354,P01301,F0667,A039,Business,1190.55,USD,2025-09-29,website
B037355,P00377,F0004,A075,Economy,122.83,GBP,2025-09-29,website
B037356,P00748,F0602,A044,Economy,156.87,USD,2025-09-29,website
B037357,P02078,F0645,A053,Economy,106.27,GBP,2025-09-29,website
B037358,P01845,F0255,A061,Economy,76.29,USD,2025-09-29,travel_agency
B037359,P01938,F0649,A046,Economy,86.71,EUR,2025-09-29,mobile_app
B037360,P01493,F0680,A007,Premium Economy,347.11,USD,2025-09-29,mobile_app
B037361,P00262,F0591,A063,Premium Economy,253.5,GBP,2025-09-29,website
B037362,P00035,F0533,A013,Economy,147.83,EUR,2025-09-29,mobile_app
B037363,P01486,F0511,A035,Business,1088.81,GBP,2025-09-29,website
B037364,P02159,F0486,A005,Premium Economy,249.0,GBP,2025-09-29,travel_agency
B037365,P01989,F0637,A080,Economy,168.63,GBP,2025-09-29,call_center
B037366,P01589,F0557,A063,Economy,181.94,EUR,2025-09-29,travel_agency
B037367,P01748,F0628,A048,Business,1088.27,USD,2025-09-29,website
B037368,P02096,F0570,A064,Economy,186.45,EUR,2025-09-29,website
B037369,P01146,F0571,A002,Economy,106.32,GBP,2025-09-29,website
B037370,P00773,F0541,A010,Economy,162.0,EUR,2025-09-29,website
B037371,P02009,F0622,A008,Economy,181.88,USD,2025-09-29,mobile_app
B037372,P01610,F0660,A073,Business,946.72,USD,2025-09-29,travel_agency
B037373,P00283,F0500,A026,Economy,182.33,USD,2025-09-29,website
B037374,P00418,F0381,A013,Economy,161.03,USD,2025-09-29,travel_agency
B037375,P01490,F0662,A035,Economy,72.32,EUR,2025-09-29,mobile_app
B037376,P00993,F0612,A078,Premium Economy,472.22,EUR,2025-09-29,website
B037377,P01567,F0623,A068,Economy,94.68,EUR,2025-09-29,mobile_app
B037378,P02007,F0686,A040,Business,1034.08,EUR,2025-09-29,travel_agency
B037379,P00476,F0644,A058,Economy,122.39,EUR,2025-09-29,website
B037380,P00041,F0568,A013,Economy,183.55,USD,2025-09-29,website
B037381,P00907,F0669,A069,Economy,124.32,EUR,2025-09-29,mobile_app
B037382,P01131,F0641,A055,Business,850.46,EUR,2025-09-29,mobile_app
B037383,P01508,F0519,A075,Premium Economy,368.65,GBP,2025-09-29,mobile_app
B037384,P01560,F0300,A032,Economy,182.87,USD,2025-09-29,website
B037385,P01618,F0260,A051,Economy,132.05,EUR,2025-09-29,website
B037386,P00751,F0589,A002,Business,539.38,EUR,2025-09-29,travel_agency
B037387,P00742,F0676,A044,Economy,82.48,EUR,2025-09-29,call_center
B037388,P01815,F0497,A074,Business,1200.62,USD,2025-09-29,travel_agency
B037389,P00995,F0627,A025,Premium Economy,409.59,EUR,2025-09-29,mobile_app
B037390,P01400,F0585,A030,Economy,123.99,EUR,2025-09-29,travel_agency
B037391,P00145,F0679,A068,Economy,124.14,USD,2025-09-29,website
B037392,P01916,F0611,A012,Business,959.69,EUR,2025-09-29,website
B037393,P01639,F0638,A067,Economy,170.98,EUR,2025-09-29,travel_agency
B037394,P00577,F0617,A031,Economy,140.26,EUR,2025-09-29,website
B037395,P01457,F0600,A062,Business,1397.52,GBP,2025-09-29,mobile_app
B037396,P02208,F0687,A016,Economy,110.16,EUR,2025-09-29,travel_agency
B037397,P00960,F0570,A064,Economy,173.91,EUR,2025-09-29,mobile_app
B037398,P00571,F0687,A016,Economy,76.25,EUR,2025-09-29,website
B037399,P01421,F0670,A048,Business,1254.6,EUR,2025-09-29,website
B037400,P01663,F0594,A062,Economy,158.5,EUR,2025-09-29,mobile_app
B037401,P00425,F0580,A004,Premium Economy,431.41,EUR,2025-09-29,mobile_app
B037402,P00293,F0634,A042,Economy,124.0,GBP,2025-09-29,website
B037403,P01557,F0535,A001,Economy,180.59,USD,2025-09-29,website
B037404,P00911,F0517,A050,Economy,196.59,EUR,2025-09-29,travel_agency
B037405,P00740,F0660,A073,Economy,197.15,EUR,2025-09-29,mobile_app
B037406,P01757,F0582,A010,Economy,130.91,EUR,2025-09-29,website
B037407,P01474,F0682,A016,Business,1364.26,EUR,2025-09-29,mobile_app
B037408,P02147,F0669,A069,Economy,162.69,USD,2025-09-29,website
B037409,P01962,F0666,A038,Premium Economy,205.31,GBP,2025-09-29,website
B037410,P01574,F0611,A012,Economy,85.83,EUR,2025-09-29,mobile_app
B037411,P00263,F0137,A039,Business,1387.01,USD,2025-09-29,website
B037412,P01329,F0610,A081,Economy,176.12,GBP,2025-09-29,website
B037413,P01701,F0624,A031,Economy,115.19,EUR,2025-09-29,mobile_app
B037414,P00308,F0397,A074,Economy,139.6,EUR,2025-09-29,travel_agency
B037415,P00424,F0657,A007,Economy,160.12,USD,2025-09-29,website
B037416,P00041,F0514,A052,Economy,128.55,EUR,2025-09-29,mobile_app
B037417,P01409,F0196,A066,Business,1395.46,USD,2025-09-29,website
B037418,P00249,F0497,A074,Economy,158.74,USD,2025-09-29,website
B037419,P00903,F0628,A048,Economy,162.46,USD,2025-09-29,website
B037420,P00010,F0316,A073,Economy,127.89,EUR,2025-09-29,mobile_app
B037421,P01571,F0625,A067,Business,932.64,USD,2025-09-29,travel_agency
B037422,P00654,F0483,A073,Economy,133.39,GBP,2025-09-29,travel_agency
B037423,P01305,F0388,A008,Economy,166.29,GBP,2025-09-29,website
B037424,P01401,F0680,A007,Economy,142.91,EUR,2025-09-29,travel_agency
B037425,P02168,F0503,A060,Economy,178.45,EUR,2025-09-29,call_center
B037426,P01455,F0486,A005,Economy,164.91,USD,2025-09-29,mobile_app
B037427,P00890,F0297,A058,Economy,112.26,USD,2025-09-29,website
B037428,P00246,F0519,A075,Premium Economy,481.7,EUR,2025-09-29,mobile_app
B037429,P01496,F0514,A052,Economy,152.98,USD,2025-09-29,travel_agency
B037430,P00112,F0563,A061,Economy,92.94,USD,2025-09-29,mobile_app
B037431,P01773,F0585,A030,Premium Economy,440.5,EUR,2025-09-29,mobile_app
B037432,P01357,F0566,A040,Economy,167.9,GBP,2025-09-29,website
B037433,P00696,F0654,A038,Premium Economy,224.49,USD,2025-09-29,travel_agency
B037434,P00646,F0662,A035,Economy,111.18,USD,2025-09-29,mobile_app
B037435,P01281,F0534,A076,Economy,78.99,EUR,2025-09-29,website
B037436,P00008,F0475,A069,Business,1130.22,USD,2025-09-29,travel_agency
B037437,P02199,F0675,A078,Business,1000.9,GBP,2025-09-29,mobile_app
B037438,P01284,F0681,A079,Economy,129.44,EUR,2025-09-29,mobile_app
B037439,P01562,F0226,A012,Economy,73.68,GBP,2025-09-29,mobile_app
B037440,P01940,F0623,A068,First,2839.06,EUR,2025-09-29,mobile_app
B037441,P00902,F0605,A067,Business,1182.66,EUR,2025-09-29,website
B037442,P01224,F0632,A079,Economy,185.99,EUR,2025-09-29,mobile_app
B037443,P01932,F0560,A023,Business,983.21,EUR,2025-09-29,mobile_app
B037444,P00240,F0545,A042,Economy,150.8,USD,2025-09-29,travel_agency
B037445,P01382,F0605,A067,Economy,159.39,EUR,2025-09-29,mobile_app
B037446,P01411,F0513,A033,Premium Economy,325.12,EUR,2025-09-29,mobile_app
B037447,P00867,F0255,A061,Economy,172.45,USD,2025-09-29,call_center
B037448,P01541,F0679,A068,Economy,140.33,EUR,2025-09-29,mobile_app
B037449,P00263,F0482,A004,Economy,192.45,EUR,2025-09-29,mobile_app
B037450,P01930,F0589,A002,Economy,123.25,EUR,2025-09-29,mobile_app
B037451,P00421,F0677,A066,Premium Economy,272.49,USD,2025-09-29,travel_agency
B037452,P00009,F0559,A018,Economy,159.08,EUR,2025-09-29,website
B037453,P00900,F0511,A035,Premium Economy,240.19,USD,2025-09-29,website
B037454,P01178,F0564,A042,Economy,88.51,EUR,2025-09-29,mobile_app
B037455,P00498,F0490,A075,Economy,135.91,EUR,2025-09-29,mobile_app
B037456,P01933,F0653,A069,Economy,95.73,USD,2025-09-29,website
B037457,P01276,F0628,A048,Economy,78.43,USD,2025-09-29,mobile_app
B037458,P01251,F0666,A038,Economy,113.32,EUR,2025-09-29,mobile_app
B037459,P01958,F0618,A074,Business,1189.49,EUR,2025-09-29,mobile_app
B037460,P02129,F0681,A079,Premium Economy,375.73,USD,2025-09-29,website
B037461,P01467,F0638,A067,Premium Economy,312.28,EUR,2025-09-29,website
B037462,P00489,F0288,A015,Economy,130.46,EUR,2025-09-29,mobile_app
B037463,P01547,F0648,A025,Economy,166.74,USD,2025-09-29,website
B037464,P00444,F0565,A006,Economy,141.08,EUR,2025-09-29,mobile_app
B037465,P02020,F0630,A022,Business,1238.1,EUR,2025-09-29,website
B037466,P01547,F0647,A069,Economy,136.44,GBP,2025-09-29,call_center
B037467,P00860,F0528,A054,First,2056.58,EUR,2025-09-29,website
B037468,P00473,F0643,A066,Economy,186.02,EUR,2025-09-29,travel_agency
B037469,P00675,F0648,A025,Economy,74.05,EUR,2025-09-29,website
B037470,P00226,F0581,A031,Economy,161.24,USD,2025-09-29,website
B037471,P01846,F0545,A042,Economy,93.34,EUR,2025-09-29,travel_agency
B037472,P00259,F0643,A066,First,1830.25,USD,2025-09-29,mobile_app
B037473,P00524,F0576,A078,Economy,93.86,USD,2025-09-29,website
B037474,P00936,F0669,A069,Economy,189.46,USD,2025-09-29,website
B037475,P00583,F0566,A040,Economy,129.2,GBP,2025-09-29,website
B037476,P01570,F0483,A073,Economy,87.31,EUR,2025-09-29,mobile_app
B037477,P01832,F0575,A070,Business,1412.1,GBP,2025-09-29,website
B037478,P00821,F0571,A002,Economy,77.71,GBP,2025-09-29,website
B037479,P00855,F0623,A068,Premium Economy,390.27,EUR,2025-09-29,website
B037480,P01685,F0600,A062,Economy,180.19,USD,2025-09-29,mobile_app
B037481,P01615,F0679,A068,Premium Economy,409.77,EUR,2025-09-29,mobile_app
B037482,P01391,F0442,A007,Business,1041.76,EUR,2025-09-29,mobile_app
B037483,P00001,F0575,A070,Premium Economy,416.86,EUR,2025-09-29,call_center
B037484,P01157,F0475,A069,Economy,78.4,EUR,2025-09-29,website
B037485,P00461,F0534,A076,Business,523.13,EUR,2025-09-29,website
B037486,P00059,F0572,A071,First,2887.77,USD,2025-09-29,website
B037487,P02048,F0545,A042,Business,739.59,GBP,2025-09-29,mobile_app
B037488,P00543,F0631,A015,Economy,82.6,USD,2025-09-29,mobile_app
B037489,P01100,F0600,A062,Economy,196.73,EUR,2025-09-29,mobile_app
B037490,P00566,F0516,A055,Premium Economy,224.2,GBP,2025-09-29,mobile_app
B037491,P01866,F0688,A019,Business,606.26,EUR,2025-09-29,travel_agency
B037492,P00664,F0649,A046,Economy,137.07,USD,2025-09-29,website
B037493,P01817,F0485,A022,Economy,172.64,USD,2025-09-29,website
B037494,P01482,F0591,A063,Economy,143.29,USD,2025-09-29,travel_agency
B037495,P01993,F0491,A017,Premium Economy,406.83,USD,2025-09-29,mobile_app
B037496,P02064,F0288,A015,Premium Economy,360.11,GBP,2025-09-29,website
B037497,P00292,F0679,A068,Premium Economy,398.84,GBP,2025-09-29,mobile_app
B037498,P01410,F0475,A069,Economy,140.61,USD,2025-09-29,website
B037499,P00323,F0686,A040,Economy,182.47,USD,2025-09-29,website
B037500,P00738,F0401,A060,First,2628.41,EUR,2025-09-29,mobile_app
B037501,P00460,F0544,A061,Economy,190.04,EUR,2025-09-29,website
B037502,P01946,F0545,A042,Economy,141.92,GBP,2025-09-29,website
B037503,P00448,F0571,A002,Economy,94.02,EUR,2025-09-29,website
B037504,P00749,F0640,A038,Premium Economy,376.48,USD,2025-09-29,website
B037505,P01023,F0650,A041,Economy,110.26,EUR,2025-09-29,website
B037506,P02122,F0560,A023,Economy,196.28,EUR,2025-09-29,website
B037507,P01755,F0622,A008,Economy,170.92,GBP,2025-09-29,website
B037508,P01963,F0600,A062,Premium Economy,440.78,EUR,2025-09-29,travel_agency
B037509,P01773,F0657,A007,Economy,111.88,EUR,2025-09-29,website
B037510,P00946,F0616,A049,Economy,160.65,EUR,2025-09-29,website
B037511,P01716,F0624,A031,Economy,128.87,EUR,2025-09-29,mobile_app
B037512,P01274,F0678,A055,Economy,74.1,EUR,2025-09-29,mobile_app
B037513,P01848,F0673,A038,Economy,146.71,EUR,2025-09-29,call_center
B037514,P00848,F0658,A034,Premium Economy,371.29,USD,2025-09-29,mobile_app
B037515,P00793,F0592,A057,Economy,95.13,EUR,2025-09-29,mobile_app
B037516,P00939,F0470,A030,Economy,121.88,EUR,2025-09-29,call_center
B037517,P00659,F0642,A080,Premium Economy,307.75,EUR,2025-09-29,website
B037518,P00275,F0623,A068,Premium Economy,298.05,EUR,2025-09-29,mobile_app
B037519,P02199,F0511,A035,Economy,166.74,EUR,2025-09-29,travel_agency
B037520,P01506,F0660,A073,Premium Economy,192.38,GBP,2025-09-29,website
B037521,P00677,F0592,A057,Premium Economy,360.44,USD,2025-09-29,call_center
B037522,P00459,F0523,A013,Business,685.33,USD,2025-09-29,mobile_app
B037523,P00975,F0564,A042,Economy,81.39,EUR,2025-09-29,travel_agency
B037524,P00440,F0500,A026,Economy,74.75,USD,2025-09-29,website
B037525,P00465,F0568,A013,Premium Economy,220.43,GBP,2025-09-29,travel_agency
B037526,P00938,F0514,A052,Economy,136.21,EUR,2025-09-29,website
B037527,P01272,F0572,A071,Economy,165.67,USD,2025-09-29,website
B037528,P00126,F0585,A030,Business,1018.63,EUR,2025-09-29,website
B037529,P01048,F0686,A040,Premium Economy,428.36,EUR,2025-09-29,mobile_app
B037530,P01741,F0318,A010,First,2626.16,USD,2025-09-29,mobile_app
B037531,P02114,F0226,A012,Economy,84.87,EUR,2025-09-29,website
B037532,P01484,F0580,A004,Premium Economy,448.68,USD,2025-09-29,call_center
B037533,P02082,F0672,A048,Economy,100.34,EUR,2025-09-29,mobile_app
B037534,P00477,F0541,A010,Premium Economy,451.95,EUR,2025-09-29,travel_agency
B037535,P02199,F0639,A076,Premium Economy,386.24,USD,2025-09-29,travel_agency
B037536,P00027,F0489,A067,Business,955.2,GBP,2025-09-29,mobile_app
B037537,P01923,F0654,A038,Premium Economy,441.42,USD,2025-09-29,travel_agency
B037538,P01146,F0482,A004,Economy,74.68,EUR,2025-09-29,website
B037539,P01858,F0620,A055,Economy,84.53,EUR,2025-09-29,mobile_app
B037540,P01853,F0687,A016,Premium Economy,324.76,EUR,2025-09-29,travel_agency
B037541,P00641,F0590,A054,Economy,140.53,USD,2025-09-29,website
B037542,P01663,F0680,A007,Premium Economy,458.84,USD,2025-09-29,call_center
B037543,P01340,F0609,A005,Economy,152.82,EUR,2025-09-29,travel_agency
B037544,P01567,F0497,A074,Economy,152.88,EUR,2025-09-29,website
B037545,P00743,F0647,A069,Business,957.54,EUR,2025-09-29,travel_agency
B037546,P00545,F0478,A053,Business,859.28,EUR,2025-09-29,mobile_app
B037547,P00471,F0654,A038,Economy,150.49,USD,2025-09-29,website
B037548,P00040,F0634,A042,Economy,179.42,USD,2025-09-29,travel_agency
B037549,P01345,F0513,A033,Economy,178.44,USD,2025-09-29,call_center
B037550,P01306,F0499,A030,Economy,93.22,EUR,2025-09-29,website
B037551,P00495,F0642,A080,Premium Economy,318.66,USD,2025-09-29,mobile_app
B037552,P00834,F0644,A058,Economy,76.9,EUR,2025-09-29,website
B037553,P01768,F0659,A021,Economy,114.37,EUR,2025-09-29,call_center
B037554,P02133,F0676,A044,Economy,99.47,EUR,2025-09-29,mobile_app
B037555,P01906,F0563,A061,Economy,108.52,EUR,2025-09-29,website
B037556,P00957,F0541,A010,Business,1205.76,GBP,2025-09-29,mobile_app
B037557,P01066,F0288,A015,Economy,155.93,EUR,2025-09-29,website
B037558,P00094,F0678,A055,Economy,197.99,EUR,2025-09-29,website
B037559,P01679,F0620,A055,Economy,156.26,EUR,2025-09-29,website
B037560,P00173,F0596,A066,Premium Economy,266.94,GBP,2025-09-29,website
B037561,P01048,F0632,A079,Premium Economy,404.79,GBP,2025-09-29,website
B037562,P01570,F0573,A031,Economy,134.2,USD,2025-09-29,website
B037563,P01899,F0536,A069,Economy,161.8,EUR,2025-09-29,mobile_app
B037564,P00394,F0686,A040,Premium Economy,380.04,EUR,2025-09-29,travel_agency
B037565,P00547,F0610,A081,Economy,186.39,EUR,2025-09-29,website
B037566,P00278,F0516,A055,Premium Economy,320.2,EUR,2025-09-29,call_center
B037567,P00823,F0572,A071,Economy,84.04,EUR,2025-09-29,mobile_app
B037568,P00664,F0572,A071,Business,1349.12,USD,2025-09-29,travel_agency
B037569,P01926,F0603,A062,Economy,143.87,EUR,2025-09-29,travel_agency
B037570,P00095,F0288,A015,Premium Economy,442.08,EUR,2025-09-29,website
B037571,P02185,F0684,A068,Business,1037.65,EUR,2025-09-29,website
B037572,P00015,F0535,A001,Economy,174.86,USD,2025-09-29,website
B037573,P01286,F0682,A016,Economy,86.36,EUR,2025-09-29,mobile_app
B037574,P01131,F0483,A073,Economy,151.38,EUR,2025-09-29,website
B037575,P00139,F0196,A066,Premium Economy,183.95,USD,2025-09-29,website
B037576,P01262,F0609,A005,Economy,157.61,USD,2025-09-29,website
B037577,P00569,F0628,A048,Economy,119.69,GBP,2025-09-29,mobile_app
B037578,P00519,F0626,A005,Economy,183.09,EUR,2025-09-29,travel_agency
