booking_id,passenger_id,flight_id,airport_id,seat_class,amount,currency,booking_date,booking_channel
B020591,P01688,F0076,A059,Economy,185.54,GBP,2025-09-18,website
B020592,P00527,F0310,A003,Economy,183.3,EUR,2025-09-18,mobile_app
B020593,P00409,F0250,A073,Economy,125.85,USD,2025-09-18,travel_agency
B020594,P00044,F0180,A060,Economy,152.96,USD,2025-09-18,mobile_app
B020595,P00137,F0086,A076,Economy,76.24,GBP,2025-09-18,website
B020596,P01094,F0112,A065,Economy,177.84,EUR,2025-09-18,mobile_app
B020597,P00031,F0363,A046,Business,825.87,GBP,2025-09-18,travel_agency
B020598,P00249,F0054,A079,Economy,122.14,USD,2025-09-18,website
B020599,P01902,F0117,A057,Economy,142.81,USD,2025-09-18,website
B020600,P00126,F0034,A037,Business,778.1,GBP,2025-09-18,mobile_app
B020601,P00345,F0141,A046,Economy,75.82,EUR,2025-09-18,website
B020602,P02043,F0236,A062,Economy,76.73,EUR,2025-09-18,mobile_app
B020603,P01713,F0261,A057,Economy,112.66,USD,2025-09-18,mobile_app
B020604,P00061,F0081,A025,Economy,118.62,USD,2025-09-18,travel_agency
B020605,P01069,F0231,A017,Premium Economy,471.22,GBP,2025-09-18,travel_agency
B020606,P01062,F0315,A056,Economy,125.0,USD,2025-09-18,mobile_app
B020607,P01479,F0271,A042,Economy,173.33,EUR,2025-09-18,website
B020608,P01220,F0134,A072,Economy,100.11,EUR,2025-09-18,website
B020609,P02031,F0138,A013,Economy,139.97,EUR,2025-09-18,call_center
B020610,P00666,F0213,A078,Economy,114.01,GBP,2025-09-18,travel_agency
B020611,P01142,F0160,A035,Premium Economy,481.1,EUR,2025-09-18,website
B020612,P01848,F0018,A061,Economy,123.84,EUR,2025-09-18,travel_agency
B020613,P01408,F0099,A039,Economy,87.94,EUR,2025-09-18,travel_agency
B020614,P00103,F0302,A013,Premium Economy,203.5,USD,2025-09-18,mobile_app
B020615,P00184,F0244,A052,Premium Economy,295.87,EUR,2025-09-18,travel_agency
B020616,P00113,F0126,A076,Economy,97.48,EUR,2025-09-18,mobile_app
B020617,P01078,F0244,A052,Business,905.53,EUR,2025-09-18,website
B020618,P00968,F0009,A065,Economy,162.91,EUR,2025-09-18,travel_agency
B020619,P01982,F0283,A008,Economy,134.66,EUR,2025-09-18,website
B020620,P01557,F0100,A006,Premium Economy,255.05,GBP,2025-09-18,call_center
B020621,P01646,F0023,A052,Economy,76.97,USD,2025-09-18,mobile_app
B020622,P01382,F0205,A065,Economy,164.84,GBP,2025-09-18,website
B020623,P00708,F0330,A064,Economy,180.9,USD,2025-09-18,travel_agency
B020624,P00903,F0115,A030,Economy,132.11,EUR,2025-09-18,website
B020625,P00076,F0113,A063,Economy,101.98,USD,2025-09-18,mobile_app
B020626,P01641,F0140,A048,Economy,131.89,EUR,2025-09-18,website
B020627,P01835,F0271,A042,Economy,161.79,EUR,2025-09-18,website
B020628,P01763,F0012,A069,Premium Economy,336.24,USD,2025-09-18,mobile_app
B020629,P00787,F0287,A049,Premium Economy,220.86,USD,2025-09-18,website
B020630,P00101,F0104,A064,Business,755.17,EUR,2025-09-18,website
B020631,P00639,F0185,A078,Economy,161.58,EUR,2025-09-18,travel_agency
B020632,P00893,F0344,A044,Economy,175.09,GBP,2025-09-18,mobile_app
B020633,P01014,F0235,A052,Economy,142.34,EUR,2025-09-18,travel_agency
B020634,P01702,F0304,A020,Economy,178.0,EUR,2025-09-18,website
B020635,P01903,F0049,A038,First,1958.81,USD,2025-09-18,website
B020636,P00983,F0023,A052,Business,650.24,USD,2025-09-18,website
B020637,P00540,F0279,A022,Economy,194.64,USD,2025-09-18,travel_agency
B020638,P00311,F0004,A075,Premium Economy,275.42,USD,2025-09-18,website
B020639,P01238,F0279,A022,Business,1272.22,USD,2025-09-18,website
B020640,P00105,F0027,A031,First,2349.77,EUR,2025-09-18,call_center
B020641,P02012,F0087,A023,Economy,191.59,EUR,2025-09-18,mobile_app
B020642,P00950,F0325,A058,Business,1050.69,EUR,2025-09-18,travel_agency
B020643,P01289,F0241,A051,Economy,116.55,USD,2025-09-18,website
B020644,P01543,F0114,A070,Economy,92.13,EUR,2025-09-18,travel_agency
B020645,P00137,F0267,A038,Economy,167.87,GBP,2025-09-18,website
B020646,P01428,F0192,A037,Economy,91.47,EUR,2025-09-18,travel_agency
B020647,P01719,F0328,A018,Economy,166.59,USD,2025-09-18,travel_agency
B020648,P01474,F0192,A037,Economy,176.57,EUR,2025-09-18,mobile_app
B020649,P00005,F0345,A058,Economy,83.26,USD,2025-09-18,website
B020650,P00086,F0265,A026,Economy,174.22,USD,2025-09-18,travel_agency
B020651,P01303,F0131,A017,Business,1242.92,EUR,2025-09-18,website
B020652,P00171,F0345,A058,Economy,96.83,GBP,2025-09-18,call_center
B020653,P00815,F0103,A045,Business,943.64,USD,2025-09-18,website
B020654,P00437,F0353,A039,Premium Economy,365.97,GBP,2025-09-18,travel_agency
B020655,P00509,F0268,A059,Business,1273.85,EUR,2025-09-18,mobile_app
B020656,P00103,F0063,A062,Premium Economy,419.14,USD,2025-09-18,call_center
B020657,P00700,F0240,A021,Economy,181.28,EUR,2025-09-18,travel_agency
B020658,P01279,F0354,A050,Economy,83.65,EUR,2025-09-18,travel_agency
B020659,P01556,F0028,A011,Economy,167.5,EUR,2025-09-18,call_center
B020660,P00437,F0152,A028,Economy,77.59,USD,2025-09-18,travel_agency
B020661,P01393,F0354,A050,Economy,92.03,GBP,2025-09-18,mobile_app
B020662,P01125,F0067,A060,Economy,189.08,USD,2025-09-18,travel_agency
B020663,P00242,F0316,A073,Economy,127.73,EUR,2025-09-18,mobile_app
B020664,P00049,F0331,A051,Economy,153.39,USD,2025-09-18,mobile_app
B020665,P01995,F0056,A023,First,2618.59,USD,2025-09-18,website
B020666,P00882,F0089,A057,Economy,99.27,GBP,2025-09-18,call_center
B020667,P00196,F0197,A007,Premium Economy,449.16,USD,2025-09-18,website
B020668,P01681,F0065,A044,Economy,178.07,EUR,2025-09-18,mobile_app
B020669,P00007,F0083,A075,Premium Economy,463.69,USD,2025-09-18,website
B020670,P01719,F0353,A039,Economy,177.96,EUR,2025-09-18,travel_agency
B020671,P01301,F0097,A015,Economy,149.03,EUR,2025-09-18,mobile_app
B020672,P00946,F0345,A058,Economy,121.48,EUR,2025-09-18,website
B020673,P00902,F0142,A028,Premium Economy,177.59,EUR,2025-09-18,website
B020674,P00533,F0148,A067,Premium Economy,391.88,GBP,2025-09-18,website
B020675,P00197,F0333,A023,Business,1104.42,GBP,2025-09-18,mobile_app
B020676,P01542,F0092,A080,Economy,73.98,EUR,2025-09-18,travel_agency
B020677,P00569,F0071,A028,Business,579.39,USD,2025-09-18,travel_agency
B020678,P01956,F0106,A007,Economy,157.78,USD,2025-09-18,mobile_app
B020679,P00405,F0284,A054,Business,571.08,EUR,2025-09-18,website
B020680,P01427,F0196,A066,Economy,190.23,USD,2025-09-18,website
B020681,P00145,F0111,A025,Economy,160.36,EUR,2025-09-18,travel_agency
B020682,P00243,F0117,A057,Economy,179.74,USD,2025-09-18,travel_agency
B020683,P01374,F0013,A078,Business,835.59,EUR,2025-09-18,website
B020684,P00284,F0359,A031,First,2624.88,USD,2025-09-18,website
B020685,P00104,F0288,A015,Premium Economy,429.62,GBP,2025-09-18,travel_agency
B020686,P01041,F0343,A014,Economy,158.55,EUR,2025-09-18,mobile_app
B020687,P01442,F0221,A034,Economy,175.02,EUR,2025-09-18,travel_agency
B020688,P00778,F0003,A018,Economy,80.6,EUR,2025-09-18,mobile_app
B020689,P00025,F0112,A065,Economy,96.21,EUR,2025-09-18,website
B020690,P01440,F0050,A073,Economy,86.55,USD,2025-09-18,website
B020691,P00074,F0149,A014,Premium Economy,317.61,EUR,2025-09-18,mobile_app
B020692,P01467,F0238,A060,Economy,196.25,USD,2025-09-18,travel_agency
B020693,P00874,F0311,A023,Economy,115.85,EUR,2025-09-18,website
B020694,P00309,F0088,A038,Business,1323.96,EUR,2025-09-18,mobile_app
B020695,P00048,F0144,A077,Business,822.76,EUR,2025-09-18,mobile_app
B020696,P00124,F0087,A023,Economy,155.7,GBP,2025-09-18,website
B020697,P00855,F0229,A065,Economy,135.96,USD,2025-09-18,website
B020698,P00982,F0088,A038,Economy,175.49,USD,2025-09-18,website
B020699,P01131,F0060,A043,First,1786.07,GBP,2025-09-18,travel_agency
B020700,P00610,F0310,A003,Economy,174.85,USD,2025-09-18,mobile_app
B020701,P00016,F0200,A028,Economy,186.9,EUR,2025-09-18,travel_agency
B020702,P00646,F0234,A004,Premium Economy,396.5,USD,2025-09-18,call_center
B020703,P00473,F0335,A076,Economy,77.32,EUR,2025-09-18,website
B020704,P00065,F0279,A022,Premium Economy,235.99,EUR,2025-09-18,travel_agency
B020705,P01147,F0232,A020,Economy,180.28,USD,2025-09-18,website
B020706,P01241,F0216,A052,Economy,125.18,USD,2025-09-18,travel_agency
B020707,P00975,F0064,A078,Premium Economy,408.47,USD,2025-09-18,travel_agency
B020708,P02004,F0036,A017,Economy,137.25,USD,2025-09-18,travel_agency
B020709,P00770,F0067,A060,Economy,153.06,GBP,2025-09-18,mobile_app
B020710,P01760,F0073,A026,Premium Economy,290.06,EUR,2025-09-18,website
B020711,P01066,F0262,A035,Economy,83.81,USD,2025-09-18,website
B020712,P00818,F0251,A040,Economy,88.24,EUR,2025-09-18,website
B020713,P01498,F0241,A051,Economy,170.39,EUR,2025-09-18,mobile_app
B020714,P00513,F0361,A027,Economy,115.25,USD,2025-09-18,travel_agency
B020715,P01968,F0008,A059,Business,1120.53,GBP,2025-09-18,call_center
B020716,P01950,F0228,A067,Economy,92.78,USD,2025-09-18,website
B020717,P00424,F0308,A020,First,1198.96,GBP,2025-09-18,mobile_app
B020718,P00707,F0190,A044,Economy,192.27,EUR,2025-09-18,website
B020719,P00033,F0181,A061,Business,1062.22,EUR,2025-09-18,mobile_app
B020720,P01266,F0200,A028,Premium Economy,452.11,EUR,2025-09-18,travel_agency
B020721,P00731,F0286,A001,Economy,152.96,EUR,2025-09-18,website
B020722,P00909,F0124,A031,Economy,102.88,EUR,2025-09-18,website
B020723,P01987,F0064,A078,Economy,134.01,EUR,2025-09-18,website
B020724,P01583,F0023,A052,Economy,180.91,EUR,2025-09-18,website
B020725,P01183,F0250,A073,Economy,89.9,EUR,2025-09-18,mobile_app
B020726,P01213,F0014,A048,Economy,161.78,USD,2025-09-18,website
B020727,P00226,F0277,A028,Business,1047.56,GBP,2025-09-18,mobile_app
B020728,P00920,F0207,A043,Economy,117.11,EUR,2025-09-18,website
B020729,P00915,F0187,A017,Premium Economy,190.23,EUR,2025-09-18,call_center
B020730,P00451,F0203,A019,Economy,88.83,USD,2025-09-18,website
B020731,P01239,F0257,A034,Economy,138.83,GBP,2025-09-18,mobile_app
B020732,P00144,F0355,A064,Premium Economy,482.27,GBP,2025-09-18,website
B020733,P01677,F0185,A078,Economy,97.5,EUR,2025-09-18,website
B020734,P00029,F0036,A017,First,2414.08,USD,2025-09-18,mobile_app
B020735,P01179,F0107,A035,Economy,100.82,USD,2025-09-18,call_center
B020736,P01406,F0101,A074,Economy,148.76,EUR,2025-09-18,mobile_app
B020737,P00147,F0245,A050,Premium Economy,248.89,USD,2025-09-18,travel_agency
B020738,P00945,F0312,A033,Premium Economy,442.74,EUR,2025-09-18,website
B020739,P00337,F0162,A054,First,2464.23,EUR,2025-09-18,mobile_app
B020740,P01025,F0270,A044,Economy,145.64,USD,2025-09-18,website
B020741,P00071,F0214,A038,Economy,183.89,EUR,2025-09-18,mobile_app
B020742,P01918,F0267,A038,Premium Economy,262.35,GBP,2025-09-18,travel_agency
B020743,P01918,F0062,A008,Economy,179.08,EUR,2025-09-18,travel_agency
B020744,P01698,F0069,A070,Economy,103.76,GBP,2025-09-18,website
B020745,P00081,F0292,A019,Economy,84.76,EUR,2025-09-18,call_center
B020746,P01459,F0282,A001,Economy,151.42,EUR,2025-09-18,mobile_app
B020747,P00550,F0261,A057,Economy,87.82,USD,2025-09-18,website
B020748,P01216,F0197,A007,Economy,174.69,USD,2025-09-18,call_center
B020749,P00372,F0062,A008,Economy,128.35,EUR,2025-09-18,website
B020750,P01609,F0121,A013,Premium Economy,182.43,EUR,2025-09-18,travel_agency
B020751,P01695,F0158,A072,First,1933.35,EUR,2025-09-18,call_center
B020752,P01967,F0085,A016,Premium Economy,455.52,USD,2025-09-18,website
B020753,P01006,F0182,A023,First,3053.81,GBP,2025-09-18,call_center
B020754,P01372,F0062,A008,Business,617.57,USD,2025-09-18,mobile_app
B020755,P00887,F0054,A079,First,1143.0,EUR,2025-09-18,website
B020756,P00838,F0137,A039,Business,779.21,USD,2025-09-18,travel_agency
B020757,P00014,F0334,A032,Economy,103.31,EUR,2025-09-18,call_center
B020758,P01437,F0230,A029,Economy,135.67,USD,2025-09-18,website
B020759,P00167,F0358,A030,Premium Economy,304.43,EUR,2025-09-18,call_center
B020760,P01999,F0363,A046,Premium Economy,430.1,USD,2025-09-18,website
B020761,P00519,F0107,A035,Economy,94.64,USD,2025-09-18,website
B020762,P01116,F0323,A020,Premium Economy,404.98,EUR,2025-09-18,website
B020763,P01346,F0272,A032,Business,614.21,GBP,2025-09-18,mobile_app
B020764,P00837,F0262,A035,Premium Economy,476.37,EUR,2025-09-18,website
B020765,P01746,F0346,A044,Economy,120.81,EUR,2025-09-18,website
B020766,P01124,F0275,A016,Economy,82.29,EUR,2025-09-18,mobile_app
B020767,P00015,F0096,A037,Premium Economy,425.25,EUR,2025-09-18,website
B020768,P01693,F0109,A029,First,1708.27,EUR,2025-09-18,call_center
B020769,P01523,F0024,A055,Business,1242.49,EUR,2025-09-18,website
B020770,P00504,F0233,A006,Economy,87.65,USD,2025-09-18,website
B020771,P00248,F0012,A069,Economy,110.07,USD,2025-09-18,website
B020772,P01526,F0205,A065,Economy,153.63,EUR,2025-09-18,travel_agency
B020773,P01613,F0013,A078,Economy,117.64,USD,2025-09-18,website
B020774,P00444,F0120,A080,Premium Economy,413.55,USD,2025-09-18,website
B020775,P00454,F0141,A046,Premium Economy,422.58,GBP,2025-09-18,website
B020776,P01592,F0118,A020,Business,942.96,EUR,2025-09-18,website
B020777,P00210,F0113,A063,Business,797.79,USD,2025-09-18,travel_agency
B020778,P00054,F0150,A036,Economy,152.37,EUR,2025-09-18,website
B020779,P00808,F0028,A011,Premium Economy,388.33,EUR,2025-09-18,mobile_app
B020780,P01206,F0183,A047,Premium Economy,368.01,EUR,2025-09-18,website
B020781,P00480,F0139,A076,Economy,162.81,EUR,2025-09-18,website
B020782,P00134,F0253,A032,Premium Economy,437.34,EUR,2025-09-18,mobile_app
B020783,P00597,F0077,A069,Economy,169.15,EUR,2025-09-18,website
B020784,P00868,F0112,A065,Economy,185.11,EUR,2025-09-18,website
B020785,P01043,F0049,A038,Business,633.39,GBP,2025-09-18,website
B020786,P01317,F0056,A023,Economy,99.08,EUR,2025-09-18,travel_agency
B020787,P02013,F0206,A003,Economy,124.11,EUR,2025-09-18,website
B020788,P01515,F0071,A028,Economy,174.52,EUR,2025-09-18,website
B020789,P00885,F0065,A044,Economy,91.5,EUR,2025-09-18,website
B020790,P00344,F0356,A077,Premium Economy,294.87,GBP,2025-09-18,travel_agency
B020791,P01812,F0046,A015,Economy,125.19,EUR,2025-09-18,website
B020792,P00398,F0232,A020,Economy,160.44,EUR,2025-09-18,call_center
B020793,P00699,F0335,A076,Business,553.47,USD,2025-09-18,website
B020794,P01027,F0134,A072,Economy,113.46,USD,2025-09-18,website
B020795,P01792,F0288,A015,Economy,94.53,EUR,2025-09-18,website
B020796,P00257,F0347,A072,Economy,190.76,USD,2025-09-18,travel_agency
B020797,P00829,F0289,A077,Business,1144.07,EUR,2025-09-18,website
B020798,P00420,F0065,A044,Economy,191.97,EUR,2025-09-18,website
B020799,P01566,F0099,A039,Economy,193.72,EUR,2025-09-18,mobile_app
B020800,P00045,F0256,A049,Economy,126.77,EUR,2025-09-18,travel_agency
B020801,P00844,F0002,A073,Economy,100.53,EUR,2025-09-18,website
B020802,P00386,F0317,A005,Economy,188.46,EUR,2025-09-18,mobile_app
B020803,P01666,F0231,A017,Economy,107.97,EUR,2025-09-18,travel_agency
B020804,P00246,F0063,A062,Economy,131.19,EUR,2025-09-18,travel_agency
B020805,P00438,F0018,A061,Premium Economy,186.86,USD,2025-09-18,website
B020806,P01506,F0159,A080,Economy,88.6,GBP,2025-09-18,mobile_app
B020807,P01273,F0135,A048,Economy,73.83,EUR,2025-09-18,mobile_app
B020808,P00277,F0060,A043,First,2739.05,EUR,2025-09-18,mobile_app
B020809,P01124,F0228,A067,Economy,103.06,EUR,2025-09-18,website
B020810,P00324,F0247,A052,Economy,78.76,EUR,2025-09-18,website
B020811,P01909,F0183,A047,Business,703.84,USD,2025-09-18,call_center
B020812,P00239,F0070,A026,Business,956.03,EUR,2025-09-18,website
B020813,P01715,F0183,A047,Premium Economy,342.13,EUR,2025-09-18,website
B020814,P01184,F0256,A049,Economy,158.88,EUR,2025-09-18,mobile_app
B020815,P01895,F0001,A042,Economy,96.43,EUR,2025-09-18,mobile_app
B020816,P00828,F0147,A047,Business,1111.25,USD,2025-09-18,travel_agency
B020817,P00501,F0046,A015,Economy,190.3,USD,2025-09-18,travel_agency
B020818,P00989,F0008,A059,Premium Economy,397.16,USD,2025-09-18,website
B020819,P00601,F0104,A064,Economy,138.05,GBP,2025-09-18,mobile_app
B020820,P01670,F0065,A044,Premium Economy,468.85,GBP,2025-09-18,mobile_app
B020821,P00387,F0322,A075,Economy,164.24,GBP,2025-09-18,travel_agency
B020822,P00437,F0127,A062,Economy,101.78,EUR,2025-09-18,website
B020823,P01324,F0159,A080,Economy,145.94,GBP,2025-09-18,website
B020824,P01257,F0180,A060,Economy,147.32,EUR,2025-09-18,website
B020825,P00035,F0063,A062,Economy,177.96,EUR,2025-09-18,mobile_app
B020826,P00375,F0059,A067,Economy,191.35,EUR,2025-09-18,website
B020827,P01391,F0151,A038,Economy,102.42,USD,2025-09-18,travel_agency
B020828,P00184,F0333,A023,Economy,113.47,GBP,2025-09-18,website
B020829,P00465,F0270,A044,Economy,142.29,GBP,2025-09-18,website
B020830,P00162,F0018,A061,Economy,117.01,USD,2025-09-18,website
B020831,P00017,F0224,A047,Economy,184.62,EUR,2025-09-18,mobile_app
B020832,P01003,F0361,A027,Premium Economy,228.37,EUR,2025-09-18,website
B020833,P01250,F0162,A054,Economy,171.85,EUR,2025-09-18,website
B020834,P01252,F0135,A048,Economy,110.63,EUR,2025-09-18,mobile_app
B020835,P01857,F0277,A028,Economy,132.68,USD,2025-09-18,website
B020836,P00662,F0212,A064,Economy,183.97,EUR,2025-09-18,website
B020837,P01646,F0352,A045,Economy,187.83,EUR,2025-09-18,website
B020838,P01533,F0022,A070,Economy,116.58,EUR,2025-09-18,mobile_app
B020839,P01650,F0267,A038,Economy,115.01,USD,2025-09-18,call_center
B020840,P00911,F0118,A020,Economy,98.04,GBP,2025-09-18,mobile_app
B020841,P01819,F0146,A034,Economy,192.47,EUR,2025-09-18,website
B020842,P00016,F0253,A032,Economy,99.92,USD,2025-09-18,website
B020843,P01250,F0045,A014,Premium Economy,223.44,EUR,2025-09-18,website
B020844,P00430,F0105,A042,Premium Economy,187.59,GBP,2025-09-18,website
B020845,P01902,F0331,A051,Economy,152.22,EUR,2025-09-18,website
B020846,P00593,F0080,A034,First,1374.33,EUR,2025-09-18,mobile_app
B020847,P00895,F0070,A026,Premium Economy,434.07,EUR,2025-09-18,travel_agency
B020848,P00987,F0281,A073,Economy,109.27,EUR,2025-09-18,website
B020849,P01009,F0279,A022,Business,535.9,EUR,2025-09-18,travel_agency
B020850,P01563,F0102,A067,Business,1281.16,USD,2025-09-18,website
B020851,P00163,F0108,A078,Economy,124.19,USD,2025-09-18,mobile_app
B020852,P00854,F0235,A052,Economy,190.53,USD,2025-09-18,mobile_app
B020853,P01110,F0111,A025,Economy,170.2,EUR,2025-09-18,website
B020854,P01142,F0243,A014,Economy,184.53,USD,2025-09-18,website
B020855,P01973,F0065,A044,Economy,72.22,USD,2025-09-18,mobile_app
B020856,P00145,F0299,A027,Economy,167.46,USD,2025-09-18,website
B020857,P01394,F0167,A028,Economy,77.32,EUR,2025-09-18,travel_agency
B020858,P01562,F0012,A069,Economy,152.64,USD,2025-09-18,website
B020859,P00712,F0267,A038,Premium Economy,395.82,EUR,2025-09-18,website
B020860,P01921,F0233,A006,Economy,90.84,GBP,2025-09-18,mobile_app
B020861,P01768,F0100,A006,Economy,146.89,USD,2025-09-18,mobile_app
B020862,P01277,F0125,A002,Business,626.51,USD,2025-09-18,mobile_app
B020863,P01986,F0143,A009,Economy,143.98,EUR,2025-09-18,website
B020864,P00341,F0008,A059,Premium Economy,419.63,EUR,2025-09-18,website
B020865,P00318,F0312,A033,Business,742.67,USD,2025-09-18,website
B020866,P01275,F0335,A076,Economy,72.4,USD,2025-09-18,travel_agency
B020867,P00148,F0266,A069,Economy,103.81,EUR,2025-09-18,website
B020868,P01824,F0033,A014,Economy,158.9,EUR,2025-09-18,website
B020869,P00774,F0230,A029,Economy,74.09,EUR,2025-09-18,website
B020870,P00330,F0172,A014,Economy,104.91,EUR,2025-09-18,website
B020871,P00176,F0305,A044,Economy,130.48,GBP,2025-09-18,mobile_app
B020872,P00499,F0159,A080,Economy,137.89,EUR,2025-09-18,website
B020873,P01707,F0001,A042,Economy,138.55,EUR,2025-09-18,travel_agency
B020874,P00405,F0246,A051,Economy,86.42,EUR,2025-09-18,travel_agency
B020875,P00582,F0146,A034,Economy,187.5,EUR,2025-09-18,travel_agency
B020876,P01387,F0151,A038,Economy,190.89,EUR,2025-09-18,mobile_app
B020877,P01307,F0030,A010,Economy,127.95,EUR,2025-09-18,website
B020878,P00472,F0321,A035,Economy,192.69,EUR,2025-09-18,website
B020879,P01240,F0336,A038,Economy,194.41,GBP,2025-09-18,mobile_app
B020880,P01336,F0040,A021,Economy,112.74,EUR,2025-09-18,website
B020881,P00694,F0016,A008,Economy,143.43,USD,2025-09-18,call_center
B020882,P01442,F0253,A032,Business,1116.85,GBP,2025-09-18,website
B020883,P00104,F0348,A056,Business,662.76,EUR,2025-09-18,mobile_app
B020884,P01036,F0024,A055,Economy,166.91,USD,2025-09-18,website
B020885,P00544,F0162,A054,Economy,73.4,EUR,2025-09-18,mobile_app
B020886,P01084,F0349,A001,Economy,110.29,EUR,2025-09-18,website
B020887,P01557,F0109,A029,Business,1270.51,GBP,2025-09-18,website
B020888,P01009,F0068,A044,Business,522.22,EUR,2025-09-18,travel_agency
B020889,P00311,F0312,A033,Business,696.5,EUR,2025-09-18,travel_agency
B020890,P01900,F0092,A080,Economy,130.72,GBP,2025-09-18,mobile_app
B020891,P01917,F0339,A011,Economy,131.48,EUR,2025-09-18,call_center
B020892,P01720,F0228,A067,Economy,137.68,EUR,2025-09-18,call_center
B020893,P00588,F0241,A051,Economy,167.07,GBP,2025-09-18,travel_agency
B020894,P00565,F0139,A076,Economy,191.26,EUR,2025-09-18,mobile_app
B020895,P00617,F0360,A061,Economy,117.47,USD,2025-09-18,mobile_app
B020896,P00022,F0312,A033,Economy,105.6,USD,2025-09-18,travel_agency
B020897,P00484,F0327,A050,Economy,129.12,EUR,2025-09-18,mobile_app
B020898,P00871,F0364,A042,First,2018.01,EUR,2025-09-18,website
B020899,P01699,F0182,A023,Economy,184.79,USD,2025-09-18,website
B020900,P01688,F0286,A001,Premium Economy,434.77,USD,2025-09-18,mobile_app
B020901,P01701,F0089,A057,Economy,150.24,USD,2025-09-18,travel_agency
B020902,P00815,F0137,A039,Economy,191.07,USD,2025-09-18,travel_agency
B020903,P00715,F0163,A011,Premium Economy,405.27,EUR,2025-09-18,call_center
B020904,P01668,F0094,A028,Business,1234.99,EUR,2025-09-18,mobile_app
B020905,P00687,F0227,A053,Business,1114.33,EUR,2025-09-18,website
B020906,P01019,F0079,A049,Premium Economy,309.56,USD,2025-09-18,mobile_app
B020907,P01936,F0201,A039,Economy,120.56,EUR,2025-09-18,mobile_app
B020908,P01018,F0089,A057,Economy,174.05,EUR,2025-09-18,website
B020909,P01145,F0239,A050,Economy,196.8,EUR,2025-09-18,website
B020910,P00127,F0185,A078,Economy,150.94,EUR,2025-09-18,website
B020911,P00758,F0249,A079,Business,1258.49,USD,2025-09-18,website
B020912,P02021,F0219,A010,Economy,166.68,EUR,2025-09-18,website
B020913,P00789,F0180,A060,Premium Economy,254.65,EUR,2025-09-18,website
B020914,P01055,F0324,A040,Economy,135.53,EUR,2025-09-18,call_center
B020915,P01682,F0111,A025,Economy,141.96,GBP,2025-09-18,website
B020916,P00575,F0168,A056,Economy,93.69,USD,2025-09-18,travel_agency
B020917,P01241,F0080,A034,Economy,175.25,GBP,2025-09-18,mobile_app
B020918,P00415,F0081,A025,Economy,186.49,GBP,2025-09-18,call_center
B020919,P01958,F0136,A004,Economy,99.66,EUR,2025-09-18,website
B020920,P00058,F0151,A038,Economy,146.8,EUR,2025-09-18,travel_agency
B020921,P02003,F0330,A064,Economy,115.79,EUR,2025-09-18,website
B020922,P00861,F0200,A028,Economy,121.91,USD,2025-09-18,mobile_app
B020923,P01848,F0007,A015,Premium Economy,427.47,USD,2025-09-18,call_center
B020924,P00715,F0214,A038,Business,745.9,USD,2025-09-18,mobile_app
B020925,P00176,F0035,A033,Economy,172.9,EUR,2025-09-18,mobile_app
B020926,P00492,F0283,A008,Economy,188.66,GBP,2025-09-18,website
B020927,P01543,F0320,A030,Economy,121.48,EUR,2025-09-18,mobile_app
B020928,P00246,F0136,A004,Business,1137.61,EUR,2025-09-18,call_center
B020929,P00367,F0219,A010,Premium Economy,463.95,USD,2025-09-18,website
B020930,P01416,F0111,A025,Economy,84.23,USD,2025-09-18,mobile_app
B020931,P00367,F0201,A039,Premium Economy,344.12,EUR,2025-09-18,website
B020932,P00492,F0139,A076,Economy,193.19,USD,2025-09-18,mobile_app
B020933,P00889,F0120,A080,Economy,148.96,USD,2025-09-18,website
B020934,P01160,F0192,A037,Economy,183.7,EUR,2025-09-18,mobile_app
B020935,P00145,F0141,A046,Economy,126.86,EUR,2025-09-18,website
B020936,P01587,F0012,A069,First,2453.35,USD,2025-09-18,mobile_app
B020937,P00897,F0143,A009,Economy,135.85,EUR,2025-09-18,website
B020938,P01901,F0039,A032,Economy,72.11,EUR,2025-09-18,website
B020939,P00168,F0100,A006,Economy,77.07,EUR,2025-09-18,travel_agency
B020940,P01570,F0133,A038,Premium Economy,344.18,EUR,2025-09-18,website
B020941,P01437,F0021,A024,Economy,186.89,USD,2025-09-18,mobile_app
B020942,P00663,F0188,A047,Economy,84.63,USD,2025-09-18,mobile_app
B020943,P01920,F0076,A059,Business,1136.87,EUR,2025-09-18,travel_agency
B020944,P01346,F0053,A031,Economy,144.63,EUR,2025-09-18,travel_agency
B020945,P01993,F0108,A078,Economy,105.68,EUR,2025-09-18,website
B020946,P00049,F0270,A044,Premium Economy,310.71,USD,2025-09-18,travel_agency
B020947,P01645,F0013,A078,Economy,136.02,USD,2025-09-18,mobile_app
B020948,P01216,F0031,A065,First,2997.09,EUR,2025-09-18,website
B020949,P00074,F0165,A045,Economy,172.62,EUR,2025-09-18,mobile_app
B020950,P01558,F0044,A069,Economy,110.17,EUR,2025-09-18,mobile_app
B020951,P00094,F0320,A030,Economy,128.73,USD,2025-09-18,website
B020952,P00741,F0215,A058,Economy,165.96,USD,2025-09-18,mobile_app
B020953,P00599,F0109,A029,Economy,159.21,GBP,2025-09-18,travel_agency
B020954,P00252,F0175,A019,Premium Economy,253.22,USD,2025-09-18,mobile_app
B020955,P00999,F0117,A057,Premium Economy,237.37,EUR,2025-09-18,travel_agency
B020956,P00838,F0245,A050,Economy,187.35,USD,2025-09-18,website
B020957,P00781,F0071,A028,Premium Economy,305.91,USD,2025-09-18,travel_agency
B020958,P01964,F0251,A040,Business,948.93,USD,2025-09-18,mobile_app
B020959,P00705,F0015,A003,Economy,99.28,EUR,2025-09-18,mobile_app
B020960,P00591,F0101,A074,Economy,110.07,EUR,2025-09-18,website
B020961,P01567,F0010,A001,Economy,170.08,EUR,2025-09-18,mobile_app
B020962,P01769,F0315,A056,Economy,81.58,USD,2025-09-18,travel_agency
B020963,P01761,F0074,A077,Economy,151.01,GBP,2025-09-18,mobile_app
B020964,P01680,F0258,A039,Premium Economy,316.68,EUR,2025-09-18,website
B020965,P00177,F0315,A056,Economy,92.8,EUR,2025-09-18,website
B020966,P00482,F0326,A071,Premium Economy,240.03,USD,2025-09-18,website
B020967,P00743,F0229,A065,Economy,135.78,EUR,2025-09-18,mobile_app
B020968,P00005,F0035,A033,Economy,106.86,GBP,2025-09-18,mobile_app
B020969,P00894,F0285,A045,Economy,129.99,USD,2025-09-18,mobile_app
B020970,P01060,F0116,A020,Premium Economy,420.87,USD,2025-09-18,website
B020971,P00269,F0214,A038,Business,1319.68,USD,2025-09-18,website
B020972,P00726,F0136,A004,First,2791.4,EUR,2025-09-18,travel_agency
B020973,P00511,F0140,A048,Economy,135.58,EUR,2025-09-18,mobile_app
B020974,P00180,F0134,A072,Economy,170.31,USD,2025-09-18,website
B020975,P01508,F0202,A064,Economy,143.54,USD,2025-09-18,website
B020976,P00718,F0042,A026,Economy,81.47,GBP,2025-09-18,call_center
B020977,P01040,F0334,A032,Premium Economy,369.19,EUR,2025-09-18,call_center
B020978,P01976,F0076,A059,Economy,105.17,EUR,2025-09-18,website
B020979,P01301,F0046,A015,Economy,135.24,USD,2025-09-18,call_center
B020980,P01441,F0205,A065,Economy,77.45,EUR,2025-09-18,website
B020981,P00494,F0090,A063,Economy,138.71,EUR,2025-09-18,website
B020982,P01715,F0240,A021,Economy,78.71,EUR,2025-09-18,mobile_app
B020983,P00640,F0222,A018,Economy,174.39,USD,2025-09-18,website
B020984,P00811,F0054,A079,Economy,133.95,EUR,2025-09-18,mobile_app
B020985,P02025,F0150,A036,Economy,181.85,EUR,2025-09-18,website
B020986,P00486,F0149,A014,Economy,80.78,EUR,2025-09-18,mobile_app
B020987,P00746,F0276,A059,Economy,90.86,EUR,2025-09-18,mobile_app
B020988,P00294,F0265,A026,Economy,89.75,USD,2025-09-18,travel_agency
B020989,P00645,F0035,A033,Economy,146.69,EUR,2025-09-18,website
B020990,P01430,F0255,A061,Economy,152.12,EUR,2025-09-18,website
B020991,P00430,F0050,A073,Economy,182.29,EUR,2025-09-18,website
B020992,P01278,F0266,A069,Economy,122.98,EUR,2025-09-18,website
B020993,P01597,F0321,A035,First,2239.6,USD,2025-09-18,website
B020994,P01433,F0013,A078,Premium Economy,404.19,EUR,2025-09-18,website
B020995,P00665,F0184,A043,Economy,78.6,EUR,2025-09-18,website
B020996,P00415,F0143,A009,Economy,113.26,EUR,2025-09-18,website
B020997,P00682,F0130,A018,Economy,177.41,USD,2025-09-18,mobile_app
B020998,P00116,F0059,A067,Economy,183.01,EUR,2025-09-18,mobile_app
B020999,P01537,F0069,A070,Economy,156.72,EUR,2025-09-18,mobile_app
B021000,P01585,F0090,A063,Economy,102.06,USD,2025-09-18,travel_agency
B021001,P00591,F0103,A045,Economy,115.93,EUR,2025-09-18,website
B021002,P00761,F0021,A024,Economy,87.13,EUR,2025-09-18,website
B021003,P01494,F0012,A069,Economy,99.15,USD,2025-09-18,mobile_app
B021004,P00362,F0280,A012,Business,1265.51,USD,2025-09-18,website
B021005,P00609,F0328,A018,Economy,102.48,EUR,2025-09-18,website
B021006,P01881,F0216,A052,Economy,102.32,USD,2025-09-18,website
B021007,P00106,F0323,A020,Business,1101.82,GBP,2025-09-18,website
B021008,P01251,F0039,A032,Premium Economy,199.17,GBP,2025-09-18,website
B021009,P00177,F0361,A027,Economy,120.49,USD,2025-09-18,website
B021010,P00655,F0288,A015,Business,969.49,GBP,2025-09-18,website
B021011,P01468,F0161,A052,Economy,117.83,USD,2025-09-18,website
B021012,P01230,F0180,A060,Premium Economy,239.98,USD,2025-09-18,website
B021013,P00661,F0361,A027,Premium Economy,436.83,GBP,2025-09-18,website
B021014,P00055,F0363,A046,Economy,121.24,EUR,2025-09-18,travel_agency
B021015,P00792,F0358,A030,Economy,73.57,EUR,2025-09-18,mobile_app
B021016,P00020,F0274,A016,Economy,126.06,GBP,2025-09-18,travel_agency
B021017,P00103,F0177,A041,Economy,104.0,GBP,2025-09-18,mobile_app
B021018,P00393,F0180,A060,Economy,196.7,EUR,2025-09-18,mobile_app
B021019,P01288,F0187,A017,Economy,155.6,EUR,2025-09-18,website
B021020,P01673,F0014,A048,Economy,196.92,USD,2025-09-18,website
B021021,P00204,F0276,A059,Business,1126.29,EUR,2025-09-18,website
B021022,P01307,F0076,A059,Economy,106.75,USD,2025-09-18,website
B021023,P00850,F0320,A030,Economy,79.74,USD,2025-09-18,website
B021024,P01649,F0245,A050,Premium Economy,258.7,USD,2025-09-18,website
B021025,P00192,F0219,A010,Economy,115.64,USD,2025-09-18,mobile_app
B021026,P00019,F0345,A058,Business,1372.45,EUR,2025-09-18,website
B021027,P01483,F0289,A077,Economy,160.34,USD,2025-09-18,website
B021028,P01746,F0329,A036,Business,731.89,EUR,2025-09-18,mobile_app
B021029,P01885,F0108,A078,Premium Economy,249.58,GBP,2025-09-18,travel_agency
B021030,P00666,F0263,A068,Premium Economy,240.34,EUR,2025-09-18,call_center
B021031,P01096,F0243,A014,Economy,134.29,USD,2025-09-18,travel_agency
B021032,P00899,F0041,A032,Economy,163.56,EUR,2025-09-18,website
B021033,P00624,F0050,A073,Economy,146.36,EUR,2025-09-18,mobile_app
B021034,P01359,F0232,A020,Economy,124.54,GBP,2025-09-18,mobile_app
B021035,P00801,F0193,A074,Premium Economy,205.8,EUR,2025-09-18,website
B021036,P02040,F0055,A052,Economy,159.42,EUR,2025-09-18,mobile_app
B021037,P00152,F0054,A079,Economy,119.79,EUR,2025-09-18,website
B021038,P00069,F0361,A027,Economy,171.06,EUR,2025-09-18,mobile_app
B021039,P01606,F0313,A032,Economy,138.5,USD,2025-09-18,website
B021040,P01306,F0216,A052,Economy,173.25,EUR,2025-09-18,website
B021041,P00645,F0338,A069,Economy,184.32,EUR,2025-09-18,website
B021042,P02007,F0204,A024,Economy,103.28,EUR,2025-09-18,website
B021043,P01869,F0269,A015,Economy,127.41,EUR,2025-09-18,website
B021044,P00290,F0346,A044,Premium Economy,389.93,EUR,2025-09-18,mobile_app
B021045,P01134,F0089,A057,Business,1303.3,EUR,2025-09-18,website
B021046,P01347,F0088,A038,Economy,150.78,EUR,2025-09-18,call_center
B021047,P01007,F0169,A046,Premium Economy,405.29,USD,2025-09-18,website
B021048,P01291,F0345,A058,Economy,129.23,EUR,2025-09-18,website
B021049,P00713,F0251,A040,Economy,78.42,USD,2025-09-18,mobile_app
B021050,P00270,F0278,A073,Premium Economy,244.97,EUR,2025-09-18,travel_agency
B021051,P01270,F0287,A049,Economy,77.57,GBP,2025-09-18,website
B021052,P01052,F0242,A037,Economy,109.24,USD,2025-09-18,website
B021053,P01199,F0289,A077,Business,1149.48,USD,2025-09-18,call_center
B021054,P00093,F0118,A020,Economy,88.28,EUR,2025-09-18,travel_agency
B021055,P01917,F0224,A047,Premium Economy,312.85,EUR,2025-09-18,website
B021056,P01562,F0250,A073,Economy,166.56,USD,2025-09-18,website
B021057,P01267,F0104,A064,Economy,186.58,EUR,2025-09-18,website
B021058,P01897,F0123,A073,Economy,104.11,USD,2025-09-18,travel_agency
B021059,P00658,F0091,A073,Economy,128.52,USD,2025-09-18,travel_agency
B021060,P00290,F0318,A010,Economy,104.62,EUR,2025-09-18,mobile_app
B021061,P01452,F0359,A031,First,1386.43,EUR,2025-09-18,travel_agency
B021062,P00050,F0049,A038,Economy,107.91,EUR,2025-09-18,website
B021063,P01617,F0058,A071,Premium Economy,356.16,USD,2025-09-18,call_center
B021064,P01458,F0079,A049,Economy,186.07,USD,2025-09-18,website
B021065,P01910,F0359,A031,Economy,135.09,EUR,2025-09-18,website
B021066,P01401,F0320,A030,Business,848.12,USD,2025-09-18,travel_agency
B021067,P00378,F0100,A006,Premium Economy,424.75,GBP,2025-09-18,mobile_app
B021068,P01394,F0130,A018,Premium Economy,483.35,USD,2025-09-18,website
B021069,P00318,F0020,A044,Economy,93.17,EUR,2025-09-18,website
B021070,P01641,F0050,A073,Economy,162.02,EUR,2025-09-18,website
B021071,P01504,F0089,A057,Economy,164.5,EUR,2025-09-18,travel_agency
B021072,P01377,F0276,A059,Economy,176.14,USD,2025-09-18,mobile_app
B021073,P01615,F0105,A042,First,2341.98,EUR,2025-09-18,call_center
B021074,P00103,F0195,A014,Economy,127.48,EUR,2025-09-18,travel_agency
B021075,P00301,F0277,A028,Economy,185.01,USD,2025-09-18,website
B021076,P00715,F0065,A044,Economy,88.0,EUR,2025-09-18,website
B021077,P00959,F0185,A078,Economy,169.6,EUR,2025-09-18,travel_agency
B021078,P00527,F0272,A032,Economy,191.24,EUR,2025-09-18,mobile_app
B021079,P01661,F0223,A045,Premium Economy,211.81,GBP,2025-09-18,website
B021080,P00329,F0073,A026,First,2380.69,GBP,2025-09-18,website
B021081,P00992,F0005,A007,Economy,195.66,EUR,2025-09-18,website
B021082,P01125,F0040,A021,Economy,131.42,EUR,2025-09-18,call_center
B021083,P00374,F0222,A018,Economy,146.97,USD,2025-09-18,travel_agency
B021084,P00009,F0063,A062,First,2802.7,EUR,2025-09-18,website
B021085,P00135,F0212,A064,Business,556.84,EUR,2025-09-18,website
B021086,P00539,F0288,A015,Economy,87.37,USD,2025-09-18,website
B021087,P01230,F0254,A054,Economy,116.4,USD,2025-09-18,travel_agency
B021088,P00302,F0211,A048,Economy,196.33,EUR,2025-09-18,mobile_app
B021089,P01958,F0064,A078,Economy,158.37,EUR,2025-09-18,website
B021090,P00901,F0323,A020,Business,1170.82,EUR,2025-09-18,travel_agency
B021091,P01305,F0208,A062,Economy,101.4,USD,2025-09-18,website
B021092,P00429,F0341,A066,Economy,77.9,GBP,2025-09-18,travel_agency
B021093,P01149,F0118,A020,Economy,125.9,EUR,2025-09-18,website
B021094,P01650,F0062,A008,Business,1351.57,EUR,2025-09-18,travel_agency
B021095,P00943,F0144,A077,Economy,194.27,USD,2025-09-18,travel_agency
B021096,P01172,F0265,A026,Economy,121.9,USD,2025-09-18,mobile_app
B021097,P00125,F0139,A076,Economy,196.54,EUR,2025-09-18,website
B021098,P01548,F0007,A015,Economy,196.49,EUR,2025-09-18,website
B021099,P00449,F0104,A064,Business,565.53,GBP,2025-09-18,mobile_app
B021100,P01690,F0312,A033,Economy,134.62,USD,2025-09-18,mobile_app
B021101,P00697,F0280,A012,Premium Economy,439.41,GBP,2025-09-18,website
B021102,P01225,F0047,A069,Economy,121.12,USD,2025-09-18,mobile_app
B021103,P00330,F0256,A049,Economy,146.41,GBP,2025-09-18,website
B021104,P01811,F0132,A070,Economy,177.75,EUR,2025-09-18,travel_agency
B021105,P00593,F0103,A045,Economy,75.01,EUR,2025-09-18,website
B021106,P00503,F0031,A065,Economy,173.49,USD,2025-09-18,website
B021107,P00482,F0299,A027,Business,1228.81,EUR,2025-09-18,mobile_app
B021108,P01531,F0347,A072,Economy,152.4,USD,2025-09-18,website
B021109,P00408,F0338,A069,Economy,95.34,USD,2025-09-18,travel_agency
B021110,P01322,F0199,A061,First,1123.88,USD,2025-09-18,website
B021111,P00591,F0159,A080,Premium Economy,273.75,USD,2025-09-18,website
B021112,P00196,F0138,A013,Economy,181.24,USD,2025-09-18,website
B021113,P01680,F0364,A042,Economy,105.84,EUR,2025-09-18,mobile_app
B021114,P01465,F0248,A059,Economy,154.82,EUR,2025-09-18,website
B021115,P00624,F0342,A051,Economy,189.44,USD,2025-09-18,call_center
B021116,P01281,F0350,A069,Premium Economy,408.96,EUR,2025-09-18,mobile_app
B021117,P01272,F0196,A066,Business,1387.6,EUR,2025-09-18,mobile_app
B021118,P00687,F0318,A010,Business,644.54,EUR,2025-09-18,travel_agency
B021119,P00078,F0112,A065,Economy,72.61,GBP,2025-09-18,call_center
B021120,P00572,F0318,A010,Premium Economy,281.18,USD,2025-09-18,website
B021121,P00628,F0147,A047,Economy,174.82,EUR,2025-09-18,website
B021122,P00670,F0330,A064,Economy,125.12,EUR,2025-09-18,travel_agency
B021123,P01472,F0264,A018,Economy,117.54,EUR,2025-09-18,mobile_app
B021124,P01180,F0110,A035,Business,746.59,USD,2025-09-18,website
B021125,P00571,F0268,A059,Economy,100.74,USD,2025-09-18,website
B021126,P01044,F0054,A079,Premium Economy,446.34,USD,2025-09-18,website
B021127,P01129,F0018,A061,Economy,197.83,EUR,2025-09-18,travel_agency
B021128,P01918,F0081,A025,Business,1149.98,EUR,2025-09-18,website
B021129,P00997,F0129,A064,First,2393.88,USD,2025-09-18,website
B021130,P00561,F0088,A038,Business,1411.67,USD,2025-09-18,website
B021131,P00543,F0054,A079,Economy,131.46,EUR,2025-09-18,website
B021132,P01028,F0106,A007,Economy,76.86,USD,2025-09-18,mobile_app
B021133,P00023,F0266,A069,Economy,102.43,GBP,2025-09-18,website
B021134,P01607,F0129,A064,Economy,145.46,GBP,2025-09-18,mobile_app
B021135,P01479,F0098,A022,Business,958.89,EUR,2025-09-18,mobile_app
B021136,P01196,F0304,A020,Economy,193.83,EUR,2025-09-18,mobile_app
B021137,P00216,F0031,A065,Economy,147.5,EUR,2025-09-18,website
B021138,P00752,F0090,A063,Premium Economy,183.53,USD,2025-09-18,travel_agency
B021139,P01227,F0224,A047,Economy,130.38,EUR,2025-09-18,mobile_app
B021140,P01312,F0257,A034,Economy,129.04,USD,2025-09-18,website
B021141,P00320,F0008,A059,Business,1087.37,EUR,2025-09-18,website
B021142,P00396,F0059,A067,Economy,97.12,USD,2025-09-18,website
B021143,P01127,F0325,A058,Economy,103.37,EUR,2025-09-18,website
B021144,P00442,F0249,A079,Economy,103.82,EUR,2025-09-18,travel_agency
B021145,P01322,F0297,A058,Economy,175.28,USD,2025-09-18,mobile_app
B021146,P00358,F0115,A030,Economy,125.59,EUR,2025-09-18,travel_agency
B021147,P00511,F0104,A064,Economy,141.01,USD,2025-09-18,website
B021148,P01166,F0117,A057,Economy,176.05,GBP,2025-09-18,website
B021149,P00074,F0090,A063,Economy,184.5,GBP,2025-09-18,mobile_app
B021150,P01472,F0331,A051,Economy,189.67,EUR,2025-09-18,website
B021151,P00202,F0249,A079,Economy,136.9,EUR,2025-09-18,travel_agency
B021152,P01542,F0276,A059,Economy,78.44,EUR,2025-09-18,mobile_app
B021153,P01172,F0190,A044,Economy,161.42,EUR,2025-09-18,website
B021154,P01811,F0274,A016,Business,611.06,USD,2025-09-18,mobile_app
B021155,P01764,F0112,A065,Business,1132.9,USD,2025-09-18,mobile_app
B021156,P00926,F0210,A033,Economy,119.45,EUR,2025-09-18,mobile_app
B021157,P01327,F0046,A015,Economy,149.15,GBP,2025-09-18,travel_agency
B021158,P00843,F0058,A071,Premium Economy,228.12,USD,2025-09-18,mobile_app
B021159,P00409,F0025,A070,Business,692.47,USD,2025-09-18,mobile_app
B021160,P01886,F0207,A043,Premium Economy,322.83,EUR,2025-09-18,mobile_app
B021161,P00830,F0231,A017,Economy,72.27,EUR,2025-09-18,website
B021162,P01741,F0020,A044,Economy,86.62,GBP,2025-09-18,website
B021163,P01437,F0005,A007,Economy,130.11,GBP,2025-09-18,travel_agency
B021164,P01081,F0214,A038,Economy,99.25,EUR,2025-09-18,website
B021165,P01447,F0058,A071,Economy,114.42,EUR,2025-09-18,website
B021166,P00487,F0064,A078,Economy,157.46,EUR,2025-09-18,mobile_app
B021167,P00936,F0161,A052,Economy,105.04,EUR,2025-09-18,travel_agency
B021168,P01446,F0037,A015,Premium Economy,176.28,EUR,2025-09-18,website
B021169,P01558,F0187,A017,Premium Economy,209.43,EUR,2025-09-18,website
B021170,P00877,F0201,A039,Premium Economy,312.36,EUR,2025-09-18,mobile_app
B021171,P01244,F0243,A014,Business,1254.66,USD,2025-09-18,mobile_app
B021172,P00494,F0186,A051,Business,1414.32,GBP,2025-09-18,mobile_app
B021173,P01426,F0079,A049,Premium Economy,354.58,EUR,2025-09-18,travel_agency
B021174,P00917,F0091,A073,Economy,107.7,USD,2025-09-18,website
B021175,P00566,F0085,A016,Economy,159.69,EUR,2025-09-18,website
B021176,P00213,F0356,A077,Economy,172.69,USD,2025-09-18,website
B021177,P00412,F0228,A067,Business,589.42,EUR,2025-09-18,mobile_app
B021178,P01477,F0207,A043,Economy,100.16,USD,2025-09-18,website
B021179,P01344,F0126,A076,Economy,150.35,GBP,2025-09-18,mobile_app
B021180,P01726,F0246,A051,Economy,157.23,USD,2025-09-18,website
B021181,P02036,F0151,A038,Economy,72.97,EUR,2025-09-18,mobile_app
B021182,P01515,F0216,A052,Premium Economy,449.08,USD,2025-09-18,website
B021183,P01547,F0099,A039,Premium Economy,241.18,GBP,2025-09-18,website
B021184,P00195,F0259,A072,Premium Economy,423.48,USD,2025-09-18,website
B021185,P00558,F0312,A033,First,2750.44,EUR,2025-09-18,mobile_app
B021186,P01811,F0009,A065,Economy,97.67,GBP,2025-09-18,mobile_app
B021187,P00732,F0216,A052,Economy,76.17,EUR,2025-09-18,website
B021188,P01557,F0050,A073,Economy,92.75,EUR,2025-09-18,mobile_app
B021189,P01827,F0222,A018,Economy,136.56,EUR,2025-09-18,website
B021190,P01333,F0265,A026,Economy,90.11,EUR,2025-09-18,mobile_app
B021191,P01585,F0224,A047,Economy,83.56,EUR,2025-09-18,travel_agency
B021192,P01105,F0029,A041,Premium Economy,269.83,EUR,2025-09-18,website
B021193,P01757,F0253,A032,Business,547.57,EUR,2025-09-18,website
B021194,P01476,F0213,A078,Economy,142.62,USD,2025-09-18,mobile_app
B021195,P00511,F0116,A020,Economy,129.77,GBP,2025-09-18,website
B021196,P01003,F0316,A073,Economy,119.38,EUR,2025-09-18,website
B021197,P00674,F0093,A040,Economy,126.29,GBP,2025-09-18,website
B021198,P00033,F0086,A076,Economy,119.27,EUR,2025-09-18,website
B021199,P00724,F0340,A073,Economy,139.22,EUR,2025-09-18,travel_agency
B021200,P01453,F0193,A074,Economy,120.72,USD,2025-09-18,travel_agency
B021201,P01628,F0242,A037,Premium Economy,263.41,EUR,2025-09-18,website
B021202,P00765,F0139,A076,Economy,167.11,EUR,2025-09-18,call_center
B021203,P00639,F0176,A064,Economy,154.53,EUR,2025-09-18,mobile_app
B021204,P01080,F0214,A038,Economy,112.2,GBP,2025-09-18,mobile_app
B021205,P01748,F0152,A028,Economy,75.89,EUR,2025-09-18,website
B021206,P00728,F0052,A022,Business,531.04,EUR,2025-09-18,website
B021207,P00275,F0097,A015,Premium Economy,470.0,EUR,2025-09-18,website
B021208,P01044,F0064,A078,Economy,128.7,EUR,2025-09-18,mobile_app
B021209,P00109,F0120,A080,Economy,176.96,USD,2025-09-18,mobile_app
B021210,P01049,F0286,A001,Business,1196.53,USD,2025-09-18,mobile_app
B021211,P01276,F0122,A008,Business,1420.09,USD,2025-09-18,mobile_app
B021212,P00636,F0031,A065,Economy,128.56,EUR,2025-09-18,website
B021213,P01300,F0241,A051,First,2856.2,EUR,2025-09-18,mobile_app
B021214,P00106,F0222,A018,Economy,171.66,GBP,2025-09-18,call_center
B021215,P01834,F0243,A014,Premium Economy,188.48,GBP,2025-09-18,travel_agency
B021216,P01728,F0003,A018,Economy,101.45,EUR,2025-09-18,mobile_app
B021217,P02016,F0324,A040,Economy,99.92,GBP,2025-09-18,website
B021218,P00897,F0054,A079,Economy,125.18,GBP,2025-09-18,call_center
B021219,P00456,F0069,A070,Economy,190.96,EUR,2025-09-18,travel_agency
B021220,P00958,F0306,A046,Premium Economy,450.71,EUR,2025-09-18,travel_agency
B021221,P00301,F0161,A052,Premium Economy,187.23,EUR,2025-09-18,website
B021222,P01744,F0354,A050,Economy,170.53,GBP,2025-09-18,mobile_app
B021223,P01715,F0176,A064,Economy,151.44,EUR,2025-09-18,mobile_app
B021224,P01748,F0199,A061,Economy,111.98,USD,2025-09-18,website
B021225,P01751,F0274,A016,Economy,125.56,USD,2025-09-18,travel_agency
B021226,P01211,F0360,A061,Economy,167.48,EUR,2025-09-18,website
B021227,P01439,F0223,A045,Premium Economy,380.54,USD,2025-09-18,website
B021228,P01805,F0092,A080,Economy,116.43,GBP,2025-09-18,call_center
B021229,P02039,F0160,A035,Economy,197.68,EUR,2025-09-18,travel_agency
B021230,P01057,F0040,A021,Economy,132.2,USD,2025-09-18,website
B021231,P00998,F0192,A037,Economy,110.26,EUR,2025-09-18,mobile_app
B021232,P01353,F0208,A062,Economy,174.5,EUR,2025-09-18,website
B021233,P01513,F0109,A029,Economy,186.93,USD,2025-09-18,mobile_app
B021234,P01130,F0012,A069,Economy,155.99,USD,2025-09-18,mobile_app
B021235,P00188,F0057,A060,Economy,180.08,EUR,2025-09-18,travel_agency
B021236,P00152,F0351,A032,Economy,83.3,EUR,2025-09-18,mobile_app
B021237,P00601,F0168,A056,Premium Economy,378.9,EUR,2025-09-18,mobile_app
B021238,P00439,F0147,A047,Business,1108.81,EUR,2025-09-18,call_center
B021239,P01395,F0006,A050,Economy,173.97,EUR,2025-09-18,website
B021240,P01970,F0212,A064,Economy,190.92,USD,2025-09-18,mobile_app
B021241,P01708,F0220,A015,Economy,101.0,USD,2025-09-18,website
B021242,P01077,F0053,A031,Economy,132.7,USD,2025-09-18,website
B021243,P02034,F0320,A030,Economy,172.1,EUR,2025-09-18,website
B021244,P00565,F0170,A041,Premium Economy,406.7,EUR,2025-09-18,mobile_app
B021245,P00873,F0193,A074,Economy,179.72,EUR,2025-09-18,call_center
B021246,P00380,F0291,A038,Premium Economy,295.79,GBP,2025-09-18,website
B021247,P00894,F0049,A038,Premium Economy,355.54,USD,2025-09-18,website
B021248,P01019,F0222,A018,Economy,104.18,USD,2025-09-18,mobile_app
B021249,P01899,F0185,A078,Economy,178.03,USD,2025-09-18,mobile_app
B021250,P02001,F0034,A037,Economy,87.04,EUR,2025-09-18,website
B021251,P00746,F0300,A032,Economy,179.73,EUR,2025-09-18,mobile_app
B021252,P01336,F0129,A064,Premium Economy,478.51,USD,2025-09-18,mobile_app
B021253,P00363,F0359,A031,Business,633.76,USD,2025-09-18,website
B021254,P00163,F0273,A075,Economy,147.16,EUR,2025-09-18,website
B021255,P01304,F0143,A009,Economy,103.3,USD,2025-09-18,website
B021256,P01511,F0335,A076,Premium Economy,245.35,EUR,2025-09-18,mobile_app
B021257,P00991,F0311,A023,Premium Economy,440.13,USD,2025-09-18,website
B021258,P00252,F0154,A061,Business,1203.46,USD,2025-09-18,mobile_app
B021259,P01491,F0034,A037,Premium Economy,407.29,USD,2025-09-18,website
B021260,P01058,F0102,A067,Business,1081.65,EUR,2025-09-18,mobile_app
B021261,P00856,F0223,A045,Economy,131.54,EUR,2025-09-18,website
B021262,P01521,F0123,A073,Premium Economy,466.83,EUR,2025-09-18,mobile_app
B021263,P01596,F0001,A042,Economy,99.74,GBP,2025-09-18,mobile_app
B021264,P01839,F0246,A051,Premium Economy,260.37,GBP,2025-09-18,travel_agency
B021265,P01238,F0231,A017,Economy,137.53,USD,2025-09-18,call_center
B021266,P01213,F0317,A005,Premium Economy,232.52,USD,2025-09-18,website
B021267,P00047,F0056,A023,Economy,91.07,USD,2025-09-18,website
B021268,P01107,F0078,A032,Economy,124.52,EUR,2025-09-18,website
B021269,P00856,F0055,A052,Business,1222.53,EUR,2025-09-18,website
B021270,P01663,F0062,A008,Economy,165.49,USD,2025-09-18,website
B021271,P00663,F0026,A068,Economy,189.09,EUR,2025-09-18,website
B021272,P01690,F0161,A052,Economy,107.54,EUR,2025-09-18,travel_agency
B021273,P01857,F0130,A018,Business,1053.8,EUR,2025-09-18,website
B021274,P01699,F0115,A030,Economy,93.55,EUR,2025-09-18,website
B021275,P02012,F0265,A026,Economy,197.97,USD,2025-09-18,mobile_app
B021276,P01837,F0157,A065,Economy,131.45,EUR,2025-09-18,website
B021277,P00764,F0231,A017,Business,620.82,EUR,2025-09-18,mobile_app
B021278,P01994,F0314,A049,Economy,118.51,USD,2025-09-18,website
B021279,P00335,F0249,A079,Economy,154.03,EUR,2025-09-18,website
B021280,P00499,F0279,A022,Economy,114.9,GBP,2025-09-18,website
B021281,P00735,F0327,A050,Economy,197.59,USD,2025-09-18,mobile_app
B021282,P00287,F0141,A046,Economy,127.69,EUR,2025-09-18,website
B021283,P01614,F0199,A061,Economy,74.26,GBP,2025-09-18,mobile_app
B021284,P01046,F0321,A035,Economy,175.97,USD,2025-09-18,website
B021285,P01165,F0165,A045,Economy,152.62,EUR,2025-09-18,travel_agency
B021286,P01552,F0226,A012,Business,1094.4,GBP,2025-09-18,website
B021287,P01693,F0115,A030,Business,595.46,EUR,2025-09-18,mobile_app
B021288,P01175,F0318,A010,Economy,108.34,USD,2025-09-18,website
B021289,P00071,F0226,A012,Economy,112.38,USD,2025-09-18,travel_agency
B021290,P00126,F0314,A049,Economy,157.92,GBP,2025-09-18,website
B021291,P00149,F0225,A047,Economy,159.69,EUR,2025-09-18,mobile_app
B021292,P01333,F0076,A059,Economy,125.55,USD,2025-09-18,mobile_app
B021293,P01735,F0342,A051,Business,1262.9,GBP,2025-09-18,website
B021294,P01367,F0157,A065,Premium Economy,179.3,EUR,2025-09-18,travel_agency
B021295,P00645,F0253,A032,Economy,139.56,GBP,2025-09-18,mobile_app
B021296,P01889,F0330,A064,Economy,72.42,EUR,2025-09-18,website
B021297,P01431,F0036,A017,Economy,138.68,USD,2025-09-18,call_center
B021298,P01037,F0327,A050,First,1282.53,EUR,2025-09-18,website
B021299,P00152,F0157,A065,Business,1006.7,EUR,2025-09-18,mobile_app
B021300,P01313,F0218,A073,Economy,165.39,EUR,2025-09-18,mobile_app
B021301,P00613,F0049,A038,Economy,173.72,USD,2025-09-18,mobile_app
B021302,P01368,F0187,A017,Economy,140.78,EUR,2025-09-18,travel_agency
B021303,P00057,F0251,A040,First,2821.63,EUR,2025-09-18,mobile_app
B021304,P00600,F0287,A049,Economy,74.92,EUR,2025-09-18,website
B021305,P01418,F0307,A005,Economy,169.52,GBP,2025-09-18,website
B021306,P00330,F0030,A010,Economy,185.61,EUR,2025-09-18,website
B021307,P01175,F0296,A068,Economy,134.61,EUR,2025-09-18,website
B021308,P00946,F0213,A078,Economy,152.49,USD,2025-09-18,travel_agency
B021309,P00461,F0299,A027,Economy,148.97,EUR,2025-09-18,travel_agency
B021310,P00285,F0284,A054,Business,789.07,GBP,2025-09-18,website
B021311,P01924,F0084,A046,Economy,112.58,GBP,2025-09-18,mobile_app
B021312,P00140,F0066,A051,Economy,180.02,EUR,2025-09-18,website
B021313,P01333,F0356,A077,Economy,195.6,EUR,2025-09-18,mobile_app
B021314,P01810,F0109,A029,First,2394.3,EUR,2025-09-18,travel_agency
B021315,P00241,F0347,A072,Economy,104.9,USD,2025-09-18,travel_agency
B021316,P01997,F0119,A043,First,1339.74,USD,2025-09-18,website
B021317,P00528,F0183,A047,Business,767.02,EUR,2025-09-18,travel_agency
B021318,P00070,F0020,A044,Economy,108.09,EUR,2025-09-18,travel_agency
B021319,P01711,F0252,A007,Economy,175.46,USD,2025-09-18,travel_agency
B021320,P01850,F0128,A038,Premium Economy,275.71,EUR,2025-09-18,website
B021321,P01849,F0265,A026,Economy,122.2,EUR,2025-09-18,website
B021322,P00662,F0124,A031,Premium Economy,255.85,EUR,2025-09-18,website
B021323,P01432,F0118,A020,Economy,98.53,EUR,2025-09-18,website
B021324,P00228,F0220,A015,Business,978.8,USD,2025-09-18,travel_agency
B021325,P00688,F0183,A047,Business,1210.85,USD,2025-09-18,website
B021326,P00681,F0256,A049,Economy,137.51,EUR,2025-09-18,travel_agency
B021327,P02037,F0182,A023,Economy,74.41,EUR,2025-09-18,website
B021328,P01351,F0247,A052,Economy,111.59,EUR,2025-09-18,travel_agency
B021329,P00389,F0192,A037,Economy,102.6,EUR,2025-09-18,call_center
B021330,P01126,F0223,A045,Business,573.16,EUR,2025-09-18,call_center
B021331,P00963,F0343,A014,Premium Economy,400.2,USD,2025-09-18,travel_agency
B021332,P00057,F0334,A032,Economy,73.78,EUR,2025-09-18,website
B021333,P00920,F0159,A080,Economy,99.77,EUR,2025-09-18,travel_agency
B021334,P01149,F0007,A015,Premium Economy,309.97,USD,2025-09-18,mobile_app
B021335,P01090,F0004,A075,Economy,82.03,EUR,2025-09-18,website
B021336,P00440,F0145,A004,Economy,193.34,EUR,2025-09-18,website
B021337,P00677,F0203,A019,Premium Economy,398.39,USD,2025-09-18,website
B021338,P00341,F0003,A018,Economy,166.17,EUR,2025-09-18,website
B021339,P01804,F0099,A039,Premium Economy,447.15,EUR,2025-09-18,mobile_app
B021340,P01938,F0295,A029,Economy,89.44,EUR,2025-09-18,mobile_app
B021341,P01220,F0281,A073,Premium Economy,300.66,GBP,2025-09-18,call_center
B021342,P01451,F0070,A026,Economy,107.27,GBP,2025-09-18,travel_agency
B021343,P01204,F0022,A070,Premium Economy,194.1,EUR,2025-09-18,mobile_app
B021344,P01168,F0307,A005,Economy,124.87,GBP,2025-09-18,website
B021345,P00702,F0338,A069,Economy,133.58,GBP,2025-09-18,travel_agency
B021346,P01198,F0219,A010,Business,625.5,USD,2025-09-18,website
B021347,P00112,F0319,A050,Economy,76.11,USD,2025-09-18,website
B021348,P01578,F0285,A045,First,1304.13,GBP,2025-09-18,website
B021349,P00481,F0184,A043,Premium Economy,204.31,USD,2025-09-18,website
B021350,P00350,F0357,A060,Economy,145.2,GBP,2025-09-18,mobile_app
B021351,P01836,F0160,A035,Economy,121.98,EUR,2025-09-18,website
B021352,P01198,F0118,A020,Economy,153.66,USD,2025-09-18,website
B021353,P01406,F0171,A052,Economy,197.24,USD,2025-09-18,website
B021354,P00837,F0191,A080,Economy,89.85,EUR,2025-09-18,website
B021355,P01119,F0270,A044,Economy,178.93,EUR,2025-09-18,website
B021356,P01339,F0287,A049,Economy,94.05,USD,2025-09-18,website
B021357,P00341,F0206,A003,Economy,104.17,EUR,2025-09-18,mobile_app
B021358,P01291,F0247,A052,Economy,91.97,EUR,2025-09-18,travel_agency
B021359,P01737,F0257,A034,Premium Economy,355.1,EUR,2025-09-18,website
B021360,P01212,F0132,A070,Economy,104.45,EUR,2025-09-18,website
B021361,P00020,F0217,A057,Economy,106.24,GBP,2025-09-18,website
B021362,P00399,F0028,A011,Business,830.39,EUR,2025-09-18,mobile_app
B021363,P01567,F0189,A020,Economy,182.08,USD,2025-09-18,call_center
B021364,P00128,F0033,A014,Economy,102.14,USD,2025-09-18,website
B021365,P00826,F0029,A041,Premium Economy,367.99,EUR,2025-09-18,website
B021366,P00255,F0004,A075,Business,956.04,USD,2025-09-18,website
B021367,P01263,F0182,A023,Economy,146.96,GBP,2025-09-18,website
B021368,P01941,F0063,A062,Economy,124.07,EUR,2025-09-18,mobile_app
B021369,P00444,F0024,A055,Premium Economy,184.47,GBP,2025-09-18,mobile_app
B021370,P00665,F0226,A012,Economy,161.34,EUR,2025-09-18,website
B021371,P00874,F0087,A023,Economy,94.17,USD,2025-09-18,mobile_app
B021372,P01298,F0342,A051,Premium Economy,385.76,USD,2025-09-18,call_center
B021373,P01292,F0242,A037,Economy,104.49,EUR,2025-09-18,mobile_app
B021374,P01684,F0087,A023,Economy,183.41,USD,2025-09-18,website
B021375,P00663,F0273,A075,Economy,116.49,USD,2025-09-18,mobile_app
B021376,P00304,F0143,A009,Economy,166.06,USD,2025-09-18,website
B021377,P01621,F0156,A046,Premium Economy,447.49,EUR,2025-09-18,website
B021378,P01753,F0279,A022,Economy,126.99,USD,2025-09-18,mobile_app
B021379,P01729,F0085,A016,Economy,168.18,EUR,2025-09-18,mobile_app
B021380,P01501,F0203,A019,First,1652.96,EUR,2025-09-18,website
B021381,P01229,F0169,A046,Economy,171.29,USD,2025-09-18,travel_agency
B021382,P01641,F0031,A065,Premium Economy,459.51,EUR,2025-09-18,website
B021383,P01961,F0064,A078,Premium Economy,468.76,USD,2025-09-18,website
B021384,P01417,F0089,A057,Economy,184.32,USD,2025-09-18,website
B021385,P00422,F0315,A056,Economy,157.37,EUR,2025-09-18,travel_agency
B021386,P00265,F0333,A023,Economy,192.83,EUR,2025-09-18,website
B021387,P00066,F0352,A045,Economy,168.97,USD,2025-09-18,travel_agency
B021388,P00551,F0315,A056,Business,965.52,EUR,2025-09-18,website
B021389,P01143,F0008,A059,Economy,75.54,EUR,2025-09-18,mobile_app
B021390,P01690,F0364,A042,Economy,137.64,USD,2025-09-18,mobile_app
B021391,P01433,F0348,A056,Economy,127.7,GBP,2025-09-18,website
B021392,P01828,F0246,A051,Economy,93.04,EUR,2025-09-18,website
B021393,P01073,F0221,A034,Economy,77.17,USD,2025-09-18,travel_agency
B021394,P00745,F0364,A042,Business,1221.86,EUR,2025-09-18,website
B021395,P00589,F0155,A017,Economy,123.62,EUR,2025-09-18,mobile_app
B021396,P00207,F0221,A034,Economy,92.5,GBP,2025-09-18,mobile_app
B021397,P01036,F0355,A064,Economy,131.49,USD,2025-09-18,travel_agency
B021398,P01890,F0258,A039,Economy,103.42,USD,2025-09-18,mobile_app
B021399,P00998,F0106,A007,Economy,107.24,GBP,2025-09-18,travel_agency
B021400,P00228,F0056,A023,Economy,102.34,EUR,2025-09-18,website
B021401,P00969,F0063,A062,Economy,178.68,USD,2025-09-18,website
B021402,P01893,F0335,A076,Economy,74.08,GBP,2025-09-18,website
B021403,P00215,F0203,A019,Business,1322.19,EUR,2025-09-18,website
B021404,P01114,F0196,A066,Premium Economy,258.99,EUR,2025-09-18,mobile_app
B021405,P01853,F0031,A065,Economy,161.46,EUR,2025-09-18,website
B021406,P01221,F0301,A060,Economy,134.22,EUR,2025-09-18,website
B021407,P00887,F0032,A057,Economy,75.46,USD,2025-09-18,mobile_app
B021408,P01448,F0200,A028,Business,757.84,EUR,2025-09-18,website
B021409,P01586,F0190,A044,Economy,114.37,USD,2025-09-18,website
B021410,P01446,F0291,A038,Economy,189.17,USD,2025-09-18,website
B021411,P00650,F0150,A036,Economy,193.87,USD,2025-09-18,mobile_app
B021412,P01820,F0357,A060,Premium Economy,197.16,USD,2025-09-18,website
B021413,P01528,F0264,A018,Economy,182.76,USD,2025-09-18,website
B021414,P01062,F0172,A014,Business,744.98,EUR,2025-09-18,website
B021415,P00129,F0067,A060,Business,618.44,EUR,2025-09-18,mobile_app
B021416,P00901,F0097,A015,Economy,125.88,USD,2025-09-18,website
B021417,P01447,F0267,A038,Economy,101.67,EUR,2025-09-18,mobile_app
B021418,P00248,F0359,A031,Economy,78.67,USD,2025-09-18,travel_agency
B021419,P00516,F0234,A004,Economy,120.55,EUR,2025-09-18,mobile_app
B021420,P00737,F0007,A015,Economy,191.79,EUR,2025-09-18,mobile_app
B021421,P01168,F0195,A014,Economy,153.11,USD,2025-09-18,call_center
B021422,P00238,F0334,A032,Economy,141.65,EUR,2025-09-18,website
B021423,P00323,F0028,A011,Economy,129.95,EUR,2025-09-18,mobile_app
B021424,P01901,F0216,A052,Economy,141.86,EUR,2025-09-18,website
B021425,P01375,F0236,A062,Economy,156.65,EUR,2025-09-18,mobile_app
B021426,P01953,F0096,A037,Economy,194.64,USD,2025-09-18,mobile_app
B021427,P00237,F0213,A078,Business,536.8,EUR,2025-09-18,travel_agency
B021428,P00224,F0351,A032,Economy,146.77,USD,2025-09-18,website
B021429,P00002,F0145,A004,Economy,120.26,EUR,2025-09-18,travel_agency
B021430,P01608,F0281,A073,Economy,77.89,EUR,2025-09-18,travel_agency
B021431,P00181,F0305,A044,Economy,129.4,USD,2025-09-18,travel_agency
B021432,P01669,F0009,A065,Economy,140.25,USD,2025-09-18,travel_agency
B021433,P01449,F0064,A078,Premium Economy,425.09,USD,2025-09-18,travel_agency
B021434,P00337,F0240,A021,Economy,169.21,EUR,2025-09-18,mobile_app
B021435,P01313,F0015,A003,Economy,149.12,EUR,2025-09-18,mobile_app
B021436,P00930,F0281,A073,Business,1266.38,EUR,2025-09-18,travel_agency
B021437,P02038,F0089,A057,Economy,186.25,EUR,2025-09-18,website
B021438,P00982,F0117,A057,Economy,191.23,USD,2025-09-18,mobile_app
B021439,P01299,F0164,A055,Economy,160.42,USD,2025-09-18,mobile_app
B021440,P00224,F0002,A073,Economy,106.41,EUR,2025-09-18,mobile_app
B021441,P01358,F0094,A028,Premium Economy,475.76,GBP,2025-09-18,call_center
B021442,P01992,F0285,A045,Economy,110.53,EUR,2025-09-18,call_center
B021443,P00800,F0129,A064,Economy,110.07,EUR,2025-09-18,mobile_app
B021444,P01577,F0104,A064,Premium Economy,373.03,USD,2025-09-18,website
B021445,P01292,F0233,A006,Economy,120.6,USD,2025-09-18,travel_agency
B021446,P00282,F0333,A023,Economy,87.92,EUR,2025-09-18,website
B021447,P02038,F0050,A073,Business,662.68,EUR,2025-09-18,mobile_app
B021448,P00158,F0188,A047,Economy,185.58,USD,2025-09-18,call_center
B021449,P00993,F0047,A069,Economy,178.48,EUR,2025-09-18,mobile_app
B021450,P01013,F0314,A049,Economy,82.93,EUR,2025-09-18,website
B021451,P00983,F0251,A040,Economy,184.22,EUR,2025-09-18,website
B021452,P01524,F0225,A047,Economy,193.74,EUR,2025-09-18,website
B021453,P00563,F0239,A050,Economy,113.5,EUR,2025-09-18,website
B021454,P00648,F0076,A059,Business,845.66,EUR,2025-09-18,website
B021455,P01745,F0316,A073,Economy,100.79,USD,2025-09-18,travel_agency
B021456,P01182,F0024,A055,Premium Economy,182.36,EUR,2025-09-18,website
B021457,P01870,F0137,A039,Economy,98.65,GBP,2025-09-18,mobile_app
B021458,P01805,F0167,A028,Economy,145.4,EUR,2025-09-18,website
B021459,P01709,F0162,A054,Economy,100.43,EUR,2025-09-18,website
B021460,P01554,F0257,A034,Economy,113.98,GBP,2025-09-18,website
B021461,P01099,F0151,A038,Economy,95.07,EUR,2025-09-18,call_center
B021462,P00433,F0134,A072,Economy,87.34,EUR,2025-09-18,mobile_app
B021463,P00889,F0057,A060,Economy,93.12,EUR,2025-09-18,website
B021464,P00298,F0028,A011,Economy,176.04,EUR,2025-09-18,website
B021465,P00259,F0294,A054,Economy,155.85,GBP,2025-09-18,travel_agency
B021466,P00690,F0192,A037,Premium Economy,377.3,GBP,2025-09-18,call_center
B021467,P01457,F0095,A001,First,2994.61,GBP,2025-09-18,website
B021468,P00271,F0249,A079,Business,524.81,EUR,2025-09-18,website
B021469,P01791,F0034,A037,Economy,191.95,USD,2025-09-18,website
B021470,P02027,F0165,A045,Economy,157.87,USD,2025-09-18,website
B021471,P01235,F0083,A075,Economy,162.03,USD,2025-09-18,call_center
B021472,P00130,F0350,A069,Economy,167.98,GBP,2025-09-18,website
B021473,P01603,F0232,A020,Economy,176.41,GBP,2025-09-18,mobile_app
B021474,P00671,F0141,A046,Business,1253.46,EUR,2025-09-18,travel_agency
B021475,P01060,F0182,A023,Premium Economy,292.16,USD,2025-09-18,mobile_app
B021476,P02016,F0036,A017,Economy,154.76,USD,2025-09-18,website
B021477,P00496,F0333,A023,Premium Economy,371.27,USD,2025-09-18,website
B021478,P00518,F0262,A035,Economy,180.14,EUR,2025-09-18,website
B021479,P00446,F0273,A075,Economy,169.27,USD,2025-09-18,website
B021480,P00996,F0268,A059,Economy,134.12,USD,2025-09-18,website
B021481,P00281,F0168,A056,Premium Economy,303.49,GBP,2025-09-18,mobile_app
B021482,P01046,F0098,A022,Economy,86.21,EUR,2025-09-18,travel_agency
B021483,P00857,F0319,A050,Business,795.45,GBP,2025-09-18,website
B021484,P01818,F0231,A017,Economy,116.82,EUR,2025-09-18,website
B021485,P00275,F0279,A022,Business,1291.94,GBP,2025-09-18,website
B021486,P01222,F0049,A038,Economy,83.5,EUR,2025-09-18,mobile_app
B021487,P01515,F0179,A048,Economy,79.29,EUR,2025-09-18,mobile_app
B021488,P00504,F0229,A065,Economy,85.03,USD,2025-09-18,website
B021489,P01671,F0205,A065,Premium Economy,224.05,EUR,2025-09-18,travel_agency
B021490,P01044,F0079,A049,Economy,182.33,GBP,2025-09-18,mobile_app
B021491,P00429,F0097,A015,Economy,183.57,GBP,2025-09-18,mobile_app
B021492,P00564,F0224,A047,Economy,145.55,EUR,2025-09-18,website
B021493,P00519,F0267,A038,Economy,107.97,USD,2025-09-18,mobile_app
B021494,P01732,F0116,A020,Economy,114.39,GBP,2025-09-18,travel_agency
B021495,P01300,F0009,A065,Economy,99.35,EUR,2025-09-18,website
B021496,P01654,F0037,A015,Economy,93.4,EUR,2025-09-18,mobile_app
B021497,P02035,F0031,A065,Economy,139.62,EUR,2025-09-18,travel_agency
B021498,P00139,F0266,A069,Economy,193.6,GBP,2025-09-18,call_center
B021499,P01980,F0256,A049,Premium Economy,364.03,GBP,2025-09-18,mobile_app
B021500,P00113,F0228,A067,Premium Economy,402.5,EUR,2025-09-18,travel_agency
B021501,P01905,F0150,A036,Economy,156.4,EUR,2025-09-18,website
B021502,P01521,F0170,A041,Economy,196.63,USD,2025-09-18,mobile_app
B021503,P00973,F0194,A026,Premium Economy,354.08,EUR,2025-09-18,website
B021504,P01745,F0344,A044,Business,618.05,USD,2025-09-18,mobile_app
B021505,P01656,F0106,A007,Economy,158.98,EUR,2025-09-18,travel_agency
B021506,P00250,F0210,A033,Economy,197.95,EUR,2025-09-18,website
B021507,P00441,F0121,A013,Economy,159.22,EUR,2025-09-18,mobile_app
B021508,P00027,F0159,A080,Premium Economy,366.21,EUR,2025-09-18,mobile_app
B021509,P01801,F0133,A038,Premium Economy,333.74,EUR,2025-09-18,mobile_app
B021510,P00241,F0049,A038,Economy,80.7,EUR,2025-09-18,website
B021511,P00192,F0244,A052,Business,1310.19,GBP,2025-09-18,website
B021512,P00714,F0036,A017,Economy,149.16,EUR,2025-09-18,mobile_app
B021513,P01951,F0085,A016,Economy,81.85,USD,2025-09-18,website
B021514,P01377,F0115,A030,Premium Economy,400.86,USD,2025-09-18,website
B021515,P01892,F0116,A020,Economy,123.95,GBP,2025-09-18,website
B021516,P01306,F0065,A044,Business,713.66,USD,2025-09-18,call_center
B021517,P00333,F0293,A023,Economy,158.94,USD,2025-09-18,website
B021518,P01121,F0337,A020,Economy,94.5,GBP,2025-09-18,website
B021519,P00829,F0302,A013,Premium Economy,464.99,EUR,2025-09-18,call_center
B021520,P01513,F0213,A078,Economy,187.64,EUR,2025-09-18,website
B021521,P01984,F0293,A023,Business,549.04,EUR,2025-09-18,mobile_app
B021522,P01930,F0347,A072,First,2045.79,USD,2025-09-18,website
B021523,P00925,F0097,A015,Economy,150.44,EUR,2025-09-18,mobile_app
B021524,P00981,F0152,A028,Economy,84.86,GBP,2025-09-18,website
B021525,P00502,F0133,A038,Business,1089.22,EUR,2025-09-18,website
B021526,P01742,F0192,A037,Economy,104.86,EUR,2025-09-18,mobile_app
B021527,P01885,F0249,A079,Economy,149.05,EUR,2025-09-18,website
B021528,P00729,F0284,A054,Economy,179.61,GBP,2025-09-18,mobile_app
B021529,P01314,F0347,A072,Economy,77.69,USD,2025-09-18,website
B021530,P01273,F0040,A021,Premium Economy,375.58,GBP,2025-09-18,website
B021531,P01661,F0119,A043,Economy,98.0,USD,2025-09-18,website
B021532,P01224,F0077,A069,Economy,188.13,USD,2025-09-18,website
B021533,P01294,F0317,A005,Business,832.84,EUR,2025-09-18,travel_agency
B021534,P01620,F0037,A015,Business,1273.94,EUR,2025-09-18,website
B021535,P00784,F0004,A075,Economy,142.74,USD,2025-09-18,travel_agency
B021536,P01468,F0266,A069,Economy,146.84,EUR,2025-09-18,website
B021537,P00817,F0163,A011,Economy,118.04,EUR,2025-09-18,mobile_app
B021538,P01330,F0308,A020,Economy,158.24,EUR,2025-09-18,mobile_app
B021539,P00973,F0251,A040,Economy,116.96,GBP,2025-09-18,website
B021540,P00063,F0335,A076,Business,633.2,EUR,2025-09-18,mobile_app
B021541,P01348,F0275,A016,Economy,151.25,USD,2025-09-18,mobile_app
B021542,P00510,F0041,A032,Economy,151.51,USD,2025-09-18,mobile_app
B021543,P00295,F0079,A049,Economy,129.07,EUR,2025-09-18,mobile_app
B021544,P01726,F0104,A064,Premium Economy,176.75,EUR,2025-09-18,travel_agency
B021545,P00090,F0180,A060,Economy,104.08,EUR,2025-09-18,mobile_app
B021546,P01128,F0066,A051,Economy,171.48,USD,2025-09-18,website
B021547,P01936,F0266,A069,Economy,96.85,GBP,2025-09-18,mobile_app
B021548,P01935,F0149,A014,Economy,162.52,EUR,2025-09-18,mobile_app
B021549,P00498,F0288,A015,Economy,181.36,EUR,2025-09-18,travel_agency
B021550,P00378,F0119,A043,Economy,160.37,USD,2025-09-18,travel_agency
B021551,P01147,F0327,A050,Premium Economy,218.56,USD,2025-09-18,website
B021552,P01810,F0085,A016,Economy,144.41,EUR,2025-09-18,website
B021553,P01514,F0248,A059,Economy,131.16,EUR,2025-09-18,mobile_app
B021554,P01105,F0178,A008,Economy,177.85,USD,2025-09-18,mobile_app
B021555,P00320,F0195,A014,Premium Economy,182.04,EUR,2025-09-18,website
B021556,P01728,F0213,A078,Economy,184.82,USD,2025-09-18,website
B021557,P01162,F0163,A011,Economy,179.25,EUR,2025-09-18,mobile_app
B021558,P01831,F0338,A069,Economy,147.1,GBP,2025-09-18,website
B021559,P00899,F0115,A030,Business,734.02,USD,2025-09-18,website
B021560,P00082,F0269,A015,Economy,103.21,EUR,2025-09-18,mobile_app
B021561,P01339,F0276,A059,Economy,196.06,EUR,2025-09-18,website
B021562,P01038,F0154,A061,Premium Economy,351.89,USD,2025-09-18,mobile_app
B021563,P00045,F0148,A067,First,1834.78,USD,2025-09-18,travel_agency
B021564,P00046,F0243,A014,Economy,90.48,GBP,2025-09-18,mobile_app
B021565,P00625,F0078,A032,Economy,163.18,USD,2025-09-18,mobile_app
B021566,P01834,F0068,A044,Business,673.25,EUR,2025-09-18,mobile_app
B021567,P01806,F0169,A046,Business,520.23,EUR,2025-09-18,website
B021568,P01406,F0336,A038,Premium Economy,468.53,GBP,2025-09-18,travel_agency
B021569,P00083,F0139,A076,Premium Economy,370.53,EUR,2025-09-18,website
B021570,P00175,F0361,A027,Economy,126.46,EUR,2025-09-18,website
B021571,P00327,F0116,A020,First,1796.0,EUR,2025-09-18,mobile_app
B021572,P02011,F0276,A059,Economy,191.21,USD,2025-09-18,website
B021573,P00827,F0008,A059,Economy,114.91,USD,2025-09-18,website
B021574,P01801,F0087,A023,Premium Economy,265.64,USD,2025-09-18,website
B021575,P01972,F0197,A007,Economy,75.56,EUR,2025-09-18,website
B021576,P01084,F0225,A047,Business,966.56,GBP,2025-09-18,mobile_app
B021577,P00851,F0036,A017,Economy,105.09,USD,2025-09-18,travel_agency
B021578,P00233,F0066,A051,Economy,161.54,USD,2025-09-18,travel_agency
B021579,P01995,F0232,A020,Business,1348.18,GBP,2025-09-18,website
B021580,P00620,F0231,A017,Economy,82.89,GBP,2025-09-18,website
B021581,P01320,F0093,A040,Economy,145.88,GBP,2025-09-18,website
B021582,P01417,F0274,A016,Economy,152.44,GBP,2025-09-18,call_center
B021583,P00303,F0326,A071,Business,1325.69,EUR,2025-09-18,mobile_app
B021584,P00935,F0236,A062,Economy,99.17,EUR,2025-09-18,mobile_app
B021585,P01477,F0232,A020,Premium Economy,414.49,USD,2025-09-18,website
B021586,P01889,F0200,A028,Premium Economy,295.72,GBP,2025-09-18,mobile_app
B021587,P00440,F0364,A042,Economy,197.25,USD,2025-09-18,website
B021588,P00594,F0027,A031,Premium Economy,474.0,USD,2025-09-18,mobile_app
B021589,P00766,F0235,A052,Economy,133.53,GBP,2025-09-18,website
B021590,P01203,F0104,A064,Economy,82.59,EUR,2025-09-18,website
B021591,P00506,F0058,A071,Economy,124.56,EUR,2025-09-18,travel_agency
B021592,P01072,F0026,A068,Premium Economy,470.15,EUR,2025-09-18,mobile_app
B021593,P01426,F0181,A061,Economy,167.58,EUR,2025-09-18,website
B021594,P01501,F0103,A045,Economy,103.08,EUR,2025-09-18,website
B021595,P00061,F0173,A040,Economy,114.9,EUR,2025-09-18,mobile_app
B021596,P01937,F0095,A001,Economy,107.48,USD,2025-09-18,website
B021597,P01334,F0052,A022,Economy,89.55,EUR,2025-09-18,travel_agency
B021598,P00055,F0349,A001,Business,988.17,USD,2025-09-18,travel_agency
B021599,P00124,F0260,A051,Economy,193.87,USD,2025-09-18,mobile_app
B021600,P00453,F0260,A051,Premium Economy,212.97,EUR,2025-09-18,mobile_app
B021601,P01990,F0293,A023,First,1641.51,EUR,2025-09-18,mobile_app
B021602,P02015,F0143,A009,Economy,136.14,USD,2025-09-18,call_center
B021603,P01870,F0289,A077,Economy,139.95,EUR,2025-09-18,mobile_app
B021604,P00035,F0086,A076,Economy,93.7,EUR,2025-09-18,travel_agency
B021605,P00699,F0196,A066,Economy,84.11,EUR,2025-09-18,website
B021606,P00049,F0027,A031,Economy,124.35,USD,2025-09-18,mobile_app
B021607,P01629,F0127,A062,Economy,82.0,EUR,2025-09-18,mobile_app
B021608,P01113,F0139,A076,Premium Economy,262.24,USD,2025-09-18,mobile_app
B021609,P00474,F0083,A075,Economy,186.19,USD,2025-09-18,website
B021610,P00306,F0167,A028,Business,1213.38,USD,2025-09-18,website
B021611,P00662,F0275,A016,Economy,143.04,USD,2025-09-18,travel_agency
B021612,P01806,F0276,A059,Business,767.74,USD,2025-09-18,website
B021613,P00217,F0327,A050,Premium Economy,240.02,USD,2025-09-18,call_center
B021614,P01209,F0158,A072,Business,937.4,USD,2025-09-18,travel_agency
B021615,P00802,F0283,A008,Economy,188.49,EUR,2025-09-18,website
B021616,P01966,F0220,A015,Economy,113.83,EUR,2025-09-18,mobile_app
B021617,P01820,F0166,A040,Premium Economy,216.82,USD,2025-09-18,call_center
B021618,P01150,F0309,A079,Business,834.76,USD,2025-09-18,mobile_app
B021619,P00618,F0298,A078,Economy,81.84,USD,2025-09-18,travel_agency
B021620,P01888,F0274,A016,Economy,157.35,GBP,2025-09-18,travel_agency
B021621,P00648,F0093,A040,Premium Economy,310.91,EUR,2025-09-18,website
B021622,P00156,F0200,A028,First,1719.53,EUR,2025-09-18,travel_agency
B021623,P01924,F0264,A018,Economy,85.23,EUR,2025-09-18,mobile_app
B021624,P01140,F0164,A055,Business,782.89,EUR,2025-09-18,website
B021625,P01800,F0278,A073,Economy,138.05,EUR,2025-09-18,call_center
B021626,P01534,F0173,A040,Premium Economy,433.55,EUR,2025-09-18,travel_agency
B021627,P00366,F0084,A046,Economy,81.11,USD,2025-09-18,mobile_app
B021628,P00287,F0276,A059,Premium Economy,346.19,EUR,2025-09-18,website
B021629,P01106,F0145,A004,Economy,79.52,GBP,2025-09-18,website
B021630,P00965,F0282,A001,Economy,84.85,EUR,2025-09-18,mobile_app
B021631,P00141,F0164,A055,Economy,155.48,EUR,2025-09-18,mobile_app
B021632,P01959,F0146,A034,Economy,161.69,GBP,2025-09-18,travel_agency
B021633,P00689,F0348,A056,Business,589.19,GBP,2025-09-18,website
B021634,P00928,F0302,A013,Business,1363.47,GBP,2025-09-18,call_center
B021635,P01990,F0010,A001,Economy,195.52,GBP,2025-09-18,website
B021636,P01919,F0296,A068,Premium Economy,473.69,EUR,2025-09-18,website
B021637,P01255,F0031,A065,Economy,111.35,EUR,2025-09-18,website
B021638,P01764,F0068,A044,Economy,76.86,EUR,2025-09-18,website
B021639,P00773,F0037,A015,Economy,112.56,USD,2025-09-18,website
B021640,P01423,F0029,A041,Business,1163.45,USD,2025-09-18,website
B021641,P01176,F0177,A041,Economy,142.32,USD,2025-09-18,mobile_app
B021642,P01091,F0118,A020,Premium Economy,385.06,EUR,2025-09-18,call_center
B021643,P01004,F0209,A006,Economy,106.24,EUR,2025-09-18,website
B021644,P00594,F0309,A079,Business,795.11,EUR,2025-09-18,mobile_app
B021645,P01163,F0242,A037,Economy,111.89,EUR,2025-09-18,website
B021646,P01050,F0058,A071,Economy,112.07,EUR,2025-09-18,website
B021647,P01952,F0073,A026,Economy,89.57,EUR,2025-09-18,travel_agency
B021648,P00426,F0016,A008,Economy,121.62,USD,2025-09-18,website
B021649,P00905,F0186,A051,Premium Economy,422.98,EUR,2025-09-18,travel_agency
B021650,P01958,F0077,A069,Economy,183.42,USD,2025-09-18,website
B021651,P01321,F0067,A060,Economy,193.77,EUR,2025-09-18,website
B021652,P01763,F0007,A015,Economy,102.0,GBP,2025-09-18,mobile_app
B021653,P01531,F0302,A013,Economy,110.75,EUR,2025-09-18,website
B021654,P01712,F0070,A026,Economy,119.76,USD,2025-09-18,website
B021655,P00443,F0308,A020,Economy,174.1,EUR,2025-09-18,website
B021656,P01882,F0277,A028,Premium Economy,466.02,USD,2025-09-18,mobile_app
B021657,P00083,F0324,A040,Economy,106.22,EUR,2025-09-18,mobile_app
B021658,P01454,F0130,A018,Business,1247.17,USD,2025-09-18,mobile_app
B021659,P01491,F0311,A023,Premium Economy,323.65,GBP,2025-09-18,website
B021660,P01563,F0014,A048,Business,1021.36,EUR,2025-09-18,travel_agency
B021661,P01010,F0064,A078,Economy,184.0,USD,2025-09-18,mobile_app
B021662,P00903,F0167,A028,Economy,144.43,EUR,2025-09-18,mobile_app
B021663,P00350,F0254,A054,Premium Economy,461.05,EUR,2025-09-18,mobile_app
B021664,P01964,F0356,A077,Economy,160.02,EUR,2025-09-18,website
B021665,P01279,F0267,A038,Business,1241.33,USD,2025-09-18,website
B021666,P00624,F0248,A059,Business,535.04,EUR,2025-09-18,travel_agency
B021667,P00411,F0116,A020,Economy,133.1,GBP,2025-09-18,website
B021668,P01363,F0174,A066,Business,1112.95,EUR,2025-09-18,travel_agency
B021669,P00164,F0130,A018,Economy,188.23,EUR,2025-09-18,call_center
B021670,P00307,F0273,A075,Economy,130.41,EUR,2025-09-18,website
B021671,P01535,F0204,A024,Premium Economy,254.73,EUR,2025-09-18,travel_agency
B021672,P01837,F0215,A058,Economy,79.88,EUR,2025-09-18,website
B021673,P00582,F0124,A031,Premium Economy,225.24,EUR,2025-09-18,mobile_app
B021674,P01036,F0127,A062,Economy,90.09,EUR,2025-09-18,website
B021675,P00337,F0172,A014,Economy,139.19,GBP,2025-09-18,website
B021676,P01497,F0194,A026,Business,1127.14,EUR,2025-09-18,website
B021677,P01496,F0309,A079,Premium Economy,392.72,EUR,2025-09-18,website
B021678,P00426,F0033,A014,Economy,83.91,USD,2025-09-18,mobile_app
B021679,P01147,F0171,A052,Business,785.49,GBP,2025-09-18,travel_agency
B021680,P01120,F0303,A029,Economy,151.14,EUR,2025-09-18,mobile_app
B021681,P01342,F0096,A037,Business,1168.04,EUR,2025-09-18,mobile_app
B021682,P01548,F0294,A054,Business,1061.88,USD,2025-09-18,call_center
B021683,P00044,F0022,A070,Business,969.69,USD,2025-09-18,mobile_app
B021684,P00488,F0005,A007,Economy,110.91,EUR,2025-09-18,website
B021685,P00599,F0104,A064,Economy,156.23,USD,2025-09-18,website
B021686,P01772,F0248,A059,Economy,83.16,EUR,2025-09-18,mobile_app
B021687,P01831,F0269,A015,Economy,170.59,USD,2025-09-18,website
B021688,P01395,F0305,A044,Business,1218.07,EUR,2025-09-18,mobile_app
B021689,P01727,F0275,A016,Economy,169.9,USD,2025-09-18,website
B021690,P01616,F0202,A064,Economy,142.39,USD,2025-09-18,mobile_app
B021691,P01863,F0098,A022,Business,910.6,EUR,2025-09-18,website
B021692,P01810,F0105,A042,Premium Economy,437.64,EUR,2025-09-18,website
B021693,P01748,F0023,A052,Economy,170.52,EUR,2025-09-18,website
B021694,P02035,F0149,A014,Economy,101.96,EUR,2025-09-18,website
B021695,P00072,F0069,A070,Economy,142.11,USD,2025-09-18,website
B021696,P01072,F0316,A073,Economy,164.31,EUR,2025-09-18,travel_agency
B021697,P01557,F0360,A061,Economy,148.97,EUR,2025-09-18,website
B021698,P01924,F0104,A064,Economy,150.62,GBP,2025-09-18,mobile_app
B021699,P01775,F0260,A051,Economy,169.19,USD,2025-09-18,travel_agency
B021700,P01938,F0303,A029,Economy,125.26,GBP,2025-09-18,mobile_app
B021701,P01124,F0087,A023,Economy,116.86,GBP,2025-09-18,website
B021702,P01411,F0208,A062,Economy,122.64,GBP,2025-09-18,website
B021703,P01077,F0278,A073,Economy,75.03,EUR,2025-09-18,call_center
B021704,P00973,F0146,A034,Economy,150.75,EUR,2025-09-18,travel_agency
B021705,P01606,F0117,A057,First,2735.88,USD,2025-09-18,website
B021706,P00017,F0106,A007,Premium Economy,279.67,USD,2025-09-18,website
B021707,P01778,F0259,A072,Economy,122.76,USD,2025-09-18,travel_agency
B021708,P01086,F0158,A072,Economy,129.02,EUR,2025-09-18,website
B021709,P01294,F0217,A057,Economy,171.54,USD,2025-09-18,website
B021710,P00736,F0168,A056,Business,1388.41,EUR,2025-09-18,mobile_app
B021711,P01028,F0160,A035,Economy,79.81,EUR,2025-09-18,website
B021712,P00519,F0028,A011,Economy,141.16,EUR,2025-09-18,mobile_app
B021713,P01600,F0030,A010,Premium Economy,429.33,EUR,2025-09-18,call_center
B021714,P00072,F0212,A064,Economy,191.73,EUR,2025-09-18,website
B021715,P00750,F0105,A042,Economy,116.32,EUR,2025-09-18,website
B021716,P00301,F0167,A028,Economy,114.17,GBP,2025-09-18,website
B021717,P00853,F0233,A006,Economy,91.8,GBP,2025-09-18,mobile_app
B021718,P00682,F0355,A064,Economy,135.32,GBP,2025-09-18,travel_agency
B021719,P01340,F0364,A042,Economy,142.38,EUR,2025-09-18,mobile_app
B021720,P01288,F0155,A017,Economy,111.91,EUR,2025-09-18,call_center
B021721,P01973,F0289,A077,Economy,130.39,EUR,2025-09-18,website
B021722,P01298,F0333,A023,Business,1265.15,GBP,2025-09-18,travel_agency
B021723,P01777,F0282,A001,Economy,159.82,EUR,2025-09-18,mobile_app
B021724,P01257,F0050,A073,Economy,121.71,EUR,2025-09-18,website
B021725,P00248,F0203,A019,Economy,96.81,USD,2025-09-18,mobile_app
B021726,P01369,F0246,A051,Economy,159.11,USD,2025-09-18,website
B021727,P00365,F0210,A033,Premium Economy,195.37,GBP,2025-09-18,website
B021728,P00690,F0031,A065,Economy,130.62,USD,2025-09-18,website
B021729,P01999,F0012,A069,Economy,92.22,GBP,2025-09-18,mobile_app
B021730,P00320,F0353,A039,Business,798.38,USD,2025-09-18,mobile_app
B021731,P01291,F0047,A069,Economy,177.06,EUR,2025-09-18,website
B021732,P00032,F0008,A059,Economy,141.58,USD,2025-09-18,website
B021733,P01909,F0066,A051,Economy,97.45,EUR,2025-09-18,website
B021734,P00953,F0098,A022,Economy,174.72,EUR,2025-09-18,website
B021735,P00055,F0326,A071,Economy,79.4,GBP,2025-09-18,mobile_app
B021736,P01880,F0326,A071,Premium Economy,245.39,EUR,2025-09-18,website
B021737,P01778,F0039,A032,Premium Economy,438.9,EUR,2025-09-18,mobile_app
B021738,P01391,F0159,A080,Business,725.13,GBP,2025-09-18,mobile_app
B021739,P01941,F0234,A004,Economy,91.23,EUR,2025-09-18,website
B021740,P01451,F0116,A020,Economy,185.65,GBP,2025-09-18,website
B021741,P00754,F0127,A062,Economy,139.82,GBP,2025-09-18,website
B021742,P02010,F0220,A015,Economy,125.72,EUR,2025-09-18,website
B021743,P00776,F0205,A065,Economy,131.53,USD,2025-09-18,mobile_app
B021744,P00095,F0141,A046,Economy,127.84,EUR,2025-09-18,mobile_app
B021745,P01505,F0221,A034,Economy,153.44,EUR,2025-09-18,mobile_app
B021746,P00150,F0301,A060,Business,584.43,EUR,2025-09-18,website
B021747,P00990,F0010,A001,Premium Economy,293.29,GBP,2025-09-18,website
B021748,P01538,F0314,A049,Economy,122.83,GBP,2025-09-18,website
B021749,P00452,F0345,A058,Premium Economy,427.96,EUR,2025-09-18,website
B021750,P01237,F0331,A051,Economy,77.49,USD,2025-09-18,website
B021751,P01515,F0060,A043,Economy,110.14,USD,2025-09-18,travel_agency
B021752,P01849,F0207,A043,Business,954.19,GBP,2025-09-18,mobile_app
B021753,P01558,F0135,A048,Economy,177.93,EUR,2025-09-18,website
B021754,P01753,F0320,A030,Economy,191.06,GBP,2025-09-18,website
B021755,P00719,F0312,A033,Economy,177.7,USD,2025-09-18,website
B021756,P00232,F0002,A073,Economy,74.6,EUR,2025-09-18,mobile_app
B021757,P00672,F0129,A064,Premium Economy,433.7,USD,2025-09-18,website
B021758,P01952,F0266,A069,Economy,173.48,USD,2025-09-18,travel_agency
B021759,P01649,F0244,A052,Economy,184.7,USD,2025-09-18,travel_agency
B021760,P00503,F0079,A049,Economy,130.67,EUR,2025-09-18,website
B021761,P00868,F0259,A072,First,2543.34,EUR,2025-09-18,mobile_app
B021762,P01476,F0098,A022,Business,599.76,USD,2025-09-18,website
B021763,P00575,F0140,A048,Economy,116.39,USD,2025-09-18,mobile_app
B021764,P01168,F0287,A049,Business,1387.59,USD,2025-09-18,website
B021765,P01613,F0206,A003,Economy,192.29,EUR,2025-09-18,mobile_app
B021766,P00595,F0354,A050,Economy,131.88,EUR,2025-09-18,website
B021767,P00558,F0163,A011,Economy,139.84,EUR,2025-09-18,website
B021768,P00560,F0279,A022,Business,542.93,GBP,2025-09-18,travel_agency
B021769,P01302,F0019,A053,First,2600.44,USD,2025-09-18,mobile_app
B021770,P00336,F0217,A057,Economy,173.6,EUR,2025-09-18,travel_agency
B021771,P00824,F0056,A023,Economy,162.37,EUR,2025-09-18,website
B021772,P00997,F0098,A022,Economy,103.5,EUR,2025-09-18,travel_agency
B021773,P00895,F0010,A001,Economy,112.93,GBP,2025-09-18,website
B021774,P01253,F0126,A076,Economy,186.35,GBP,2025-09-18,call_center
B021775,P00423,F0271,A042,Economy,160.95,USD,2025-09-18,travel_agency
B021776,P01188,F0073,A026,Business,971.78,USD,2025-09-18,travel_agency
B021777,P00018,F0021,A024,Business,657.09,EUR,2025-09-18,website
B021778,P00663,F0009,A065,Premium Economy,341.54,USD,2025-09-18,website
B021779,P00470,F0357,A060,Business,1367.91,GBP,2025-09-18,mobile_app
B021780,P00107,F0162,A054,Economy,157.53,EUR,2025-09-18,travel_agency
B021781,P01703,F0051,A075,Business,614.85,USD,2025-09-18,travel_agency
B021782,P00756,F0259,A072,First,1396.18,EUR,2025-09-18,website
B021783,P01345,F0220,A015,Economy,101.8,USD,2025-09-18,travel_agency
B021784,P01068,F0169,A046,Economy,75.31,USD,2025-09-18,mobile_app
B021785,P02025,F0164,A055,Economy,172.33,EUR,2025-09-18,website
B021786,P01427,F0078,A032,Premium Economy,253.91,USD,2025-09-18,mobile_app
B021787,P00972,F0007,A015,Economy,136.34,EUR,2025-09-18,website
B021788,P00839,F0203,A019,Economy,186.43,USD,2025-09-18,mobile_app
B021789,P00247,F0081,A025,Premium Economy,211.08,USD,2025-09-18,mobile_app
B021790,P01383,F0070,A026,Premium Economy,450.77,EUR,2025-09-18,mobile_app
B021791,P01854,F0199,A061,Economy,195.35,EUR,2025-09-18,website
B021792,P00135,F0344,A044,Premium Economy,421.05,GBP,2025-09-18,website
B021793,P00360,F0101,A074,Economy,76.45,EUR,2025-09-18,mobile_app
B021794,P01225,F0238,A060,Premium Economy,403.6,USD,2025-09-18,website
B021795,P01742,F0075,A065,Economy,124.4,EUR,2025-09-18,mobile_app
B021796,P00404,F0308,A020,Business,1174.76,EUR,2025-09-18,website
B021797,P01877,F0039,A032,Economy,124.84,USD,2025-09-18,travel_agency
B021798,P00186,F0008,A059,Premium Economy,219.2,EUR,2025-09-18,mobile_app
B021799,P01727,F0219,A010,Economy,84.17,EUR,2025-09-18,website
B021800,P00139,F0244,A052,Economy,111.66,EUR,2025-09-18,website
B021801,P01567,F0281,A073,Premium Economy,229.34,EUR,2025-09-18,website
B021802,P01946,F0162,A054,Business,1042.75,EUR,2025-09-18,mobile_app
B021803,P01120,F0224,A047,Economy,112.8,USD,2025-09-18,website
B021804,P01807,F0357,A060,Economy,189.77,USD,2025-09-18,mobile_app
B021805,P01443,F0326,A071,Economy,102.34,USD,2025-09-18,mobile_app
B021806,P01779,F0309,A079,Economy,86.25,EUR,2025-09-18,call_center
B021807,P01480,F0268,A059,Economy,129.1,EUR,2025-09-18,travel_agency
B021808,P00988,F0213,A078,Business,1404.63,EUR,2025-09-18,call_center
B021809,P02001,F0303,A029,Economy,142.26,EUR,2025-09-18,website
B021810,P02028,F0323,A020,Economy,109.04,GBP,2025-09-18,mobile_app
B021811,P00148,F0221,A034,Premium Economy,278.4,EUR,2025-09-18,call_center
B021812,P00438,F0075,A065,Economy,93.64,EUR,2025-09-18,call_center
B021813,P01887,F0050,A073,Economy,127.46,USD,2025-09-18,mobile_app
B021814,P00494,F0064,A078,Economy,130.63,USD,2025-09-18,travel_agency
B021815,P01458,F0339,A011,Premium Economy,305.17,USD,2025-09-18,website
B021816,P00207,F0344,A044,First,2235.72,USD,2025-09-18,mobile_app
B021817,P00487,F0028,A011,Economy,126.55,USD,2025-09-18,mobile_app
B021818,P01968,F0095,A001,Economy,193.69,EUR,2025-09-18,call_center
B021819,P00418,F0185,A078,Economy,105.01,USD,2025-09-18,travel_agency
B021820,P01794,F0323,A020,Business,1326.33,USD,2025-09-18,website
B021821,P00565,F0293,A023,First,1829.22,EUR,2025-09-18,website
B021822,P01193,F0173,A040,First,1934.4,USD,2025-09-18,travel_agency
B021823,P01015,F0002,A073,Economy,126.34,USD,2025-09-18,mobile_app
B021824,P00820,F0305,A044,Premium Economy,286.76,USD,2025-09-18,website
B021825,P00528,F0081,A025,Premium Economy,239.83,EUR,2025-09-18,travel_agency
B021826,P01116,F0228,A067,Economy,185.82,EUR,2025-09-18,mobile_app
B021827,P01536,F0183,A047,Economy,176.18,GBP,2025-09-18,mobile_app
B021828,P01642,F0256,A049,Economy,146.35,GBP,2025-09-18,travel_agency
B021829,P00594,F0004,A075,Economy,107.02,EUR,2025-09-18,travel_agency
B021830,P01137,F0063,A062,First,1875.46,USD,2025-09-18,mobile_app
B021831,P01287,F0146,A034,Premium Economy,422.26,USD,2025-09-18,website
B021832,P00198,F0156,A046,Economy,82.6,USD,2025-09-18,mobile_app
B021833,P00331,F0352,A045,Premium Economy,375.57,USD,2025-09-18,website
B021834,P00104,F0156,A046,Economy,165.5,USD,2025-09-18,website
B021835,P01795,F0189,A020,Economy,190.52,EUR,2025-09-18,travel_agency
B021836,P00653,F0255,A061,Business,1023.9,USD,2025-09-18,website
B021837,P00053,F0320,A030,Premium Economy,261.26,EUR,2025-09-18,travel_agency
B021838,P01412,F0087,A023,Economy,130.09,USD,2025-09-18,mobile_app
B021839,P01139,F0167,A028,Economy,193.44,EUR,2025-09-18,travel_agency
B021840,P01274,F0355,A064,Economy,167.38,USD,2025-09-18,website
B021841,P00237,F0086,A076,Economy,176.86,EUR,2025-09-18,website
B021842,P00431,F0339,A011,Economy,176.87,USD,2025-09-18,website
B021843,P01477,F0299,A027,Economy,138.04,USD,2025-09-18,website
B021844,P00838,F0327,A050,Economy,84.1,GBP,2025-09-18,website
B021845,P01239,F0345,A058,Premium Economy,334.48,EUR,2025-09-18,mobile_app
B021846,P00748,F0117,A057,Economy,142.14,EUR,2025-09-18,website
B021847,P01915,F0319,A050,Economy,169.17,GBP,2025-09-18,travel_agency
B021848,P00738,F0302,A013,Business,1118.4,GBP,2025-09-18,website
B021849,P01567,F0125,A002,Economy,96.53,USD,2025-09-18,travel_agency
B021850,P02033,F0130,A018,Economy,107.44,EUR,2025-09-18,website
B021851,P01104,F0275,A016,Premium Economy,422.15,EUR,2025-09-18,travel_agency
B021852,P00766,F0016,A008,Economy,149.1,EUR,2025-09-18,mobile_app
B021853,P00357,F0111,A025,Economy,176.76,USD,2025-09-18,website
B021854,P01774,F0193,A074,Economy,174.78,USD,2025-09-18,website
B021855,P01856,F0182,A023,Business,1040.2,EUR,2025-09-18,website
B021856,P00480,F0252,A007,Economy,76.18,GBP,2025-09-18,website
B021857,P01032,F0023,A052,Premium Economy,470.17,USD,2025-09-18,website
B021858,P01669,F0241,A051,Economy,90.02,USD,2025-09-18,mobile_app
B021859,P01298,F0227,A053,Premium Economy,188.34,EUR,2025-09-18,travel_agency
B021860,P00682,F0351,A032,Economy,145.76,EUR,2025-09-18,travel_agency
B021861,P01130,F0041,A032,Economy,117.47,EUR,2025-09-18,website
B021862,P01289,F0079,A049,Premium Economy,475.64,GBP,2025-09-18,website
B021863,P01111,F0196,A066,Premium Economy,302.22,USD,2025-09-18,website
B021864,P00260,F0201,A039,Premium Economy,389.01,EUR,2025-09-18,mobile_app
B021865,P01738,F0213,A078,Business,1280.27,EUR,2025-09-18,website
B021866,P01134,F0149,A014,Economy,184.79,EUR,2025-09-18,website
B021867,P01559,F0252,A007,Economy,119.05,EUR,2025-09-18,website
B021868,P00634,F0222,A018,Economy,78.21,EUR,2025-09-18,mobile_app
B021869,P00623,F0180,A060,Business,1224.02,EUR,2025-09-18,website
B021870,P01229,F0093,A040,Business,840.89,EUR,2025-09-18,website
B021871,P00794,F0058,A071,Economy,160.29,EUR,2025-09-18,mobile_app
B021872,P00981,F0192,A037,Economy,102.59,USD,2025-09-18,website
B021873,P01564,F0284,A054,Economy,99.73,EUR,2025-09-18,travel_agency
B021874,P00154,F0164,A055,Economy,119.09,USD,2025-09-18,mobile_app
B021875,P00002,F0355,A064,Premium Economy,286.25,EUR,2025-09-18,website
B021876,P01777,F0354,A050,Economy,155.54,USD,2025-09-18,mobile_app
B021877,P00133,F0119,A043,Business,711.71,GBP,2025-09-18,travel_agency
B021878,P01262,F0311,A023,Business,1094.29,EUR,2025-09-18,website
B021879,P01701,F0015,A003,Business,1072.53,EUR,2025-09-18,website
B021880,P00023,F0239,A050,Economy,140.49,EUR,2025-09-18,mobile_app
B021881,P00414,F0193,A074,Economy,115.47,USD,2025-09-18,website
B021882,P01344,F0252,A007,Economy,115.86,EUR,2025-09-18,mobile_app
B021883,P01704,F0282,A001,Economy,168.06,USD,2025-09-18,mobile_app
B021884,P01303,F0332,A077,Economy,190.07,EUR,2025-09-18,mobile_app
B021885,P00223,F0269,A015,Premium Economy,364.57,USD,2025-09-18,mobile_app
B021886,P01032,F0255,A061,Economy,170.38,EUR,2025-09-18,website
B021887,P01629,F0117,A057,Economy,91.35,GBP,2025-09-18,website
B021888,P01622,F0033,A014,Economy,127.0,EUR,2025-09-18,website
B021889,P01179,F0032,A057,Economy,172.7,GBP,2025-09-18,mobile_app
B021890,P00567,F0104,A064,Economy,179.25,EUR,2025-09-18,website
B021891,P01331,F0094,A028,Economy,97.84,GBP,2025-09-18,mobile_app
B021892,P00319,F0251,A040,Premium Economy,238.32,EUR,2025-09-18,mobile_app
B021893,P01963,F0316,A073,Economy,115.36,GBP,2025-09-18,website
B021894,P00277,F0350,A069,Economy,103.7,USD,2025-09-18,website
B021895,P00213,F0167,A028,Economy,181.5,EUR,2025-09-18,travel_agency
B021896,P00208,F0181,A061,Premium Economy,443.71,USD,2025-09-18,travel_agency
B021897,P00581,F0363,A046,Economy,153.12,GBP,2025-09-18,website
B021898,P00124,F0359,A031,Economy,154.35,EUR,2025-09-18,website
B021899,P00578,F0025,A070,Economy,129.69,EUR,2025-09-18,mobile_app
B021900,P01123,F0163,A011,Economy,114.27,EUR,2025-09-18,mobile_app
B021901,P01701,F0139,A076,Economy,151.14,EUR,2025-09-18,mobile_app
B021902,P01067,F0039,A032,Economy,83.22,EUR,2025-09-18,website
B021903,P00229,F0100,A006,Economy,148.88,EUR,2025-09-18,travel_agency
B021904,P01581,F0153,A013,Economy,197.61,USD,2025-09-18,mobile_app
B021905,P00440,F0133,A038,Economy,195.26,EUR,2025-09-18,mobile_app
B021906,P00668,F0216,A052,Economy,197.01,EUR,2025-09-18,call_center
B021907,P00534,F0353,A039,Premium Economy,421.35,USD,2025-09-18,website
B021908,P00406,F0222,A018,Premium Economy,190.1,EUR,2025-09-18,mobile_app
B021909,P01666,F0088,A038,Premium Economy,269.16,EUR,2025-09-18,mobile_app
B021910,P00842,F0200,A028,Premium Economy,292.0,EUR,2025-09-18,travel_agency
B021911,P00290,F0068,A044,Economy,177.84,USD,2025-09-18,website
B021912,P01671,F0178,A008,Premium Economy,374.7,USD,2025-09-18,website
B021913,P00640,F0197,A007,Economy,153.22,USD,2025-09-18,call_center
B021914,P01979,F0163,A011,Economy,92.89,EUR,2025-09-18,website
B021915,P01640,F0341,A066,Premium Economy,289.21,EUR,2025-09-18,mobile_app
B021916,P00645,F0343,A014,Economy,104.71,USD,2025-09-18,mobile_app
B021917,P00698,F0174,A066,Premium Economy,273.21,GBP,2025-09-18,website
B021918,P01604,F0194,A026,Economy,167.34,USD,2025-09-18,travel_agency
B021919,P00804,F0280,A012,Economy,135.17,GBP,2025-09-18,mobile_app
B021920,P01822,F0271,A042,Economy,133.82,USD,2025-09-18,website
B021921,P01642,F0287,A049,First,1206.18,USD,2025-09-18,mobile_app
B021922,P00504,F0118,A020,Economy,162.32,GBP,2025-09-18,website
B021923,P01345,F0263,A068,Premium Economy,420.12,GBP,2025-09-18,call_center
B021924,P01846,F0276,A059,First,2059.67,USD,2025-09-18,website
B021925,P00497,F0158,A072,First,2585.3,EUR,2025-09-18,mobile_app
B021926,P01814,F0313,A032,Economy,172.31,EUR,2025-09-18,website
B021927,P00729,F0244,A052,Economy,139.34,EUR,2025-09-18,mobile_app
B021928,P01164,F0284,A054,Economy,112.97,GBP,2025-09-18,mobile_app
B021929,P02021,F0060,A043,Economy,109.6,EUR,2025-09-18,mobile_app
B021930,P01335,F0208,A062,Premium Economy,210.22,GBP,2025-09-18,website
B021931,P01139,F0045,A014,Economy,157.12,USD,2025-09-18,travel_agency
B021932,P01993,F0176,A064,Economy,102.12,EUR,2025-09-18,mobile_app
B021933,P01590,F0358,A030,First,2134.33,EUR,2025-09-18,mobile_app
B021934,P00987,F0304,A020,Business,793.44,GBP,2025-09-18,mobile_app
B021935,P00574,F0060,A043,Economy,159.84,USD,2025-09-18,website
B021936,P02009,F0036,A017,Economy,139.32,EUR,2025-09-18,mobile_app
B021937,P00779,F0350,A069,Business,957.73,USD,2025-09-18,mobile_app
B021938,P00689,F0336,A038,Economy,79.03,USD,2025-09-18,website
B021939,P01540,F0157,A065,Economy,82.7,GBP,2025-09-18,website
B021940,P00123,F0297,A058,Premium Economy,239.51,USD,2025-09-18,website
B021941,P00382,F0026,A068,Economy,157.16,USD,2025-09-18,travel_agency
B021942,P00282,F0007,A015,Economy,186.59,EUR,2025-09-18,travel_agency
B021943,P00743,F0263,A068,Economy,72.64,EUR,2025-09-18,call_center
B021944,P01842,F0021,A024,Economy,195.25,EUR,2025-09-18,website
B021945,P01747,F0152,A028,Premium Economy,359.35,EUR,2025-09-18,travel_agency
B021946,P00421,F0239,A050,Economy,159.74,EUR,2025-09-18,travel_agency
B021947,P00820,F0195,A014,Economy,169.29,EUR,2025-09-18,travel_agency
B021948,P00785,F0359,A031,Economy,89.62,GBP,2025-09-18,website
B021949,P01845,F0111,A025,Business,771.8,GBP,2025-09-18,website
B021950,P01287,F0078,A032,Economy,130.53,USD,2025-09-18,mobile_app
B021951,P00524,F0243,A014,Economy,164.96,USD,2025-09-18,website
B021952,P01610,F0027,A031,Premium Economy,226.55,USD,2025-09-18,website
B021953,P01478,F0156,A046,Economy,92.88,EUR,2025-09-18,website
B021954,P00173,F0241,A051,Economy,98.68,EUR,2025-09-18,website
B021955,P01822,F0285,A045,Economy,193.89,EUR,2025-09-18,mobile_app
B021956,P02036,F0250,A073,Economy,192.17,GBP,2025-09-18,travel_agency
B021957,P01808,F0345,A058,Economy,105.32,EUR,2025-09-18,website
B021958,P00803,F0039,A032,Business,1349.15,GBP,2025-09-18,website
B021959,P00927,F0177,A041,Economy,186.11,USD,2025-09-18,website
B021960,P01411,F0363,A046,Economy,132.88,EUR,2025-09-18,website
B021961,P00375,F0243,A014,Economy,82.49,EUR,2025-09-18,website
B021962,P01111,F0271,A042,Economy,117.96,EUR,2025-09-18,website
B021963,P00092,F0208,A062,Business,1367.93,USD,2025-09-18,website
B021964,P01633,F0297,A058,Economy,117.62,EUR,2025-09-18,website
B021965,P02018,F0328,A018,Economy,77.61,EUR,2025-09-18,website
B021966,P00508,F0262,A035,Economy,82.77,GBP,2025-09-18,website
B021967,P01537,F0318,A010,Business,1215.35,USD,2025-09-18,website
B021968,P00408,F0153,A013,Economy,86.96,EUR,2025-09-18,website
B021969,P00847,F0023,A052,Business,1216.93,EUR,2025-09-18,mobile_app
B021970,P00149,F0202,A064,Economy,117.72,EUR,2025-09-18,website
B021971,P00379,F0073,A026,Economy,147.52,EUR,2025-09-18,mobile_app
B021972,P01157,F0223,A045,Economy,160.71,EUR,2025-09-18,travel_agency
B021973,P01106,F0137,A039,Economy,171.57,EUR,2025-09-18,travel_agency
B021974,P01216,F0083,A075,Premium Economy,440.89,USD,2025-09-18,website
B021975,P00997,F0200,A028,Premium Economy,406.1,EUR,2025-09-18,travel_agency
B021976,P01465,F0064,A078,Premium Economy,387.54,EUR,2025-09-18,call_center
B021977,P00351,F0297,A058,Premium Economy,465.75,GBP,2025-09-18,mobile_app
B021978,P01249,F0171,A052,Economy,133.72,USD,2025-09-18,website
B021979,P00975,F0330,A064,Economy,114.72,USD,2025-09-18,website
B021980,P00147,F0078,A032,Economy,96.75,GBP,2025-09-18,website
B021981,P00565,F0095,A001,Business,1129.97,USD,2025-09-18,travel_agency
B021982,P00832,F0127,A062,Economy,79.44,EUR,2025-09-18,call_center
B021983,P01952,F0188,A047,Business,1171.73,EUR,2025-09-18,travel_agency
B021984,P01110,F0108,A078,Business,1189.1,GBP,2025-09-18,website
B021985,P00349,F0014,A048,Economy,84.23,USD,2025-09-18,website
B021986,P01785,F0323,A020,Business,1016.96,EUR,2025-09-18,website
B021987,P00198,F0308,A020,Economy,191.52,USD,2025-09-18,website
B021988,P01394,F0106,A007,Economy,172.52,EUR,2025-09-18,mobile_app
B021989,P00084,F0350,A069,Premium Economy,296.06,GBP,2025-09-18,website
B021990,P00785,F0228,A067,Business,942.98,EUR,2025-09-18,call_center
B021991,P01780,F0038,A056,Economy,109.84,USD,2025-09-18,website
B021992,P01596,F0337,A020,Business,1383.47,USD,2025-09-18,website
B021993,P00643,F0160,A035,Business,1139.14,USD,2025-09-18,website
B021994,P00995,F0136,A004,Premium Economy,466.31,GBP,2025-09-18,travel_agency
B021995,P01797,F0282,A001,Economy,80.03,GBP,2025-09-18,mobile_app
B021996,P01886,F0191,A080,Economy,187.61,EUR,2025-09-18,mobile_app
B021997,P01541,F0340,A073,Business,1227.49,EUR,2025-09-18,website
B021998,P00445,F0363,A046,Economy,74.3,USD,2025-09-18,mobile_app
B021999,P00821,F0069,A070,Economy,86.3,EUR,2025-09-18,website
B022000,P00881,F0256,A049,Business,1181.88,EUR,2025-09-18,website
B022001,P02034,F0030,A010,Business,949.13,EUR,2025-09-18,website
B022002,P00739,F0245,A050,Economy,79.61,USD,2025-09-18,mobile_app
B022003,P00209,F0037,A015,Premium Economy,192.18,EUR,2025-09-18,website
B022004,P01211,F0243,A014,Economy,136.77,EUR,2025-09-18,website
B022005,P00011,F0236,A062,Economy,139.65,USD,2025-09-18,website
B022006,P00138,F0260,A051,Economy,142.28,EUR,2025-09-18,call_center
B022007,P01973,F0125,A002,Business,897.43,USD,2025-09-18,website
B022008,P01206,F0206,A003,Business,792.78,USD,2025-09-18,mobile_app
B022009,P02036,F0297,A058,Business,807.92,EUR,2025-09-18,website
B022010,P00713,F0100,A006,First,1370.98,EUR,2025-09-18,website
B022011,P02020,F0046,A015,Economy,159.52,GBP,2025-09-18,call_center
B022012,P01569,F0266,A069,Economy,187.08,GBP,2025-09-18,travel_agency
B022013,P00383,F0279,A022,Economy,133.02,EUR,2025-09-18,website
B022014,P00464,F0048,A016,Economy,91.22,EUR,2025-09-18,website
B022015,P01232,F0018,A061,Premium Economy,296.63,EUR,2025-09-18,website
B022016,P00810,F0007,A015,Business,607.76,EUR,2025-09-18,website
B022017,P01837,F0311,A023,Economy,189.27,EUR,2025-09-18,website
B022018,P02002,F0258,A039,Premium Economy,320.11,GBP,2025-09-18,mobile_app
B022019,P01181,F0116,A020,Economy,112.43,USD,2025-09-18,travel_agency
B022020,P00165,F0190,A044,Premium Economy,392.35,EUR,2025-09-18,mobile_app
B022021,P01787,F0046,A015,Economy,149.03,USD,2025-09-18,mobile_app
B022022,P00462,F0237,A045,Premium Economy,219.44,EUR,2025-09-18,mobile_app
B022023,P00504,F0094,A028,Economy,116.71,USD,2025-09-18,website
B022024,P00273,F0306,A046,Economy,146.96,USD,2025-09-18,mobile_app
B022025,P00437,F0015,A003,Premium Economy,281.4,GBP,2025-09-18,travel_agency
B022026,P02023,F0277,A028,Premium Economy,394.72,USD,2025-09-18,website
B022027,P00989,F0258,A039,Economy,197.64,GBP,2025-09-18,call_center
B022028,P01918,F0029,A041,Economy,117.95,EUR,2025-09-18,mobile_app
B022029,P00868,F0257,A034,Economy,76.37,USD,2025-09-18,website
B022030,P01354,F0222,A018,First,1135.35,GBP,2025-09-18,mobile_app
B022031,P00453,F0045,A014,Economy,79.67,USD,2025-09-18,call_center
B022032,P00417,F0329,A036,Economy,161.77,USD,2025-09-18,website
B022033,P01636,F0298,A078,Economy,131.81,USD,2025-09-18,website
B022034,P01498,F0096,A037,Economy,110.51,EUR,2025-09-18,travel_agency
B022035,P00827,F0135,A048,Economy,102.88,EUR,2025-09-18,website
B022036,P01680,F0203,A019,Economy,148.72,USD,2025-09-18,website
B022037,P01410,F0129,A064,Economy,133.67,USD,2025-09-18,travel_agency
B022038,P01758,F0072,A014,Economy,134.4,GBP,2025-09-18,mobile_app
B022039,P01548,F0292,A019,Economy,140.96,EUR,2025-09-18,website
B022040,P00833,F0141,A046,Economy,126.59,GBP,2025-09-18,mobile_app
B022041,P00544,F0076,A059,Business,869.48,EUR,2025-09-18,travel_agency
B022042,P01236,F0278,A073,Economy,102.69,USD,2025-09-18,travel_agency
B022043,P00299,F0313,A032,Economy,191.16,EUR,2025-09-18,website
B022044,P01809,F0336,A038,Premium Economy,355.14,USD,2025-09-18,website
B022045,P01459,F0187,A017,Economy,78.85,USD,2025-09-18,mobile_app
B022046,P00472,F0210,A033,Economy,128.36,EUR,2025-09-18,website
B022047,P01404,F0018,A061,Economy,98.23,EUR,2025-09-18,call_center
B022048,P00949,F0198,A004,First,2427.75,USD,2025-09-18,website
B022049,P00192,F0312,A033,Business,829.51,EUR,2025-09-18,mobile_app
B022050,P00817,F0054,A079,Economy,167.14,EUR,2025-09-18,call_center
B022051,P01883,F0326,A071,Economy,89.49,USD,2025-09-18,website
B022052,P01564,F0307,A005,Business,1047.99,GBP,2025-09-18,call_center
B022053,P00369,F0344,A044,Business,1137.75,USD,2025-09-18,travel_agency
B022054,P01495,F0282,A001,Premium Economy,249.59,GBP,2025-09-18,call_center
B022055,P01126,F0177,A041,Economy,148.62,USD,2025-09-18,mobile_app
B022056,P01334,F0205,A065,Economy,125.65,USD,2025-09-18,website
