booking_id,passenger_id,flight_id,airport_id,seat_class,amount,currency,booking_date,booking_channel
B009277,P01860,F0339,A011,Economy,163.66,EUR,2025-09-09,website
B009278,P01827,F0347,A072,Premium Economy,221.91,EUR,2025-09-09,mobile_app
B009279,P00204,F0119,A043,Economy,152.33,EUR,2025-09-09,website
B009280,P01118,F0231,A017,Economy,134.67,GBP,2025-09-09,mobile_app
B009281,P01716,F0110,A035,Premium Economy,386.28,GBP,2025-09-09,website
B009282,P00506,F0277,A028,Economy,173.89,EUR,2025-09-09,mobile_app
B009283,P00645,F0297,A058,Economy,106.05,GBP,2025-09-09,website
B009284,P01056,F0029,A041,Economy,134.13,GBP,2025-09-09,website
B009285,P01078,F0280,A012,Economy,167.36,USD,2025-09-09,website
B009286,P01881,F0138,A013,Premium Economy,466.25,EUR,2025-09-09,website
B009287,P01322,F0027,A031,Economy,120.09,EUR,2025-09-09,travel_agency
B009288,P01110,F0173,A040,Premium Economy,386.33,EUR,2025-09-09,call_center
B009289,P00003,F0009,A065,Economy,181.36,EUR,2025-09-09,website
B009290,P00712,F0151,A038,Economy,72.85,EUR,2025-09-09,mobile_app
B009291,P01821,F0335,A076,Economy,147.99,EUR,2025-09-09,mobile_app
B009292,P01420,F0134,A072,Economy,135.3,EUR,2025-09-09,mobile_app
B009293,P01799,F0206,A003,Economy,111.42,EUR,2025-09-09,travel_agency
B009294,P00062,F0125,A002,Economy,94.96,EUR,2025-09-09,website
B009295,P00255,F0255,A061,Premium Economy,456.83,EUR,2025-09-09,travel_agency
B009296,P01224,F0177,A041,Economy,97.35,USD,2025-09-09,website
B009297,P00317,F0119,A043,Economy,182.42,EUR,2025-09-09,website
B009298,P00999,F0156,A046,Premium Economy,188.69,USD,2025-09-09,call_center
B009299,P00054,F0328,A018,Economy,121.72,EUR,2025-09-09,website
B009300,P01205,F0301,A060,Economy,125.3,GBP,2025-09-09,travel_agency
B009301,P00255,F0105,A042,Economy,124.32,GBP,2025-09-09,website
B009302,P00390,F0169,A046,Economy,179.07,USD,2025-09-09,website
B009303,P00394,F0176,A064,Economy,124.45,EUR,2025-09-09,website
B009304,P01218,F0044,A069,Economy,196.6,EUR,2025-09-09,mobile_app
B009305,P00096,F0356,A077,Economy,141.97,EUR,2025-09-09,call_center
B009306,P00936,F0022,A070,Economy,131.38,GBP,2025-09-09,call_center
B009307,P00069,F0284,A054,Economy,191.34,USD,2025-09-09,travel_agency
B009308,P01618,F0291,A038,Economy,137.08,GBP,2025-09-09,mobile_app
B009309,P01855,F0286,A001,Premium Economy,458.45,USD,2025-09-09,website
B009310,P00978,F0201,A039,Business,1121.33,EUR,2025-09-09,website
B009311,P00888,F0104,A064,Business,811.6,USD,2025-09-09,website
B009312,P00369,F0276,A059,Economy,133.79,USD,2025-09-09,mobile_app
B009313,P01815,F0024,A055,Economy,105.95,EUR,2025-09-09,website
B009314,P00772,F0310,A003,Economy,193.35,USD,2025-09-09,mobile_app
B009315,P00990,F0248,A059,Premium Economy,445.72,EUR,2025-09-09,website
B009316,P00365,F0113,A063,Business,1411.45,USD,2025-09-09,website
B009317,P01299,F0176,A064,Premium Economy,464.36,USD,2025-09-09,mobile_app
B009318,P00073,F0081,A025,Business,706.07,USD,2025-09-09,website
B009319,P01410,F0006,A050,Economy,148.65,EUR,2025-09-09,mobile_app
B009320,P00227,F0208,A062,Economy,133.89,USD,2025-09-09,website
B009321,P00102,F0190,A044,Economy,115.55,USD,2025-09-09,website
B009322,P01868,F0242,A037,Business,862.98,GBP,2025-09-09,website
B009323,P00284,F0201,A039,Premium Economy,267.12,EUR,2025-09-09,mobile_app
B009324,P01224,F0002,A073,Premium Economy,412.34,EUR,2025-09-09,website
B009325,P01753,F0022,A070,Economy,94.51,GBP,2025-09-09,travel_agency
B009326,P01872,F0321,A035,Economy,112.52,USD,2025-09-09,website
B009327,P00829,F0273,A075,Economy,105.5,EUR,2025-09-09,mobile_app
B009328,P00935,F0113,A063,Economy,167.02,GBP,2025-09-09,website
B009329,P00734,F0122,A008,Economy,123.67,EUR,2025-09-09,travel_agency
B009330,P00528,F0258,A039,Economy,96.13,EUR,2025-09-09,mobile_app
B009331,P00052,F0039,A032,Economy,167.76,USD,2025-09-09,website
B009332,P00363,F0013,A078,Economy,74.8,USD,2025-09-09,travel_agency
B009333,P01557,F0234,A004,Economy,75.54,GBP,2025-09-09,call_center
B009334,P01127,F0071,A028,Economy,118.68,USD,2025-09-09,mobile_app
B009335,P00199,F0155,A017,Economy,88.3,USD,2025-09-09,mobile_app
B009336,P01440,F0093,A040,Economy,94.1,USD,2025-09-09,website
B009337,P01388,F0328,A018,Economy,150.37,EUR,2025-09-09,mobile_app
B009338,P00903,F0151,A038,First,2211.77,USD,2025-09-09,call_center
B009339,P00917,F0047,A069,Economy,85.95,EUR,2025-09-09,website
B009340,P01303,F0154,A061,Premium Economy,437.53,USD,2025-09-09,travel_agency
B009341,P01231,F0311,A023,Economy,91.25,GBP,2025-09-09,mobile_app
B009342,P01840,F0357,A060,Premium Economy,446.99,EUR,2025-09-09,website
B009343,P00705,F0335,A076,Business,522.9,EUR,2025-09-09,travel_agency
B009344,P00095,F0112,A065,Economy,148.03,USD,2025-09-09,website
B009345,P00562,F0267,A038,Economy,177.99,GBP,2025-09-09,mobile_app
B009346,P00599,F0083,A075,Economy,149.49,USD,2025-09-09,website
B009347,P01628,F0160,A035,Business,874.79,EUR,2025-09-09,mobile_app
B009348,P00528,F0200,A028,Economy,143.73,GBP,2025-09-09,mobile_app
B009349,P00030,F0131,A017,Economy,80.86,USD,2025-09-09,website
B009350,P01705,F0088,A038,Premium Economy,368.51,EUR,2025-09-09,travel_agency
B009351,P01042,F0304,A020,Economy,139.1,EUR,2025-09-09,website
B009352,P00787,F0292,A019,Economy,76.17,USD,2025-09-09,call_center
B009353,P00761,F0122,A008,Economy,84.74,EUR,2025-09-09,mobile_app
B009354,P01409,F0088,A038,Economy,105.33,USD,2025-09-09,website
B009355,P00164,F0234,A004,Economy,131.18,USD,2025-09-09,website
B009356,P01273,F0047,A069,First,1540.6,EUR,2025-09-09,mobile_app
B009357,P00981,F0250,A073,Economy,84.46,EUR,2025-09-09,website
B009358,P00898,F0118,A020,Economy,191.7,USD,2025-09-09,mobile_app
B009359,P00251,F0195,A014,Business,1428.92,EUR,2025-09-09,call_center
B009360,P00138,F0333,A023,Economy,123.22,USD,2025-09-09,website
B009361,P00756,F0263,A068,Economy,128.54,EUR,2025-09-09,travel_agency
B009362,P00801,F0293,A023,Economy,189.39,GBP,2025-09-09,travel_agency
B009363,P01881,F0175,A019,Economy,83.71,EUR,2025-09-09,travel_agency
B009364,P00157,F0202,A064,Economy,168.81,EUR,2025-09-09,travel_agency
B009365,P00623,F0249,A079,Business,1373.85,GBP,2025-09-09,website
B009366,P00258,F0092,A080,Premium Economy,363.06,GBP,2025-09-09,mobile_app
B009367,P00203,F0149,A014,Economy,143.09,USD,2025-09-09,website
B009368,P00596,F0200,A028,Economy,182.73,EUR,2025-09-09,mobile_app
B009369,P00022,F0174,A066,Economy,75.52,EUR,2025-09-09,website
B009370,P01174,F0007,A015,Premium Economy,260.15,EUR,2025-09-09,travel_agency
B009371,P00815,F0242,A037,Premium Economy,389.51,USD,2025-09-09,mobile_app
B009372,P01145,F0327,A050,Economy,140.28,USD,2025-09-09,website
B009373,P00464,F0299,A027,Premium Economy,207.02,USD,2025-09-09,mobile_app
B009374,P01875,F0344,A044,Business,992.58,EUR,2025-09-09,website
B009375,P01885,F0137,A039,Premium Economy,385.8,EUR,2025-09-09,mobile_app
B009376,P00888,F0220,A015,Business,949.63,USD,2025-09-09,mobile_app
B009377,P01599,F0224,A047,Economy,176.6,USD,2025-09-09,website
B009378,P00048,F0221,A034,Economy,97.36,USD,2025-09-09,call_center
B009379,P00991,F0192,A037,Economy,118.1,USD,2025-09-09,travel_agency
B009380,P00691,F0035,A033,Business,1382.6,EUR,2025-09-09,mobile_app
B009381,P00038,F0346,A044,Economy,122.27,USD,2025-09-09,mobile_app
B009382,P01067,F0048,A016,Economy,152.77,EUR,2025-09-09,mobile_app
B009383,P01030,F0254,A054,First,2080.26,EUR,2025-09-09,call_center
B009384,P00240,F0291,A038,Premium Economy,390.89,USD,2025-09-09,website
B009385,P01873,F0214,A038,Economy,155.02,USD,2025-09-09,website
B009386,P00288,F0166,A040,Economy,96.19,GBP,2025-09-09,call_center
B009387,P01340,F0151,A038,First,1874.56,EUR,2025-09-09,mobile_app
B009388,P01201,F0348,A056,Economy,115.36,EUR,2025-09-09,website
B009389,P01613,F0330,A064,Economy,116.5,EUR,2025-09-09,website
B009390,P00712,F0284,A054,First,1248.82,EUR,2025-09-09,mobile_app
B009391,P00357,F0327,A050,Business,721.27,USD,2025-09-09,travel_agency
B009392,P00388,F0278,A073,Economy,77.57,USD,2025-09-09,travel_agency
B009393,P01624,F0242,A037,Economy,78.47,EUR,2025-09-09,website
B009394,P00866,F0098,A022,Premium Economy,220.42,USD,2025-09-09,website
B009395,P01097,F0182,A023,Premium Economy,417.43,USD,2025-09-09,website
B009396,P01691,F0222,A018,Economy,72.7,USD,2025-09-09,travel_agency
B009397,P01819,F0106,A007,Economy,88.31,USD,2025-09-09,travel_agency
B009398,P01903,F0022,A070,Economy,118.44,EUR,2025-09-09,mobile_app
B009399,P01117,F0008,A059,Economy,134.72,GBP,2025-09-09,website
B009400,P00902,F0169,A046,Premium Economy,414.79,EUR,2025-09-09,travel_agency
B009401,P00972,F0357,A060,Business,1218.86,USD,2025-09-09,website
B009402,P00285,F0209,A006,Economy,143.02,USD,2025-09-09,travel_agency
B009403,P01120,F0028,A011,Economy,158.83,EUR,2025-09-09,mobile_app
B009404,P01204,F0072,A014,Economy,168.37,GBP,2025-09-09,call_center
B009405,P01719,F0223,A045,Business,1394.63,EUR,2025-09-09,mobile_app
B009406,P01482,F0015,A003,Economy,186.7,EUR,2025-09-09,website
B009407,P01075,F0275,A016,Business,1166.48,GBP,2025-09-09,mobile_app
B009408,P01567,F0293,A023,Business,964.27,USD,2025-09-09,call_center
B009409,P01700,F0229,A065,Economy,80.71,USD,2025-09-09,travel_agency
B009410,P00548,F0157,A065,Premium Economy,263.36,EUR,2025-09-09,travel_agency
B009411,P00445,F0067,A060,Economy,174.22,EUR,2025-09-09,travel_agency
B009412,P01683,F0210,A033,Economy,105.27,EUR,2025-09-09,mobile_app
B009413,P01300,F0178,A008,Premium Economy,401.94,EUR,2025-09-09,website
B009414,P00221,F0306,A046,Economy,159.17,USD,2025-09-09,website
B009415,P01526,F0283,A008,Economy,107.1,EUR,2025-09-09,mobile_app
B009416,P01538,F0158,A072,Premium Economy,345.62,EUR,2025-09-09,website
B009417,P00630,F0173,A040,Premium Economy,282.34,USD,2025-09-09,travel_agency
B009418,P01239,F0070,A026,Business,845.9,GBP,2025-09-09,mobile_app
B009419,P01070,F0207,A043,Economy,84.2,GBP,2025-09-09,website
B009420,P01553,F0286,A001,Premium Economy,268.05,USD,2025-09-09,website
B009421,P00351,F0083,A075,Economy,171.65,EUR,2025-09-09,call_center
B009422,P00018,F0088,A038,Premium Economy,269.25,EUR,2025-09-09,mobile_app
B009423,P00793,F0252,A007,Economy,117.59,USD,2025-09-09,mobile_app
B009424,P00835,F0156,A046,Business,916.28,EUR,2025-09-09,website
B009425,P00144,F0180,A060,Economy,126.55,EUR,2025-09-09,website
B009426,P01676,F0331,A051,Economy,196.92,USD,2025-09-09,website
B009427,P00814,F0213,A078,Economy,94.5,EUR,2025-09-09,mobile_app
B009428,P01815,F0208,A062,Economy,162.77,EUR,2025-09-09,website
B009429,P01915,F0196,A066,Economy,94.76,EUR,2025-09-09,website
B009430,P00639,F0103,A045,Economy,80.54,EUR,2025-09-09,mobile_app
B009431,P00373,F0147,A047,Economy,145.72,USD,2025-09-09,call_center
B009432,P01569,F0003,A018,Premium Economy,310.15,USD,2025-09-09,website
B009433,P01591,F0078,A032,Business,878.37,EUR,2025-09-09,travel_agency
B009434,P01556,F0092,A080,Premium Economy,483.74,EUR,2025-09-09,travel_agency
B009435,P00140,F0255,A061,Premium Economy,337.64,USD,2025-09-09,mobile_app
B009436,P00633,F0226,A012,Business,763.17,EUR,2025-09-09,website
B009437,P01434,F0148,A067,Business,842.0,EUR,2025-09-09,mobile_app
B009438,P00911,F0346,A044,Economy,97.2,USD,2025-09-09,travel_agency
B009439,P00188,F0039,A032,Economy,84.51,EUR,2025-09-09,mobile_app
B009440,P00895,F0041,A032,Business,1123.84,USD,2025-09-09,mobile_app
B009441,P00118,F0308,A020,Economy,96.15,USD,2025-09-09,travel_agency
B009442,P00235,F0153,A013,Economy,179.17,EUR,2025-09-09,website
B009443,P00853,F0156,A046,Economy,156.1,EUR,2025-09-09,mobile_app
B009444,P00262,F0071,A028,Economy,111.64,EUR,2025-09-09,travel_agency
B009445,P01745,F0052,A022,Economy,108.64,USD,2025-09-09,website
B009446,P01380,F0260,A051,Business,1039.96,USD,2025-09-09,website
B009447,P00576,F0140,A048,Economy,171.12,GBP,2025-09-09,mobile_app
B009448,P00837,F0190,A044,Economy,187.48,EUR,2025-09-09,mobile_app
B009449,P00185,F0260,A051,Economy,89.57,GBP,2025-09-09,website
B009450,P00946,F0127,A062,Economy,116.94,USD,2025-09-09,mobile_app
B009451,P01912,F0322,A075,Economy,111.75,EUR,2025-09-09,website
B009452,P00865,F0147,A047,Economy,134.5,EUR,2025-09-09,website
B009453,P01398,F0134,A072,First,1301.84,EUR,2025-09-09,mobile_app
B009454,P01501,F0205,A065,Business,1416.86,USD,2025-09-09,website
B009455,P00618,F0007,A015,Economy,170.12,EUR,2025-09-09,website
B009456,P00409,F0134,A072,Premium Economy,392.14,GBP,2025-09-09,website
B009457,P00273,F0150,A036,Premium Economy,212.96,EUR,2025-09-09,website
B009458,P00393,F0149,A014,Economy,111.74,USD,2025-09-09,travel_agency
B009459,P00206,F0175,A019,Business,1215.59,GBP,2025-09-09,website
B009460,P00600,F0191,A080,Economy,122.44,EUR,2025-09-09,mobile_app
B009461,P00465,F0046,A015,Economy,132.64,EUR,2025-09-09,mobile_app
B009462,P00075,F0300,A032,Premium Economy,274.81,GBP,2025-09-09,website
B009463,P01046,F0134,A072,Economy,78.23,EUR,2025-09-09,call_center
B009464,P01282,F0307,A005,Economy,189.59,EUR,2025-09-09,website
B009465,P01811,F0194,A026,Economy,126.16,EUR,2025-09-09,website
B009466,P00359,F0316,A073,Business,1401.48,EUR,2025-09-09,travel_agency
B009467,P00682,F0345,A058,Premium Economy,356.4,EUR,2025-09-09,website
B009468,P01486,F0054,A079,Economy,159.96,EUR,2025-09-09,website
B009469,P01192,F0298,A078,Economy,178.48,USD,2025-09-09,mobile_app
B009470,P00144,F0092,A080,Business,1072.9,EUR,2025-09-09,website
B009471,P01577,F0177,A041,Economy,99.31,USD,2025-09-09,website
B009472,P01918,F0047,A069,Economy,168.66,EUR,2025-09-09,mobile_app
B009473,P01356,F0348,A056,Economy,116.75,USD,2025-09-09,website
B009474,P01628,F0150,A036,Economy,159.62,USD,2025-09-09,mobile_app
B009475,P01275,F0083,A075,Premium Economy,304.87,EUR,2025-09-09,travel_agency
B009476,P00130,F0283,A008,Economy,84.54,GBP,2025-09-09,website
B009477,P00365,F0213,A078,Economy,119.8,EUR,2025-09-09,website
B009478,P00768,F0008,A059,Economy,98.33,USD,2025-09-09,travel_agency
B009479,P00419,F0183,A047,Economy,117.68,USD,2025-09-09,mobile_app
B009480,P00408,F0240,A021,Economy,155.69,EUR,2025-09-09,website
B009481,P01774,F0040,A021,First,2803.77,EUR,2025-09-09,website
B009482,P01362,F0346,A044,Economy,120.92,USD,2025-09-09,website
B009483,P01585,F0107,A035,Business,863.2,EUR,2025-09-09,website
B009484,P01697,F0308,A020,Economy,104.49,USD,2025-09-09,website
B009485,P00232,F0153,A013,Economy,159.64,EUR,2025-09-09,mobile_app
B009486,P01077,F0287,A049,Economy,107.45,GBP,2025-09-09,website
B009487,P01794,F0321,A035,Economy,79.77,EUR,2025-09-09,mobile_app
B009488,P00387,F0107,A035,Business,856.22,EUR,2025-09-09,mobile_app
B009489,P00564,F0223,A045,Business,577.34,EUR,2025-09-09,website
B009490,P01832,F0016,A008,Premium Economy,380.26,EUR,2025-09-09,mobile_app
B009491,P00535,F0176,A064,Business,984.7,EUR,2025-09-09,website
B009492,P00407,F0196,A066,Economy,184.37,USD,2025-09-09,travel_agency
B009493,P01852,F0253,A032,Economy,114.6,EUR,2025-09-09,website
B009494,P01709,F0310,A003,Economy,88.04,EUR,2025-09-09,mobile_app
B009495,P01564,F0274,A016,Economy,103.29,EUR,2025-09-09,website
B009496,P00438,F0053,A031,Business,1208.31,USD,2025-09-09,mobile_app
B009497,P00419,F0269,A015,Economy,140.65,EUR,2025-09-09,website
B009498,P00163,F0012,A069,Economy,94.88,EUR,2025-09-09,travel_agency
B009499,P01571,F0187,A017,Economy,165.55,GBP,2025-09-09,website
B009500,P01819,F0136,A004,Economy,196.19,USD,2025-09-09,mobile_app
B009501,P01025,F0079,A049,Business,1327.07,EUR,2025-09-09,website
B009502,P01214,F0217,A057,Economy,167.71,EUR,2025-09-09,website
B009503,P01906,F0093,A040,Economy,107.48,EUR,2025-09-09,travel_agency
B009504,P00162,F0200,A028,Economy,97.91,EUR,2025-09-09,mobile_app
B009505,P01141,F0085,A016,Economy,172.04,EUR,2025-09-09,mobile_app
B009506,P00666,F0069,A070,Economy,169.6,EUR,2025-09-09,mobile_app
B009507,P00508,F0114,A070,Premium Economy,357.89,EUR,2025-09-09,travel_agency
B009508,P00803,F0323,A020,Economy,160.19,GBP,2025-09-09,website
B009509,P00225,F0078,A032,Economy,147.55,USD,2025-09-09,mobile_app
B009510,P01919,F0261,A057,Premium Economy,261.81,USD,2025-09-09,travel_agency
B009511,P01388,F0218,A073,Premium Economy,424.15,GBP,2025-09-09,mobile_app
B009512,P01867,F0337,A020,Economy,140.35,USD,2025-09-09,travel_agency
B009513,P00907,F0188,A047,Economy,147.28,USD,2025-09-09,website
B009514,P01227,F0268,A059,Economy,94.25,USD,2025-09-09,website
B009515,P01765,F0149,A014,Economy,88.37,EUR,2025-09-09,mobile_app
B009516,P01233,F0181,A061,Economy,87.33,USD,2025-09-09,website
B009517,P00636,F0120,A080,Economy,157.58,EUR,2025-09-09,mobile_app
B009518,P00581,F0064,A078,Economy,180.72,EUR,2025-09-09,travel_agency
B009519,P01362,F0134,A072,Economy,72.24,EUR,2025-09-09,website
B009520,P00773,F0355,A064,Economy,85.89,USD,2025-09-09,website
B009521,P01291,F0283,A008,Economy,137.03,USD,2025-09-09,travel_agency
B009522,P00241,F0091,A073,Business,1101.6,USD,2025-09-09,website
B009523,P01899,F0188,A047,Economy,83.53,EUR,2025-09-09,mobile_app
B009524,P00238,F0316,A073,Economy,92.31,USD,2025-09-09,mobile_app
B009525,P01475,F0248,A059,Business,1350.81,GBP,2025-09-09,travel_agency
B009526,P01472,F0195,A014,Business,1180.68,EUR,2025-09-09,website
B009527,P01526,F0261,A057,Economy,131.13,EUR,2025-09-09,website
B009528,P01856,F0087,A023,Economy,168.22,USD,2025-09-09,website
B009529,P00978,F0012,A069,Economy,95.34,USD,2025-09-09,website
B009530,P00754,F0116,A020,First,2128.19,USD,2025-09-09,call_center
B009531,P01818,F0320,A030,Economy,196.3,USD,2025-09-09,website
B009532,P01779,F0323,A020,Premium Economy,386.09,EUR,2025-09-09,website
B009533,P00542,F0139,A076,Economy,75.94,EUR,2025-09-09,mobile_app
B009534,P01503,F0092,A080,Economy,117.77,EUR,2025-09-09,travel_agency
B009535,P01580,F0346,A044,Economy,137.2,EUR,2025-09-09,call_center
B009536,P01164,F0084,A046,Business,661.83,EUR,2025-09-09,travel_agency
B009537,P01133,F0097,A015,Economy,171.95,EUR,2025-09-09,mobile_app
B009538,P01660,F0167,A028,Business,779.24,EUR,2025-09-09,website
B009539,P00963,F0154,A061,Premium Economy,399.33,EUR,2025-09-09,website
B009540,P01164,F0300,A032,Economy,135.5,USD,2025-09-09,mobile_app
B009541,P00509,F0209,A006,Economy,154.15,USD,2025-09-09,mobile_app
B009542,P01229,F0237,A045,Economy,125.99,EUR,2025-09-09,website
B009543,P01803,F0002,A073,Economy,82.77,GBP,2025-09-09,mobile_app
B009544,P00911,F0186,A051,Business,1243.36,EUR,2025-09-09,mobile_app
B009545,P00245,F0195,A014,Economy,121.52,EUR,2025-09-09,website
B009546,P01236,F0182,A023,Premium Economy,436.99,EUR,2025-09-09,travel_agency
B009547,P00579,F0196,A066,Economy,174.89,EUR,2025-09-09,mobile_app
B009548,P00499,F0112,A065,Economy,192.43,USD,2025-09-09,mobile_app
B009549,P01217,F0029,A041,Economy,136.43,USD,2025-09-09,mobile_app
B009550,P00529,F0174,A066,Business,1346.16,EUR,2025-09-09,website
B009551,P01064,F0036,A017,Economy,123.23,USD,2025-09-09,website
B009552,P01915,F0263,A068,Economy,121.17,EUR,2025-09-09,website
B009553,P00119,F0143,A009,Business,529.51,GBP,2025-09-09,website
B009554,P01566,F0195,A014,Business,1026.87,USD,2025-09-09,mobile_app
B009555,P00911,F0124,A031,Economy,82.89,USD,2025-09-09,mobile_app
B009556,P00694,F0294,A054,Economy,73.9,GBP,2025-09-09,website
B009557,P00548,F0248,A059,Economy,191.52,GBP,2025-09-09,website
B009558,P00148,F0246,A051,Premium Economy,373.16,USD,2025-09-09,website
B009559,P00218,F0151,A038,First,1310.05,USD,2025-09-09,website
B009560,P01737,F0175,A019,Economy,104.79,EUR,2025-09-09,website
B009561,P01326,F0228,A067,Economy,163.63,EUR,2025-09-09,website
B009562,P01867,F0034,A037,Economy,75.79,USD,2025-09-09,mobile_app
B009563,P00391,F0120,A080,Economy,86.02,USD,2025-09-09,mobile_app
B009564,P01654,F0169,A046,Economy,173.98,EUR,2025-09-09,website
B009565,P01558,F0109,A029,Economy,169.04,USD,2025-09-09,mobile_app
B009566,P01569,F0220,A015,Economy,189.61,USD,2025-09-09,travel_agency
B009567,P01507,F0115,A030,Economy,120.31,USD,2025-09-09,website
B009568,P00787,F0292,A019,Business,1213.99,EUR,2025-09-09,travel_agency
B009569,P00594,F0032,A057,Premium Economy,184.62,EUR,2025-09-09,mobile_app
B009570,P00565,F0095,A001,Economy,74.77,USD,2025-09-09,website
B009571,P00084,F0154,A061,Premium Economy,315.94,EUR,2025-09-09,website
B009572,P01754,F0268,A059,First,2599.23,EUR,2025-09-09,website
B009573,P00300,F0236,A062,Economy,180.89,EUR,2025-09-09,website
B009574,P00318,F0347,A072,Economy,108.58,USD,2025-09-09,website
B009575,P01735,F0137,A039,Economy,141.58,GBP,2025-09-09,website
B009576,P01724,F0285,A045,Economy,175.56,EUR,2025-09-09,mobile_app
B009577,P00358,F0171,A052,Business,949.27,USD,2025-09-09,travel_agency
B009578,P00840,F0337,A020,Business,1236.95,USD,2025-09-09,website
B009579,P01185,F0213,A078,First,1646.02,USD,2025-09-09,mobile_app
B009580,P01178,F0144,A077,Economy,179.36,GBP,2025-09-09,mobile_app
B009581,P01142,F0255,A061,Economy,126.05,USD,2025-09-09,website
B009582,P01466,F0328,A018,Economy,103.86,EUR,2025-09-09,travel_agency
B009583,P01179,F0336,A038,Premium Economy,254.54,EUR,2025-09-09,mobile_app
B009584,P01858,F0287,A049,Economy,180.05,USD,2025-09-09,website
B009585,P01441,F0338,A069,Premium Economy,424.14,USD,2025-09-09,website
B009586,P00906,F0249,A079,Premium Economy,211.27,GBP,2025-09-09,website
B009587,P01848,F0201,A039,Premium Economy,387.73,USD,2025-09-09,mobile_app
B009588,P00027,F0079,A049,Economy,177.78,GBP,2025-09-09,mobile_app
B009589,P01196,F0231,A017,Economy,197.96,EUR,2025-09-09,website
B009590,P01040,F0283,A008,Premium Economy,205.97,USD,2025-09-09,website
B009591,P00227,F0274,A016,Economy,77.54,EUR,2025-09-09,mobile_app
B009592,P01364,F0334,A032,Economy,171.21,EUR,2025-09-09,travel_agency
B009593,P01662,F0121,A013,Premium Economy,383.51,EUR,2025-09-09,mobile_app
B009594,P01800,F0048,A016,First,2481.05,USD,2025-09-09,travel_agency
B009595,P00178,F0040,A021,Business,526.89,EUR,2025-09-09,mobile_app
B009596,P00824,F0352,A045,Premium Economy,284.91,USD,2025-09-09,mobile_app
B009597,P00700,F0070,A026,Economy,116.94,EUR,2025-09-09,website
B009598,P00023,F0353,A039,Business,1293.51,EUR,2025-09-09,call_center
B009599,P01271,F0281,A073,Premium Economy,475.95,EUR,2025-09-09,website
B009600,P01865,F0057,A060,Economy,184.97,EUR,2025-09-09,website
B009601,P00880,F0192,A037,Economy,171.42,GBP,2025-09-09,mobile_app
B009602,P00572,F0042,A026,Business,1032.96,EUR,2025-09-09,mobile_app
B009603,P01411,F0038,A056,Premium Economy,462.85,EUR,2025-09-09,mobile_app
B009604,P01179,F0038,A056,Economy,163.0,EUR,2025-09-09,call_center
B009605,P00200,F0235,A052,Economy,73.18,EUR,2025-09-09,travel_agency
B009606,P01285,F0102,A067,Premium Economy,274.07,GBP,2025-09-09,website
B009607,P00643,F0173,A040,Business,624.03,GBP,2025-09-09,mobile_app
B009608,P00562,F0325,A058,Economy,76.96,EUR,2025-09-09,website
B009609,P00903,F0224,A047,Business,642.26,USD,2025-09-09,travel_agency
B009610,P00167,F0271,A042,Economy,85.12,GBP,2025-09-09,website
B009611,P01687,F0026,A068,Economy,169.34,USD,2025-09-09,website
B009612,P01762,F0300,A032,Business,809.49,USD,2025-09-09,mobile_app
B009613,P00093,F0241,A051,First,1613.43,EUR,2025-09-09,mobile_app
B009614,P01401,F0243,A014,Economy,197.74,EUR,2025-09-09,website
B009615,P01138,F0195,A014,Business,877.03,EUR,2025-09-09,travel_agency
B009616,P00361,F0252,A007,Premium Economy,344.73,EUR,2025-09-09,call_center
B009617,P00429,F0257,A034,Business,1020.35,EUR,2025-09-09,website
B009618,P01681,F0083,A075,Economy,178.05,GBP,2025-09-09,travel_agency
B009619,P00788,F0227,A053,Economy,156.68,EUR,2025-09-09,mobile_app
B009620,P00469,F0357,A060,Economy,105.4,USD,2025-09-09,travel_agency
B009621,P00349,F0339,A011,Premium Economy,298.28,EUR,2025-09-09,mobile_app
B009622,P00007,F0152,A028,Economy,151.44,USD,2025-09-09,call_center
B009623,P01014,F0210,A033,First,2245.75,GBP,2025-09-09,call_center
B009624,P00490,F0316,A073,Premium Economy,479.07,EUR,2025-09-09,website
B009625,P00065,F0121,A013,Economy,188.07,EUR,2025-09-09,website
B009626,P00431,F0314,A049,Economy,109.76,USD,2025-09-09,travel_agency
B009627,P00717,F0217,A057,Economy,166.26,EUR,2025-09-09,website
B009628,P01524,F0136,A004,Economy,110.96,USD,2025-09-09,call_center
B009629,P00198,F0153,A013,First,1913.26,EUR,2025-09-09,website
B009630,P01474,F0342,A051,Premium Economy,295.07,USD,2025-09-09,travel_agency
B009631,P00128,F0253,A032,Economy,99.82,EUR,2025-09-09,website
B009632,P00257,F0229,A065,Economy,86.71,USD,2025-09-09,website
B009633,P00768,F0349,A001,Economy,181.89,USD,2025-09-09,website
B009634,P00858,F0278,A073,Premium Economy,358.8,EUR,2025-09-09,website
B009635,P00199,F0291,A038,Premium Economy,369.22,EUR,2025-09-09,travel_agency
B009636,P01595,F0261,A057,Economy,89.73,EUR,2025-09-09,website
B009637,P01482,F0172,A014,Economy,142.75,USD,2025-09-09,travel_agency
B009638,P01645,F0077,A069,Economy,147.42,USD,2025-09-09,travel_agency
B009639,P01203,F0231,A017,Economy,111.7,GBP,2025-09-09,mobile_app
B009640,P00183,F0227,A053,First,2564.14,USD,2025-09-09,website
B009641,P00661,F0194,A026,Premium Economy,409.73,USD,2025-09-09,mobile_app
B009642,P00895,F0203,A019,Economy,184.96,USD,2025-09-09,mobile_app
B009643,P00134,F0059,A067,Economy,162.66,GBP,2025-09-09,website
B009644,P00252,F0211,A048,Economy,136.67,EUR,2025-09-09,mobile_app
B009645,P01693,F0224,A047,Economy,160.04,USD,2025-09-09,mobile_app
B009646,P01516,F0014,A048,First,1976.58,USD,2025-09-09,travel_agency
B009647,P00505,F0136,A004,Economy,99.56,USD,2025-09-09,mobile_app
B009648,P00428,F0304,A020,Premium Economy,254.13,GBP,2025-09-09,website
B009649,P00496,F0020,A044,Economy,183.37,GBP,2025-09-09,call_center
B009650,P01096,F0333,A023,Business,624.72,EUR,2025-09-09,call_center
B009651,P01703,F0334,A032,Premium Economy,384.16,EUR,2025-09-09,mobile_app
B009652,P00958,F0044,A069,Business,1150.53,EUR,2025-09-09,website
B009653,P00775,F0147,A047,Business,604.04,USD,2025-09-09,website
B009654,P01374,F0356,A077,Business,579.22,EUR,2025-09-09,mobile_app
B009655,P00188,F0036,A017,Premium Economy,338.99,EUR,2025-09-09,website
B009656,P00396,F0281,A073,Economy,197.68,GBP,2025-09-09,travel_agency
B009657,P01307,F0157,A065,Economy,81.68,EUR,2025-09-09,mobile_app
B009658,P00466,F0189,A020,Business,1261.19,EUR,2025-09-09,mobile_app
B009659,P00363,F0201,A039,Economy,114.76,EUR,2025-09-09,travel_agency
B009660,P00793,F0342,A051,Premium Economy,445.5,GBP,2025-09-09,travel_agency
B009661,P00268,F0313,A032,Premium Economy,271.96,EUR,2025-09-09,mobile_app
B009662,P01562,F0036,A017,Economy,154.21,USD,2025-09-09,website
B009663,P00424,F0112,A065,Economy,74.17,USD,2025-09-09,website
B009664,P01608,F0124,A031,Economy,189.3,USD,2025-09-09,website
B009665,P00466,F0187,A017,Business,945.91,GBP,2025-09-09,website
B009666,P01252,F0327,A050,Business,613.61,USD,2025-09-09,travel_agency
B009667,P00915,F0193,A074,Economy,87.93,USD,2025-09-09,mobile_app
B009668,P00396,F0143,A009,Premium Economy,328.55,EUR,2025-09-09,website
B009669,P00485,F0042,A026,Economy,190.55,GBP,2025-09-09,mobile_app
B009670,P00740,F0134,A072,Premium Economy,223.98,GBP,2025-09-09,travel_agency
B009671,P01709,F0169,A046,Economy,150.33,EUR,2025-09-09,website
B009672,P01711,F0264,A018,Economy,188.17,EUR,2025-09-09,travel_agency
B009673,P00303,F0204,A024,Premium Economy,284.15,EUR,2025-09-09,travel_agency
B009674,P01440,F0058,A071,Economy,95.91,USD,2025-09-09,website
B009675,P01771,F0222,A018,Economy,151.21,EUR,2025-09-09,website
B009676,P00500,F0348,A056,Premium Economy,327.74,GBP,2025-09-09,mobile_app
B009677,P01344,F0219,A010,Economy,150.18,USD,2025-09-09,mobile_app
B009678,P01454,F0066,A051,Business,1310.67,USD,2025-09-09,website
B009679,P00241,F0080,A034,Economy,81.65,USD,2025-09-09,website
B009680,P01292,F0298,A078,Economy,164.09,USD,2025-09-09,mobile_app
B009681,P00424,F0113,A063,Business,562.51,USD,2025-09-09,website
B009682,P01173,F0268,A059,Premium Economy,201.4,USD,2025-09-09,mobile_app
B009683,P00044,F0220,A015,Premium Economy,225.81,GBP,2025-09-09,travel_agency
B009684,P01089,F0265,A026,Economy,123.28,GBP,2025-09-09,mobile_app
B009685,P00245,F0330,A064,Economy,105.51,EUR,2025-09-09,website
B009686,P01792,F0334,A032,Premium Economy,335.95,EUR,2025-09-09,mobile_app
B009687,P01084,F0193,A074,Economy,73.05,GBP,2025-09-09,mobile_app
B009688,P01615,F0235,A052,Economy,146.71,USD,2025-09-09,mobile_app
B009689,P00106,F0288,A015,Economy,94.48,EUR,2025-09-09,website
B009690,P01278,F0085,A016,Business,833.38,USD,2025-09-09,mobile_app
B009691,P00557,F0329,A036,Premium Economy,334.4,EUR,2025-09-09,mobile_app
B009692,P01518,F0303,A029,Economy,131.45,GBP,2025-09-09,mobile_app
B009693,P00524,F0252,A007,Business,1415.17,USD,2025-09-09,travel_agency
B009694,P01128,F0332,A077,Economy,141.61,EUR,2025-09-09,mobile_app
B009695,P01524,F0280,A012,Economy,179.09,EUR,2025-09-09,website
B009696,P01480,F0336,A038,Premium Economy,209.19,GBP,2025-09-09,website
B009697,P01321,F0264,A018,Economy,138.13,GBP,2025-09-09,website
B009698,P01038,F0130,A018,Business,1293.78,GBP,2025-09-09,call_center
B009699,P01859,F0170,A041,Economy,143.4,GBP,2025-09-09,website
B009700,P00390,F0092,A080,Business,718.23,EUR,2025-09-09,website
B009701,P00147,F0263,A068,Premium Economy,459.81,EUR,2025-09-09,travel_agency
B009702,P01585,F0308,A020,Economy,82.95,USD,2025-09-09,website
B009703,P00998,F0221,A034,Economy,156.1,GBP,2025-09-09,website
B009704,P01393,F0315,A056,Premium Economy,283.92,EUR,2025-09-09,mobile_app
B009705,P00526,F0200,A028,Economy,181.47,GBP,2025-09-09,website
B009706,P00696,F0113,A063,Premium Economy,451.45,GBP,2025-09-09,website
B009707,P01002,F0197,A007,Business,824.61,EUR,2025-09-09,website
B009708,P00742,F0305,A044,Premium Economy,183.05,USD,2025-09-09,website
B009709,P01441,F0226,A012,Economy,106.19,USD,2025-09-09,call_center
B009710,P01395,F0277,A028,Premium Economy,385.1,USD,2025-09-09,website
B009711,P00662,F0058,A071,Economy,127.39,EUR,2025-09-09,website
B009712,P00438,F0069,A070,Economy,172.28,USD,2025-09-09,mobile_app
B009713,P00973,F0330,A064,Economy,145.2,EUR,2025-09-09,call_center
B009714,P00097,F0123,A073,Economy,99.81,EUR,2025-09-09,mobile_app
B009715,P00564,F0019,A053,Economy,125.4,USD,2025-09-09,website
B009716,P00014,F0103,A045,Economy,143.4,USD,2025-09-09,website
B009717,P00061,F0177,A041,Economy,85.89,GBP,2025-09-09,travel_agency
B009718,P01523,F0109,A029,Economy,108.66,GBP,2025-09-09,website
B009719,P01917,F0048,A016,First,2541.31,GBP,2025-09-09,mobile_app
B009720,P00866,F0151,A038,Economy,159.63,EUR,2025-09-09,call_center
B009721,P00528,F0186,A051,Economy,74.55,EUR,2025-09-09,travel_agency
B009722,P00680,F0352,A045,Economy,165.91,USD,2025-09-09,call_center
B009723,P01785,F0080,A034,Economy,93.32,GBP,2025-09-09,website
B009724,P01219,F0270,A044,Business,1354.27,EUR,2025-09-09,mobile_app
B009725,P00289,F0284,A054,Economy,193.76,EUR,2025-09-09,website
B009726,P00180,F0010,A001,Premium Economy,203.81,EUR,2025-09-09,travel_agency
B009727,P00818,F0092,A080,Economy,100.58,EUR,2025-09-09,website
B009728,P00580,F0264,A018,Economy,143.22,USD,2025-09-09,website
B009729,P01811,F0135,A048,Economy,81.4,USD,2025-09-09,travel_agency
B009730,P00729,F0241,A051,Economy,192.26,USD,2025-09-09,travel_agency
B009731,P01143,F0103,A045,Premium Economy,259.35,EUR,2025-09-09,mobile_app
B009732,P01365,F0074,A077,Economy,99.58,EUR,2025-09-09,mobile_app
B009733,P01828,F0225,A047,Economy,164.46,USD,2025-09-09,mobile_app
B009734,P01035,F0274,A016,Economy,167.64,EUR,2025-09-09,website
B009735,P00585,F0122,A008,Business,822.92,EUR,2025-09-09,travel_agency
B009736,P00541,F0232,A020,Economy,190.45,USD,2025-09-09,mobile_app
B009737,P01344,F0107,A035,Economy,153.97,USD,2025-09-09,website
B009738,P00390,F0039,A032,Economy,125.42,USD,2025-09-09,mobile_app
B009739,P00554,F0058,A071,Economy,190.08,USD,2025-09-09,travel_agency
B009740,P01334,F0228,A067,Economy,146.54,EUR,2025-09-09,mobile_app
B009741,P00211,F0011,A008,Economy,103.56,USD,2025-09-09,travel_agency
B009742,P00848,F0280,A012,Economy,82.56,EUR,2025-09-09,website
B009743,P01476,F0128,A038,Economy,183.13,GBP,2025-09-09,website
B009744,P01865,F0068,A044,Business,931.1,USD,2025-09-09,call_center
B009745,P01662,F0260,A051,Economy,73.96,EUR,2025-09-09,travel_agency
B009746,P00930,F0355,A064,Economy,146.42,USD,2025-09-09,website
B009747,P00142,F0212,A064,Premium Economy,385.1,EUR,2025-09-09,website
B009748,P01342,F0342,A051,First,1986.77,EUR,2025-09-09,mobile_app
B009749,P01035,F0099,A039,Economy,156.82,EUR,2025-09-09,mobile_app
B009750,P01376,F0018,A061,Business,1295.2,EUR,2025-09-09,mobile_app
B009751,P01096,F0023,A052,Premium Economy,325.97,USD,2025-09-09,mobile_app
B009752,P01601,F0311,A023,Economy,74.06,USD,2025-09-09,mobile_app
B009753,P01367,F0265,A026,First,1596.9,EUR,2025-09-09,website
B009754,P00267,F0100,A006,Economy,107.34,USD,2025-09-09,website
B009755,P01327,F0317,A005,Economy,90.89,GBP,2025-09-09,website
B009756,P01727,F0206,A003,Economy,103.78,EUR,2025-09-09,mobile_app
B009757,P01655,F0102,A067,Premium Economy,230.84,GBP,2025-09-09,travel_agency
B009758,P00625,F0172,A014,Economy,153.73,EUR,2025-09-09,mobile_app
B009759,P00590,F0270,A044,Premium Economy,330.26,USD,2025-09-09,travel_agency
B009760,P01768,F0006,A050,Premium Economy,291.29,EUR,2025-09-09,mobile_app
B009761,P00262,F0096,A037,Economy,139.18,USD,2025-09-09,website
B009762,P00453,F0159,A080,Premium Economy,379.84,GBP,2025-09-09,website
B009763,P01678,F0155,A017,Business,1164.13,EUR,2025-09-09,mobile_app
B009764,P00252,F0267,A038,Economy,102.99,USD,2025-09-09,travel_agency
B009765,P01179,F0095,A001,Premium Economy,224.33,USD,2025-09-09,website
B009766,P01562,F0018,A061,Premium Economy,352.1,USD,2025-09-09,website
B009767,P01342,F0255,A061,Economy,184.09,EUR,2025-09-09,mobile_app
B009768,P00310,F0058,A071,Economy,73.5,EUR,2025-09-09,travel_agency
B009769,P01326,F0166,A040,Premium Economy,343.39,GBP,2025-09-09,website
B009770,P00377,F0003,A018,Economy,90.92,EUR,2025-09-09,website
B009771,P01347,F0090,A063,Economy,82.59,USD,2025-09-09,mobile_app
B009772,P01730,F0101,A074,Economy,183.88,EUR,2025-09-09,mobile_app
B009773,P00838,F0006,A050,Economy,107.0,GBP,2025-09-09,mobile_app
B009774,P01678,F0122,A008,Economy,117.62,EUR,2025-09-09,website
B009775,P01533,F0305,A044,Economy,197.81,USD,2025-09-09,website
B009776,P00263,F0275,A016,Economy,172.96,EUR,2025-09-09,mobile_app
B009777,P00081,F0308,A020,Economy,151.14,USD,2025-09-09,website
B009778,P01593,F0193,A074,Economy,133.22,EUR,2025-09-09,mobile_app
B009779,P01594,F0212,A064,Economy,166.9,EUR,2025-09-09,call_center
B009780,P01756,F0195,A014,Business,632.72,EUR,2025-09-09,website
B009781,P01393,F0060,A043,Economy,181.49,USD,2025-09-09,mobile_app
B009782,P00261,F0033,A014,Economy,102.83,EUR,2025-09-09,mobile_app
B009783,P01118,F0064,A078,Economy,152.33,EUR,2025-09-09,mobile_app
B009784,P01650,F0165,A045,Business,981.63,EUR,2025-09-09,call_center
B009785,P00075,F0257,A034,Economy,93.68,EUR,2025-09-09,website
B009786,P01672,F0321,A035,Economy,83.73,USD,2025-09-09,website
B009787,P01332,F0302,A013,Economy,89.89,EUR,2025-09-09,website
B009788,P00609,F0249,A079,Economy,198.0,USD,2025-09-09,travel_agency
B009789,P01571,F0343,A014,Economy,108.96,USD,2025-09-09,website
B009790,P01392,F0169,A046,Business,1113.85,USD,2025-09-09,mobile_app
B009791,P01104,F0065,A044,Economy,131.01,USD,2025-09-09,mobile_app
B009792,P00495,F0047,A069,Economy,74.72,EUR,2025-09-09,travel_agency
B009793,P00566,F0055,A052,Economy,173.03,EUR,2025-09-09,website
B009794,P00107,F0226,A012,Premium Economy,200.13,EUR,2025-09-09,call_center
B009795,P00618,F0001,A042,Business,1133.58,GBP,2025-09-09,mobile_app
B009796,P00833,F0073,A026,Premium Economy,256.81,EUR,2025-09-09,call_center
B009797,P01224,F0336,A038,Economy,75.23,USD,2025-09-09,mobile_app
B009798,P01506,F0257,A034,Economy,118.38,USD,2025-09-09,mobile_app
B009799,P00268,F0108,A078,Economy,119.03,USD,2025-09-09,mobile_app
B009800,P01240,F0028,A011,Premium Economy,273.14,EUR,2025-09-09,mobile_app
B009801,P00194,F0241,A051,Economy,182.92,EUR,2025-09-09,call_center
B009802,P00292,F0038,A056,Business,942.16,USD,2025-09-09,travel_agency
B009803,P01379,F0163,A011,Premium Economy,181.83,EUR,2025-09-09,website
B009804,P00658,F0300,A032,Economy,172.53,EUR,2025-09-09,mobile_app
B009805,P01129,F0162,A054,Premium Economy,316.02,EUR,2025-09-09,mobile_app
B009806,P00872,F0009,A065,Economy,181.2,USD,2025-09-09,call_center
B009807,P01111,F0227,A053,Premium Economy,232.34,GBP,2025-09-09,website
B009808,P00280,F0349,A001,Business,1265.5,EUR,2025-09-09,mobile_app
B009809,P00029,F0151,A038,Economy,89.83,USD,2025-09-09,website
B009810,P00999,F0203,A019,Premium Economy,378.23,EUR,2025-09-09,website
B009811,P01468,F0167,A028,Premium Economy,376.96,EUR,2025-09-09,travel_agency
B009812,P01210,F0138,A013,Economy,167.31,EUR,2025-09-09,website
B009813,P01047,F0335,A076,Premium Economy,233.24,EUR,2025-09-09,website
B009814,P00700,F0246,A051,First,2420.93,EUR,2025-09-09,mobile_app
B009815,P01663,F0240,A021,Premium Economy,324.99,USD,2025-09-09,website
B009816,P00643,F0293,A023,Economy,175.77,EUR,2025-09-09,call_center
B009817,P01049,F0187,A017,Economy,109.52,EUR,2025-09-09,mobile_app
B009818,P01857,F0073,A026,Economy,135.64,USD,2025-09-09,website
B009819,P00362,F0027,A031,First,2902.84,GBP,2025-09-09,mobile_app
B009820,P01251,F0357,A060,Economy,117.77,EUR,2025-09-09,mobile_app
B009821,P00529,F0005,A007,First,1620.69,EUR,2025-09-09,travel_agency
B009822,P01196,F0227,A053,Economy,174.6,EUR,2025-09-09,travel_agency
B009823,P01525,F0135,A048,Premium Economy,362.56,EUR,2025-09-09,website
B009824,P01304,F0155,A017,Premium Economy,372.03,EUR,2025-09-09,travel_agency
B009825,P01563,F0293,A023,Premium Economy,219.15,USD,2025-09-09,mobile_app
B009826,P00554,F0147,A047,Economy,190.52,EUR,2025-09-09,travel_agency
B009827,P00201,F0111,A025,Economy,173.58,GBP,2025-09-09,mobile_app
B009828,P01130,F0149,A014,Business,787.47,EUR,2025-09-09,website
B009829,P01213,F0266,A069,Economy,152.09,EUR,2025-09-09,mobile_app
B009830,P00607,F0239,A050,First,1424.36,GBP,2025-09-09,travel_agency
B009831,P00841,F0312,A033,Premium Economy,404.36,EUR,2025-09-09,website
B009832,P00699,F0168,A056,Premium Economy,183.16,GBP,2025-09-09,travel_agency
B009833,P01315,F0230,A029,Economy,119.86,EUR,2025-09-09,travel_agency
B009834,P01639,F0104,A064,Economy,93.23,USD,2025-09-09,website
B009835,P01089,F0176,A064,Premium Economy,409.77,EUR,2025-09-09,website
B009836,P00967,F0064,A078,Business,1057.87,GBP,2025-09-09,website
B009837,P00172,F0129,A064,First,1970.77,GBP,2025-09-09,website
B009838,P01760,F0192,A037,Economy,151.24,GBP,2025-09-09,website
B009839,P01325,F0353,A039,Economy,174.38,EUR,2025-09-09,mobile_app
B009840,P00812,F0022,A070,Economy,175.57,EUR,2025-09-09,mobile_app
B009841,P01485,F0327,A050,Economy,113.52,EUR,2025-09-09,website
B009842,P00799,F0049,A038,Economy,194.94,GBP,2025-09-09,call_center
B009843,P00299,F0178,A008,Economy,158.96,EUR,2025-09-09,mobile_app
B009844,P00305,F0320,A030,Economy,118.44,EUR,2025-09-09,mobile_app
B009845,P00251,F0054,A079,Premium Economy,424.67,GBP,2025-09-09,travel_agency
B009846,P00806,F0190,A044,Economy,166.66,GBP,2025-09-09,website
B009847,P00499,F0007,A015,Economy,120.24,EUR,2025-09-09,website
B009848,P00115,F0233,A006,Economy,125.23,USD,2025-09-09,mobile_app
B009849,P01196,F0203,A019,Economy,183.56,EUR,2025-09-09,travel_agency
B009850,P00317,F0334,A032,Economy,100.55,EUR,2025-09-09,website
B009851,P00647,F0092,A080,Economy,82.52,EUR,2025-09-09,mobile_app
B009852,P01160,F0109,A029,First,2629.18,EUR,2025-09-09,mobile_app
B009853,P00442,F0037,A015,Economy,100.15,EUR,2025-09-09,mobile_app
B009854,P01917,F0030,A010,Economy,191.54,GBP,2025-09-09,mobile_app
B009855,P00440,F0354,A050,Economy,107.63,GBP,2025-09-09,website
B009856,P01655,F0172,A014,Business,1148.75,GBP,2025-09-09,website
B009857,P01848,F0344,A044,Premium Economy,271.28,USD,2025-09-09,mobile_app
B009858,P01323,F0331,A051,Economy,121.49,USD,2025-09-09,website
B009859,P01683,F0158,A072,Economy,134.24,EUR,2025-09-09,mobile_app
B009860,P01782,F0193,A074,Business,876.02,EUR,2025-09-09,travel_agency
B009861,P01731,F0108,A078,Business,1319.95,USD,2025-09-09,travel_agency
B009862,P00883,F0069,A070,Economy,123.0,EUR,2025-09-09,website
B009863,P00291,F0323,A020,First,1290.88,EUR,2025-09-09,website
B009864,P00858,F0176,A064,First,2015.81,GBP,2025-09-09,website
B009865,P00091,F0353,A039,Premium Economy,462.9,GBP,2025-09-09,mobile_app
B009866,P01872,F0257,A034,Premium Economy,418.58,EUR,2025-09-09,website
B009867,P00531,F0232,A020,Economy,129.9,EUR,2025-09-09,website
B009868,P00854,F0244,A052,Economy,104.15,GBP,2025-09-09,website
B009869,P01285,F0059,A067,Business,1194.34,EUR,2025-09-09,website
B009870,P01604,F0303,A029,Premium Economy,461.63,USD,2025-09-09,website
B009871,P00179,F0357,A060,Economy,129.38,EUR,2025-09-09,mobile_app
B009872,P00617,F0098,A022,Economy,172.79,USD,2025-09-09,website
B009873,P00697,F0309,A079,Business,1355.64,EUR,2025-09-09,travel_agency
B009874,P00998,F0292,A019,Economy,152.36,EUR,2025-09-09,call_center
B009875,P01469,F0117,A057,Economy,86.6,EUR,2025-09-09,website
B009876,P00396,F0251,A040,Economy,175.91,USD,2025-09-09,travel_agency
B009877,P00673,F0022,A070,Economy,82.92,USD,2025-09-09,mobile_app
B009878,P01099,F0201,A039,Economy,122.73,EUR,2025-09-09,call_center
B009879,P00746,F0284,A054,Business,899.19,USD,2025-09-09,website
B009880,P01046,F0103,A045,Economy,176.75,USD,2025-09-09,travel_agency
B009881,P01072,F0274,A016,Economy,159.28,USD,2025-09-09,call_center
B009882,P01512,F0030,A010,Premium Economy,258.52,GBP,2025-09-09,website
B009883,P01317,F0211,A048,Economy,84.31,USD,2025-09-09,website
B009884,P00716,F0171,A052,Economy,96.42,GBP,2025-09-09,website
B009885,P00989,F0007,A015,Economy,171.09,USD,2025-09-09,travel_agency
B009886,P00914,F0165,A045,Business,1334.25,GBP,2025-09-09,mobile_app
B009887,P00927,F0271,A042,Premium Economy,286.95,USD,2025-09-09,website
B009888,P01499,F0029,A041,Economy,146.33,USD,2025-09-09,website
B009889,P01160,F0114,A070,Economy,167.54,EUR,2025-09-09,mobile_app
B009890,P01484,F0177,A041,Premium Economy,441.94,EUR,2025-09-09,website
B009891,P01735,F0281,A073,Business,1228.23,EUR,2025-09-09,travel_agency
B009892,P00415,F0228,A067,Business,1113.32,GBP,2025-09-09,mobile_app
B009893,P00811,F0312,A033,Economy,81.44,EUR,2025-09-09,website
B009894,P00995,F0352,A045,Economy,93.47,EUR,2025-09-09,mobile_app
B009895,P00890,F0209,A006,Economy,99.0,EUR,2025-09-09,website
B009896,P01637,F0045,A014,Economy,127.17,USD,2025-09-09,website
B009897,P00497,F0048,A016,First,1505.7,GBP,2025-09-09,call_center
B009898,P00811,F0291,A038,Business,1021.33,EUR,2025-09-09,mobile_app
B009899,P00082,F0329,A036,Economy,164.19,USD,2025-09-09,website
B009900,P00070,F0061,A020,Economy,178.03,EUR,2025-09-09,website
B009901,P00363,F0223,A045,Economy,97.35,EUR,2025-09-09,website
B009902,P00399,F0126,A076,Economy,102.15,GBP,2025-09-09,website
B009903,P00661,F0092,A080,Economy,133.41,USD,2025-09-09,travel_agency
B009904,P00871,F0116,A020,Economy,72.33,USD,2025-09-09,mobile_app
B009905,P01549,F0234,A004,Premium Economy,381.41,USD,2025-09-09,website
B009906,P00635,F0133,A038,Economy,172.59,EUR,2025-09-09,travel_agency
B009907,P00103,F0064,A078,Premium Economy,320.89,USD,2025-09-09,mobile_app
B009908,P01504,F0248,A059,Economy,192.98,USD,2025-09-09,website
B009909,P00627,F0298,A078,Economy,105.25,USD,2025-09-09,website
B009910,P00569,F0305,A044,Premium Economy,288.1,USD,2025-09-09,mobile_app
B009911,P01313,F0038,A056,Economy,86.24,GBP,2025-09-09,travel_agency
B009912,P00424,F0334,A032,Business,743.76,EUR,2025-09-09,mobile_app
B009913,P01361,F0044,A069,Economy,156.75,USD,2025-09-09,mobile_app
B009914,P00389,F0113,A063,Economy,74.71,GBP,2025-09-09,mobile_app
B009915,P01804,F0222,A018,Economy,100.83,GBP,2025-09-09,mobile_app
B009916,P00087,F0214,A038,Economy,96.91,EUR,2025-09-09,mobile_app
B009917,P00090,F0143,A009,First,1904.69,USD,2025-09-09,mobile_app
B009918,P00563,F0273,A075,Premium Economy,218.08,GBP,2025-09-09,mobile_app
B009919,P01285,F0054,A079,Economy,126.28,USD,2025-09-09,mobile_app
B009920,P01601,F0304,A020,Economy,80.21,EUR,2025-09-09,website
B009921,P00709,F0197,A007,Economy,138.54,EUR,2025-09-09,call_center
B009922,P00792,F0353,A039,First,1861.92,GBP,2025-09-09,mobile_app
B009923,P01196,F0208,A062,Economy,98.17,GBP,2025-09-09,mobile_app
B009924,P00492,F0110,A035,Economy,185.48,GBP,2025-09-09,travel_agency
B009925,P01674,F0152,A028,Business,1403.57,EUR,2025-09-09,mobile_app
B009926,P01681,F0009,A065,Economy,93.05,USD,2025-09-09,website
B009927,P01485,F0140,A048,Business,826.73,EUR,2025-09-09,website
B009928,P00983,F0129,A064,Economy,139.96,EUR,2025-09-09,website
B009929,P00546,F0052,A022,Economy,101.41,USD,2025-09-09,website
B009930,P01860,F0148,A067,Premium Economy,435.32,USD,2025-09-09,mobile_app
B009931,P00476,F0265,A026,Economy,72.83,EUR,2025-09-09,travel_agency
B009932,P01800,F0221,A034,Premium Economy,340.99,USD,2025-09-09,mobile_app
B009933,P00470,F0116,A020,First,2412.86,USD,2025-09-09,mobile_app
B009934,P01840,F0188,A047,Premium Economy,410.89,GBP,2025-09-09,travel_agency
B009935,P01377,F0015,A003,Business,749.43,EUR,2025-09-09,mobile_app
B009936,P00843,F0126,A076,Economy,166.53,EUR,2025-09-09,mobile_app
B009937,P01132,F0273,A075,Business,1330.12,EUR,2025-09-09,website
B009938,P00987,F0114,A070,Premium Economy,374.77,EUR,2025-09-09,mobile_app
B009939,P00842,F0115,A030,Business,730.49,EUR,2025-09-09,travel_agency
B009940,P01345,F0042,A026,Business,872.4,USD,2025-09-09,website
B009941,P01581,F0231,A017,Premium Economy,478.78,EUR,2025-09-09,mobile_app
B009942,P01548,F0162,A054,Economy,88.52,EUR,2025-09-09,mobile_app
B009943,P00588,F0138,A013,Economy,140.84,USD,2025-09-09,website
B009944,P01267,F0297,A058,Economy,135.84,EUR,2025-09-09,travel_agency
B009945,P01756,F0022,A070,Economy,132.54,USD,2025-09-09,website
B009946,P01580,F0312,A033,Premium Economy,293.02,USD,2025-09-09,website
B009947,P01437,F0045,A014,Economy,134.76,EUR,2025-09-09,mobile_app
B009948,P01498,F0286,A001,Premium Economy,272.16,GBP,2025-09-09,mobile_app
B009949,P00822,F0063,A062,Economy,123.83,GBP,2025-09-09,website
B009950,P00867,F0095,A001,Business,718.48,GBP,2025-09-09,website
B009951,P01440,F0178,A008,Business,1141.76,GBP,2025-09-09,mobile_app
B009952,P00477,F0216,A052,Economy,114.24,USD,2025-09-09,website
B009953,P00874,F0239,A050,Business,1283.29,EUR,2025-09-09,travel_agency
B009954,P01320,F0052,A022,Economy,162.33,EUR,2025-09-09,mobile_app
B009955,P00563,F0045,A014,Economy,132.79,USD,2025-09-09,mobile_app
B009956,P01346,F0156,A046,Business,1166.54,USD,2025-09-09,website
B009957,P00985,F0311,A023,Economy,97.63,EUR,2025-09-09,mobile_app
B009958,P01837,F0075,A065,Premium Economy,444.83,USD,2025-09-09,mobile_app
B009959,P00450,F0265,A026,Economy,133.11,EUR,2025-09-09,mobile_app
B009960,P00405,F0006,A050,First,1562.7,USD,2025-09-09,website
B009961,P00503,F0232,A020,Premium Economy,222.92,EUR,2025-09-09,call_center
B009962,P01366,F0068,A044,Economy,186.64,EUR,2025-09-09,website
B009963,P01405,F0280,A012,Premium Economy,206.15,EUR,2025-09-09,website
B009964,P01193,F0203,A019,Business,1283.89,USD,2025-09-09,website
B009965,P00145,F0035,A033,Economy,87.0,USD,2025-09-09,call_center
B009966,P00245,F0230,A029,Economy,120.36,EUR,2025-09-09,website
B009967,P01151,F0105,A042,Economy,172.06,EUR,2025-09-09,mobile_app
B009968,P00808,F0241,A051,Economy,182.94,EUR,2025-09-09,mobile_app
B009969,P00338,F0298,A078,Economy,142.38,USD,2025-09-09,website
B009970,P01650,F0355,A064,Economy,88.46,USD,2025-09-09,travel_agency
B009971,P01785,F0347,A072,Economy,100.31,USD,2025-09-09,travel_agency
B009972,P01906,F0281,A073,Premium Economy,262.88,USD,2025-09-09,website
B009973,P01872,F0160,A035,Economy,189.09,USD,2025-09-09,website
B009974,P01671,F0284,A054,Economy,72.18,USD,2025-09-09,website
B009975,P00367,F0132,A070,Business,978.37,EUR,2025-09-09,mobile_app
B009976,P00647,F0177,A041,Economy,100.67,USD,2025-09-09,website
B009977,P00702,F0268,A059,Economy,197.9,EUR,2025-09-09,mobile_app
B009978,P01607,F0069,A070,Premium Economy,202.84,GBP,2025-09-09,travel_agency
B009979,P00386,F0107,A035,Economy,173.17,GBP,2025-09-09,mobile_app
B009980,P01165,F0028,A011,Economy,152.09,EUR,2025-09-09,mobile_app
B009981,P00299,F0032,A057,Premium Economy,183.36,EUR,2025-09-09,travel_agency
B009982,P01126,F0123,A073,Economy,85.75,GBP,2025-09-09,website
B009983,P00973,F0247,A052,First,1958.88,GBP,2025-09-09,mobile_app
B009984,P00335,F0275,A016,Premium Economy,349.59,EUR,2025-09-09,travel_agency
B009985,P00642,F0007,A015,Premium Economy,221.65,GBP,2025-09-09,website
B009986,P00098,F0020,A044,Economy,119.46,GBP,2025-09-09,website
B009987,P00135,F0194,A026,Economy,151.17,USD,2025-09-09,travel_agency
B009988,P00517,F0184,A043,Economy,108.59,EUR,2025-09-09,travel_agency
B009989,P01416,F0317,A005,Business,1422.01,EUR,2025-09-09,website
B009990,P01836,F0183,A047,Economy,124.23,USD,2025-09-09,mobile_app
B009991,P00389,F0257,A034,Economy,127.49,EUR,2025-09-09,website
B009992,P01822,F0028,A011,Economy,194.88,GBP,2025-09-09,call_center
B009993,P00724,F0190,A044,Economy,101.44,USD,2025-09-09,mobile_app
B009994,P01523,F0069,A070,First,2493.29,USD,2025-09-09,mobile_app
B009995,P00211,F0238,A060,Economy,131.92,USD,2025-09-09,travel_agency
B009996,P01074,F0357,A060,Business,838.91,GBP,2025-09-09,mobile_app
B009997,P00129,F0321,A035,Economy,162.45,EUR,2025-09-09,travel_agency
B009998,P00933,F0044,A069,Economy,173.02,GBP,2025-09-09,mobile_app
B009999,P01142,F0048,A016,Economy,171.34,USD,2025-09-09,travel_agency
B010000,P00421,F0074,A077,Economy,130.78,EUR,2025-09-09,mobile_app
B010001,P00746,F0241,A051,Economy,132.08,EUR,2025-09-09,website
B010002,P00020,F0094,A028,Premium Economy,469.49,USD,2025-09-09,website
B010003,P00144,F0253,A032,Premium Economy,418.96,USD,2025-09-09,website
B010004,P00888,F0340,A073,Economy,137.0,USD,2025-09-09,website
B010005,P01810,F0030,A010,Economy,188.1,GBP,2025-09-09,call_center
B010006,P00620,F0034,A037,Business,904.95,EUR,2025-09-09,website
B010007,P01876,F0075,A065,Premium Economy,371.08,EUR,2025-09-09,mobile_app
B010008,P01263,F0263,A068,Economy,125.37,GBP,2025-09-09,website
B010009,P00191,F0144,A077,Economy,194.42,EUR,2025-09-09,website
B010010,P01787,F0193,A074,Business,1161.75,GBP,2025-09-09,website
B010011,P00795,F0324,A040,Economy,146.09,GBP,2025-09-09,website
B010012,P00476,F0028,A011,First,1686.64,GBP,2025-09-09,website
B010013,P00896,F0264,A018,Premium Economy,246.59,EUR,2025-09-09,mobile_app
B010014,P00963,F0205,A065,First,1334.76,USD,2025-09-09,website
B010015,P01001,F0306,A046,Economy,140.45,EUR,2025-09-09,mobile_app
B010016,P01870,F0102,A067,Premium Economy,331.41,USD,2025-09-09,website
B010017,P01844,F0148,A067,Economy,137.93,USD,2025-09-09,travel_agency
B010018,P01204,F0156,A046,Economy,184.61,USD,2025-09-09,mobile_app
B010019,P00437,F0060,A043,Premium Economy,350.96,USD,2025-09-09,website
B010020,P00324,F0069,A070,Economy,153.03,EUR,2025-09-09,website
B010021,P00190,F0238,A060,Economy,169.84,GBP,2025-09-09,mobile_app
B010022,P00585,F0194,A026,Business,1253.27,EUR,2025-09-09,travel_agency
B010023,P00662,F0357,A060,Economy,116.34,EUR,2025-09-09,call_center
B010024,P01644,F0107,A035,Economy,150.07,USD,2025-09-09,website
B010025,P00614,F0084,A046,Premium Economy,355.83,GBP,2025-09-09,website
B010026,P01917,F0056,A023,Economy,180.98,EUR,2025-09-09,mobile_app
B010027,P00950,F0267,A038,Economy,166.61,USD,2025-09-09,mobile_app
B010028,P01643,F0006,A050,Economy,169.75,EUR,2025-09-09,call_center
B010029,P00578,F0179,A048,Economy,89.6,GBP,2025-09-09,website
B010030,P00341,F0113,A063,Economy,185.75,USD,2025-09-09,mobile_app
B010031,P00302,F0180,A060,Economy,104.22,EUR,2025-09-09,call_center
B010032,P00326,F0064,A078,Economy,119.59,USD,2025-09-09,call_center
B010033,P01239,F0152,A028,Economy,184.98,EUR,2025-09-09,website
B010034,P00198,F0025,A070,Economy,169.84,GBP,2025-09-09,mobile_app
B010035,P01704,F0265,A026,Economy,111.31,GBP,2025-09-09,website
B010036,P00975,F0252,A007,Business,1359.72,EUR,2025-09-09,mobile_app
B010037,P00892,F0316,A073,Economy,155.6,EUR,2025-09-09,website
B010038,P01112,F0256,A049,Economy,121.39,EUR,2025-09-09,travel_agency
B010039,P01789,F0223,A045,Business,966.15,USD,2025-09-09,website
B010040,P01409,F0037,A015,Economy,187.45,USD,2025-09-09,mobile_app
B010041,P00048,F0060,A043,Economy,109.11,EUR,2025-09-09,mobile_app
B010042,P00671,F0149,A014,First,1194.63,USD,2025-09-09,mobile_app
B010043,P00560,F0055,A052,Economy,148.24,EUR,2025-09-09,website
B010044,P01540,F0173,A040,Economy,197.54,EUR,2025-09-09,website
B010045,P01280,F0201,A039,Economy,117.61,EUR,2025-09-09,travel_agency
B010046,P00215,F0053,A031,Economy,194.64,USD,2025-09-09,website
B010047,P01751,F0229,A065,Economy,84.11,EUR,2025-09-09,mobile_app
B010048,P01077,F0004,A075,Economy,138.08,EUR,2025-09-09,website
B010049,P01540,F0341,A066,Economy,157.75,EUR,2025-09-09,mobile_app
B010050,P01467,F0152,A028,Economy,80.07,EUR,2025-09-09,mobile_app
B010051,P00268,F0333,A023,Economy,137.46,EUR,2025-09-09,travel_agency
B010052,P00084,F0240,A021,First,2282.5,EUR,2025-09-09,website
B010053,P01064,F0286,A001,Economy,170.92,USD,2025-09-09,mobile_app
B010054,P00937,F0255,A061,Premium Economy,461.73,USD,2025-09-09,call_center
B010055,P00384,F0283,A008,Economy,151.87,USD,2025-09-09,website
B010056,P01867,F0228,A067,Economy,115.73,EUR,2025-09-09,mobile_app
B010057,P00649,F0337,A020,Economy,180.33,EUR,2025-09-09,mobile_app
B010058,P00076,F0104,A064,Business,1186.49,USD,2025-09-09,call_center
B010059,P00599,F0088,A038,Economy,122.63,EUR,2025-09-09,mobile_app
B010060,P00961,F0253,A032,Economy,102.29,USD,2025-09-09,mobile_app
B010061,P01416,F0160,A035,Premium Economy,441.02,EUR,2025-09-09,mobile_app
B010062,P00364,F0346,A044,Premium Economy,359.79,EUR,2025-09-09,travel_agency
B010063,P00893,F0356,A077,Economy,111.31,USD,2025-09-09,mobile_app
B010064,P01504,F0081,A025,Business,1028.85,EUR,2025-09-09,website
B010065,P00348,F0326,A071,Business,1196.5,EUR,2025-09-09,travel_agency
B010066,P01805,F0046,A015,Premium Economy,318.52,USD,2025-09-09,mobile_app
B010067,P01022,F0098,A022,Economy,96.85,EUR,2025-09-09,website
B010068,P00036,F0057,A060,Economy,113.0,EUR,2025-09-09,travel_agency
B010069,P00084,F0073,A026,Economy,80.63,EUR,2025-09-09,mobile_app
B010070,P00501,F0098,A022,Business,1354.78,EUR,2025-09-09,mobile_app
B010071,P01897,F0292,A019,Premium Economy,430.02,USD,2025-09-09,website
B010072,P00408,F0072,A014,Economy,166.04,USD,2025-09-09,travel_agency
B010073,P00262,F0216,A052,Economy,191.67,EUR,2025-09-09,website
B010074,P00559,F0230,A029,Premium Economy,278.44,GBP,2025-09-09,website
B010075,P00071,F0182,A023,Premium Economy,357.44,USD,2025-09-09,website
B010076,P00240,F0326,A071,Premium Economy,275.04,EUR,2025-09-09,travel_agency
B010077,P01355,F0326,A071,Economy,79.97,GBP,2025-09-09,call_center
B010078,P01368,F0169,A046,Economy,110.15,EUR,2025-09-09,website
B010079,P00156,F0179,A048,Economy,86.31,EUR,2025-09-09,mobile_app
B010080,P01002,F0173,A040,Economy,94.89,EUR,2025-09-09,website
B010081,P00928,F0294,A054,Economy,103.03,EUR,2025-09-09,mobile_app
B010082,P00493,F0051,A075,Economy,134.1,GBP,2025-09-09,website
B010083,P00758,F0050,A073,Economy,85.96,EUR,2025-09-09,website
B010084,P00248,F0279,A022,Economy,171.25,EUR,2025-09-09,website
B010085,P01072,F0023,A052,Economy,100.65,GBP,2025-09-09,mobile_app
B010086,P01155,F0126,A076,Economy,80.24,EUR,2025-09-09,website
B010087,P01461,F0120,A080,First,1482.34,GBP,2025-09-09,mobile_app
B010088,P00725,F0321,A035,Premium Economy,232.43,EUR,2025-09-09,website
B010089,P00910,F0343,A014,Premium Economy,279.98,USD,2025-09-09,travel_agency
B010090,P01766,F0300,A032,Business,960.46,EUR,2025-09-09,mobile_app
B010091,P00773,F0102,A067,Business,1366.35,EUR,2025-09-09,website
B010092,P01306,F0327,A050,Business,855.88,GBP,2025-09-09,mobile_app
B010093,P00761,F0039,A032,Economy,116.13,EUR,2025-09-09,mobile_app
B010094,P01840,F0012,A069,Economy,117.47,EUR,2025-09-09,travel_agency
B010095,P01891,F0070,A026,First,1259.78,GBP,2025-09-09,mobile_app
B010096,P00584,F0055,A052,Business,677.02,USD,2025-09-09,website
B010097,P01376,F0246,A051,Economy,164.47,EUR,2025-09-09,website
B010098,P00135,F0076,A059,Business,812.91,USD,2025-09-09,mobile_app
B010099,P01911,F0011,A008,Economy,189.31,USD,2025-09-09,mobile_app
B010100,P00879,F0062,A008,Business,1070.49,EUR,2025-09-09,mobile_app
B010101,P01910,F0129,A064,Economy,113.24,EUR,2025-09-09,website
B010102,P00613,F0272,A032,Economy,188.73,EUR,2025-09-09,mobile_app
B010103,P01168,F0147,A047,Economy,93.19,EUR,2025-09-09,website
B010104,P00705,F0114,A070,Economy,84.07,GBP,2025-09-09,mobile_app
B010105,P01854,F0120,A080,Economy,101.39,EUR,2025-09-09,mobile_app
B010106,P00163,F0320,A030,Economy,112.17,EUR,2025-09-09,website
B010107,P01890,F0321,A035,Economy,131.34,USD,2025-09-09,website
B010108,P01173,F0193,A074,Economy,193.45,USD,2025-09-09,website
B010109,P00166,F0204,A024,Economy,97.83,EUR,2025-09-09,travel_agency
B010110,P00962,F0349,A001,Economy,128.05,USD,2025-09-09,mobile_app
B010111,P01890,F0342,A051,Economy,155.91,USD,2025-09-09,travel_agency
B010112,P00495,F0088,A038,Economy,79.36,EUR,2025-09-09,travel_agency
B010113,P00655,F0245,A050,Economy,141.83,EUR,2025-09-09,travel_agency
B010114,P01689,F0315,A056,Economy,124.25,EUR,2025-09-09,website
B010115,P00557,F0304,A020,First,1920.28,EUR,2025-09-09,website
B010116,P01708,F0175,A019,Business,521.7,USD,2025-09-09,website
B010117,P01453,F0097,A015,Premium Economy,289.85,EUR,2025-09-09,mobile_app
B010118,P01877,F0310,A003,Economy,152.41,EUR,2025-09-09,website
B010119,P00236,F0006,A050,Economy,145.27,EUR,2025-09-09,website
B010120,P01325,F0064,A078,Economy,169.84,EUR,2025-09-09,website
B010121,P00955,F0072,A014,Economy,143.83,EUR,2025-09-09,website
B010122,P00674,F0295,A029,Business,1339.57,USD,2025-09-09,website
B010123,P01145,F0030,A010,Economy,92.18,EUR,2025-09-09,travel_agency
B010124,P00041,F0222,A018,Economy,104.56,EUR,2025-09-09,travel_agency
B010125,P00169,F0025,A070,Economy,103.3,EUR,2025-09-09,travel_agency
B010126,P01653,F0154,A061,Premium Economy,326.46,GBP,2025-09-09,travel_agency
B010127,P01617,F0187,A017,Economy,131.65,EUR,2025-09-09,mobile_app
B010128,P00526,F0016,A008,Economy,141.9,EUR,2025-09-09,mobile_app
B010129,P01628,F0227,A053,Economy,78.96,EUR,2025-09-09,website
B010130,P01588,F0058,A071,Business,650.39,GBP,2025-09-09,website
B010131,P01326,F0251,A040,Premium Economy,415.55,USD,2025-09-09,mobile_app
B010132,P01893,F0256,A049,Economy,85.1,USD,2025-09-09,website
B010133,P01832,F0312,A033,Premium Economy,219.33,EUR,2025-09-09,website
B010134,P00868,F0309,A079,Economy,115.18,USD,2025-09-09,website
B010135,P00535,F0334,A032,Premium Economy,357.55,EUR,2025-09-09,travel_agency
B010136,P00710,F0111,A025,Economy,85.66,EUR,2025-09-09,travel_agency
B010137,P01587,F0329,A036,Economy,134.18,EUR,2025-09-09,call_center
B010138,P00146,F0172,A014,Business,1344.83,EUR,2025-09-09,mobile_app
B010139,P00227,F0213,A078,Economy,132.98,EUR,2025-09-09,mobile_app
B010140,P01538,F0263,A068,Economy,136.27,USD,2025-09-09,website
B010141,P00045,F0242,A037,Business,903.07,USD,2025-09-09,mobile_app
B010142,P00699,F0070,A026,Business,1146.91,GBP,2025-09-09,website
B010143,P01183,F0139,A076,Economy,86.7,USD,2025-09-09,call_center
B010144,P01763,F0085,A016,Business,901.3,GBP,2025-09-09,travel_agency
B010145,P01289,F0104,A064,Economy,106.42,EUR,2025-09-09,website
B010146,P01343,F0268,A059,Economy,195.07,EUR,2025-09-09,mobile_app
B010147,P01863,F0046,A015,Economy,129.02,EUR,2025-09-09,travel_agency
B010148,P00506,F0197,A007,Premium Economy,272.54,USD,2025-09-09,travel_agency
B010149,P00869,F0263,A068,Economy,167.85,EUR,2025-09-09,website
B010150,P00418,F0243,A014,First,2204.95,USD,2025-09-09,website
B010151,P00007,F0152,A028,Economy,85.3,EUR,2025-09-09,website
B010152,P01010,F0309,A079,Economy,148.76,USD,2025-09-09,website
B010153,P00835,F0297,A058,Business,601.98,USD,2025-09-09,mobile_app
B010154,P00947,F0162,A054,Premium Economy,322.07,USD,2025-09-09,website
B010155,P01396,F0117,A057,Economy,150.75,GBP,2025-09-09,website
B010156,P01843,F0190,A044,Economy,87.53,EUR,2025-09-09,mobile_app
B010157,P01517,F0283,A008,Business,875.37,EUR,2025-09-09,travel_agency
B010158,P00825,F0062,A008,Premium Economy,339.28,EUR,2025-09-09,travel_agency
B010159,P00855,F0227,A053,Economy,118.14,EUR,2025-09-09,website
B010160,P01901,F0330,A064,Premium Economy,354.42,USD,2025-09-09,website
B010161,P01840,F0230,A029,Economy,96.39,EUR,2025-09-09,website
B010162,P00162,F0039,A032,Economy,160.55,EUR,2025-09-09,mobile_app
B010163,P01762,F0232,A020,Economy,109.9,EUR,2025-09-09,mobile_app
B010164,P01324,F0347,A072,Economy,103.25,GBP,2025-09-09,website
B010165,P01128,F0323,A020,Economy,195.75,USD,2025-09-09,website
B010166,P01751,F0307,A005,Business,563.54,USD,2025-09-09,mobile_app
B010167,P00929,F0300,A032,Economy,163.34,EUR,2025-09-09,website
B010168,P01252,F0046,A015,Premium Economy,199.64,GBP,2025-09-09,website
B010169,P00387,F0333,A023,Premium Economy,301.29,USD,2025-09-09,travel_agency
B010170,P00590,F0151,A038,Premium Economy,362.27,EUR,2025-09-09,website
B010171,P00607,F0247,A052,Economy,133.78,EUR,2025-09-09,website
B010172,P01880,F0235,A052,Economy,144.11,EUR,2025-09-09,travel_agency
B010173,P00892,F0142,A028,Economy,140.05,EUR,2025-09-09,call_center
B010174,P00534,F0356,A077,Economy,80.7,USD,2025-09-09,travel_agency
B010175,P00227,F0050,A073,Economy,133.24,EUR,2025-09-09,mobile_app
B010176,P00380,F0150,A036,Economy,153.42,USD,2025-09-09,mobile_app
B010177,P00356,F0113,A063,Business,767.6,EUR,2025-09-09,website
B010178,P01282,F0089,A057,Economy,191.91,GBP,2025-09-09,call_center
B010179,P01916,F0142,A028,First,2981.9,EUR,2025-09-09,website
B010180,P00181,F0122,A008,First,1870.42,EUR,2025-09-09,website
B010181,P00289,F0292,A019,Economy,102.9,USD,2025-09-09,mobile_app
B010182,P00921,F0228,A067,Economy,193.92,EUR,2025-09-09,call_center
B010183,P00455,F0295,A029,Economy,144.77,USD,2025-09-09,mobile_app
B010184,P00105,F0178,A008,Economy,117.68,USD,2025-09-09,call_center
B010185,P01487,F0303,A029,Premium Economy,396.32,USD,2025-09-09,website
B010186,P01751,F0155,A017,Premium Economy,413.35,EUR,2025-09-09,mobile_app
B010187,P01420,F0003,A018,Business,765.34,EUR,2025-09-09,mobile_app
B010188,P00866,F0220,A015,Economy,147.85,USD,2025-09-09,website
B010189,P00061,F0126,A076,Economy,167.83,EUR,2025-09-09,mobile_app
B010190,P00900,F0003,A018,Business,672.94,USD,2025-09-09,website
B010191,P00133,F0068,A044,Economy,122.36,EUR,2025-09-09,website
B010192,P00974,F0203,A019,Economy,194.62,GBP,2025-09-09,mobile_app
B010193,P00350,F0060,A043,Economy,175.39,EUR,2025-09-09,call_center
B010194,P00742,F0038,A056,Economy,75.1,USD,2025-09-09,website
B010195,P00591,F0234,A004,Economy,83.8,GBP,2025-09-09,call_center
B010196,P01563,F0013,A078,Economy,164.29,EUR,2025-09-09,call_center
B010197,P01871,F0270,A044,Economy,89.03,USD,2025-09-09,travel_agency
B010198,P01796,F0090,A063,Economy,91.41,EUR,2025-09-09,mobile_app
B010199,P00939,F0044,A069,Premium Economy,261.62,USD,2025-09-09,website
B010200,P01479,F0257,A034,Economy,90.07,EUR,2025-09-09,travel_agency
B010201,P00343,F0327,A050,Economy,192.85,USD,2025-09-09,website
B010202,P00655,F0328,A018,Business,863.09,GBP,2025-09-09,mobile_app
B010203,P00586,F0144,A077,Business,1265.25,EUR,2025-09-09,website
B010204,P00915,F0220,A015,Economy,90.8,GBP,2025-09-09,mobile_app
B010205,P00484,F0116,A020,Economy,91.98,EUR,2025-09-09,travel_agency
B010206,P00370,F0356,A077,Premium Economy,217.93,USD,2025-09-09,website
B010207,P01757,F0054,A079,Economy,188.43,GBP,2025-09-09,mobile_app
B010208,P01310,F0160,A035,Premium Economy,455.39,USD,2025-09-09,website
B010209,P00973,F0324,A040,Premium Economy,422.95,USD,2025-09-09,mobile_app
B010210,P01406,F0267,A038,Premium Economy,405.08,USD,2025-09-09,call_center
B010211,P01704,F0151,A038,Premium Economy,379.13,EUR,2025-09-09,travel_agency
B010212,P00464,F0091,A073,Economy,116.88,USD,2025-09-09,website
B010213,P00975,F0073,A026,Economy,100.71,EUR,2025-09-09,mobile_app
B010214,P00537,F0306,A046,Economy,149.85,EUR,2025-09-09,website
B010215,P00473,F0315,A056,Economy,123.35,EUR,2025-09-09,website
B010216,P00716,F0045,A014,Economy,115.3,USD,2025-09-09,mobile_app
B010217,P00627,F0149,A014,Economy,89.75,GBP,2025-09-09,travel_agency
B010218,P00936,F0241,A051,Business,653.61,USD,2025-09-09,website
B010219,P01576,F0122,A008,Economy,103.97,EUR,2025-09-09,mobile_app
B010220,P01347,F0184,A043,Economy,128.37,USD,2025-09-09,travel_agency
B010221,P00697,F0116,A020,Economy,83.64,GBP,2025-09-09,website
B010222,P01796,F0041,A032,Economy,194.81,EUR,2025-09-09,website
B010223,P00781,F0219,A010,Economy,159.53,USD,2025-09-09,website
B010224,P00072,F0184,A043,Business,842.45,EUR,2025-09-09,travel_agency
B010225,P01257,F0050,A073,Economy,82.94,USD,2025-09-09,travel_agency
B010226,P00810,F0119,A043,Economy,93.03,USD,2025-09-09,travel_agency
B010227,P00422,F0176,A064,Economy,114.24,USD,2025-09-09,website
B010228,P00498,F0030,A010,Premium Economy,400.44,EUR,2025-09-09,travel_agency
B010229,P01290,F0229,A065,Economy,89.5,GBP,2025-09-09,mobile_app
B010230,P00171,F0068,A044,Economy,195.0,EUR,2025-09-09,call_center
B010231,P01676,F0280,A012,First,1367.14,EUR,2025-09-09,call_center
B010232,P01224,F0207,A043,Economy,195.36,GBP,2025-09-09,mobile_app
B010233,P00472,F0334,A032,Economy,72.09,EUR,2025-09-09,mobile_app
B010234,P01048,F0215,A058,Premium Economy,472.2,EUR,2025-09-09,website
B010235,P00978,F0309,A079,Premium Economy,439.34,EUR,2025-09-09,website
B010236,P01214,F0053,A031,Economy,143.73,EUR,2025-09-09,travel_agency
B010237,P00037,F0044,A069,Economy,88.22,GBP,2025-09-09,website
B010238,P01698,F0337,A020,Economy,95.94,EUR,2025-09-09,mobile_app
B010239,P00756,F0077,A069,Business,693.25,USD,2025-09-09,website
B010240,P01460,F0152,A028,Business,880.64,GBP,2025-09-09,mobile_app
B010241,P00168,F0030,A010,Premium Economy,435.88,USD,2025-09-09,travel_agency
B010242,P01534,F0206,A003,Business,699.44,EUR,2025-09-09,mobile_app
B010243,P01182,F0204,A024,Business,584.41,EUR,2025-09-09,mobile_app
B010244,P01332,F0198,A004,Economy,168.33,GBP,2025-09-09,website
B010245,P01372,F0201,A039,Economy,169.68,USD,2025-09-09,travel_agency
B010246,P00302,F0174,A066,Economy,96.18,EUR,2025-09-09,website
B010247,P00310,F0309,A079,Economy,126.5,EUR,2025-09-09,mobile_app
B010248,P00007,F0002,A073,Economy,97.09,EUR,2025-09-09,website
B010249,P00967,F0007,A015,Premium Economy,413.85,USD,2025-09-09,travel_agency
B010250,P01088,F0342,A051,Economy,82.19,USD,2025-09-09,website
B010251,P01740,F0239,A050,Economy,183.58,EUR,2025-09-09,website
B010252,P01256,F0292,A019,Economy,155.13,EUR,2025-09-09,travel_agency
B010253,P00637,F0324,A040,Premium Economy,445.0,USD,2025-09-09,website
B010254,P00863,F0077,A069,Economy,87.69,EUR,2025-09-09,website
B010255,P01792,F0344,A044,First,2084.39,USD,2025-09-09,travel_agency
B010256,P00424,F0324,A040,Economy,161.76,EUR,2025-09-09,website
B010257,P00200,F0332,A077,Economy,193.82,USD,2025-09-09,website
B010258,P01679,F0216,A052,First,2581.49,EUR,2025-09-09,mobile_app
B010259,P00054,F0293,A023,Economy,107.47,USD,2025-09-09,website
B010260,P01313,F0019,A053,Economy,179.8,EUR,2025-09-09,mobile_app
B010261,P00494,F0222,A018,Premium Economy,207.59,EUR,2025-09-09,mobile_app
B010262,P00158,F0162,A054,Economy,147.2,GBP,2025-09-09,travel_agency
B010263,P00276,F0328,A018,Economy,187.27,EUR,2025-09-09,mobile_app
B010264,P00163,F0126,A076,Economy,104.58,GBP,2025-09-09,travel_agency
B010265,P00709,F0095,A001,Economy,73.63,GBP,2025-09-09,travel_agency
B010266,P00261,F0104,A064,Economy,194.97,EUR,2025-09-09,call_center
B010267,P00560,F0022,A070,Economy,186.32,USD,2025-09-09,travel_agency
B010268,P00949,F0267,A038,Economy,189.68,USD,2025-09-09,call_center
B010269,P01732,F0150,A036,Premium Economy,438.04,GBP,2025-09-09,website
B010270,P00894,F0039,A032,Economy,162.07,EUR,2025-09-09,mobile_app
B010271,P00064,F0200,A028,Economy,188.74,EUR,2025-09-09,website
B010272,P00763,F0341,A066,Economy,140.7,USD,2025-09-09,website
B010273,P01624,F0312,A033,Economy,76.11,USD,2025-09-09,travel_agency
B010274,P00209,F0319,A050,Economy,72.74,USD,2025-09-09,travel_agency
B010275,P00355,F0288,A015,Economy,196.65,EUR,2025-09-09,call_center
B010276,P01718,F0351,A032,First,2797.3,GBP,2025-09-09,mobile_app
B010277,P01704,F0072,A014,Economy,89.84,EUR,2025-09-09,travel_agency
B010278,P00619,F0070,A026,Economy,81.59,EUR,2025-09-09,mobile_app
B010279,P00012,F0075,A065,Economy,117.77,USD,2025-09-09,travel_agency
B010280,P00026,F0228,A067,Economy,163.73,EUR,2025-09-09,mobile_app
B010281,P00255,F0080,A034,Economy,133.23,EUR,2025-09-09,website
B010282,P00481,F0015,A003,Economy,197.36,USD,2025-09-09,mobile_app
B010283,P01364,F0293,A023,Business,1393.93,EUR,2025-09-09,mobile_app
B010284,P00536,F0226,A012,Economy,121.11,GBP,2025-09-09,website
B010285,P00804,F0079,A049,Premium Economy,380.79,USD,2025-09-09,mobile_app
B010286,P01224,F0291,A038,Economy,150.95,EUR,2025-09-09,travel_agency
B010287,P01396,F0344,A044,Business,1157.9,EUR,2025-09-09,website
B010288,P01250,F0355,A064,Economy,196.11,EUR,2025-09-09,mobile_app
B010289,P00619,F0237,A045,Economy,170.89,USD,2025-09-09,travel_agency
B010290,P01761,F0192,A037,Economy,152.47,EUR,2025-09-09,mobile_app
B010291,P01859,F0085,A016,Economy,159.98,EUR,2025-09-09,call_center
B010292,P01050,F0146,A034,First,1479.22,USD,2025-09-09,travel_agency
B010293,P00604,F0243,A014,Economy,109.16,EUR,2025-09-09,mobile_app
B010294,P00224,F0091,A073,Economy,96.14,USD,2025-09-09,mobile_app
B010295,P01704,F0189,A020,Business,664.9,USD,2025-09-09,mobile_app
B010296,P00265,F0041,A032,Economy,157.09,EUR,2025-09-09,travel_agency
B010297,P00751,F0151,A038,Economy,100.64,GBP,2025-09-09,website
B010298,P00127,F0340,A073,Economy,195.55,USD,2025-09-09,travel_agency
B010299,P00948,F0071,A028,Economy,129.27,USD,2025-09-09,travel_agency
B010300,P01465,F0026,A068,Economy,78.17,EUR,2025-09-09,website
B010301,P00929,F0026,A068,Business,941.91,USD,2025-09-09,mobile_app
B010302,P01812,F0331,A051,Economy,83.21,EUR,2025-09-09,website
B010303,P00633,F0130,A018,Economy,79.85,USD,2025-09-09,website
B010304,P01577,F0177,A041,Economy,126.09,EUR,2025-09-09,website
B010305,P00410,F0066,A051,Economy,80.92,USD,2025-09-09,website
B010306,P00797,F0282,A001,Economy,128.7,USD,2025-09-09,website
B010307,P01188,F0225,A047,Economy,172.23,GBP,2025-09-09,mobile_app
B010308,P00818,F0219,A010,Economy,115.86,EUR,2025-09-09,website
B010309,P01658,F0132,A070,Business,699.21,EUR,2025-09-09,website
B010310,P00622,F0337,A020,Economy,87.03,EUR,2025-09-09,mobile_app
B010311,P01473,F0228,A067,Business,1001.02,USD,2025-09-09,travel_agency
B010312,P00699,F0004,A075,Economy,106.16,EUR,2025-09-09,website
B010313,P00698,F0310,A003,Economy,150.81,EUR,2025-09-09,mobile_app
B010314,P00240,F0267,A038,Business,689.43,GBP,2025-09-09,travel_agency
B010315,P01271,F0335,A076,Business,714.89,EUR,2025-09-09,website
B010316,P00846,F0003,A018,Economy,79.07,USD,2025-09-09,website
B010317,P00505,F0259,A072,Economy,131.2,GBP,2025-09-09,website
B010318,P00186,F0278,A073,Economy,126.73,USD,2025-09-09,website
B010319,P01176,F0009,A065,Economy,73.78,GBP,2025-09-09,mobile_app
B010320,P00687,F0012,A069,Economy,146.56,EUR,2025-09-09,website
B010321,P00386,F0301,A060,Economy,195.37,EUR,2025-09-09,mobile_app
B010322,P00797,F0036,A017,Premium Economy,202.31,USD,2025-09-09,website
B010323,P01366,F0291,A038,Economy,142.73,EUR,2025-09-09,mobile_app
B010324,P00689,F0074,A077,Business,1356.05,EUR,2025-09-09,website
B010325,P00535,F0057,A060,Economy,162.6,GBP,2025-09-09,call_center
B010326,P01189,F0024,A055,Economy,76.81,EUR,2025-09-09,website
B010327,P01127,F0123,A073,Economy,153.29,USD,2025-09-09,website
B010328,P01093,F0042,A026,Business,718.59,EUR,2025-09-09,travel_agency
B010329,P00412,F0105,A042,Economy,108.73,USD,2025-09-09,website
B010330,P00450,F0016,A008,Economy,95.8,USD,2025-09-09,website
B010331,P00767,F0146,A034,Economy,170.74,EUR,2025-09-09,website
B010332,P00197,F0143,A009,Economy,171.62,GBP,2025-09-09,mobile_app
B010333,P00672,F0213,A078,Economy,195.02,USD,2025-09-09,website
B010334,P01474,F0242,A037,Economy,74.3,EUR,2025-09-09,travel_agency
B010335,P00899,F0133,A038,Economy,154.38,GBP,2025-09-09,call_center
B010336,P01305,F0015,A003,Economy,164.46,USD,2025-09-09,call_center
B010337,P01688,F0074,A077,Economy,79.82,EUR,2025-09-09,mobile_app
B010338,P00303,F0275,A016,Premium Economy,257.79,USD,2025-09-09,travel_agency
B010339,P00909,F0228,A067,Economy,78.48,EUR,2025-09-09,website
B010340,P00068,F0204,A024,Premium Economy,477.75,USD,2025-09-09,travel_agency
B010341,P01660,F0342,A051,Economy,86.26,USD,2025-09-09,mobile_app
B010342,P01481,F0232,A020,Business,1151.61,EUR,2025-09-09,mobile_app
B010343,P01347,F0004,A075,Premium Economy,347.49,USD,2025-09-09,website
B010344,P00291,F0178,A008,Economy,111.11,EUR,2025-09-09,website
B010345,P00289,F0302,A013,Economy,178.59,EUR,2025-09-09,travel_agency
B010346,P01224,F0072,A014,Economy,75.71,EUR,2025-09-09,website
B010347,P00312,F0144,A077,Economy,174.44,GBP,2025-09-09,mobile_app
B010348,P01135,F0259,A072,Economy,133.32,EUR,2025-09-09,website
B010349,P00151,F0220,A015,First,2309.76,GBP,2025-09-09,mobile_app
B010350,P01438,F0333,A023,Economy,119.4,GBP,2025-09-09,mobile_app
B010351,P01462,F0021,A024,Premium Economy,372.47,EUR,2025-09-09,travel_agency
B010352,P01828,F0073,A026,Economy,84.83,EUR,2025-09-09,website
B010353,P00710,F0096,A037,Economy,137.78,GBP,2025-09-09,mobile_app
B010354,P00402,F0036,A017,Economy,192.51,USD,2025-09-09,mobile_app
B010355,P01687,F0090,A063,Economy,168.74,EUR,2025-09-09,travel_agency
B010356,P00523,F0357,A060,Economy,125.43,EUR,2025-09-09,website
B010357,P00692,F0265,A026,Economy,190.96,GBP,2025-09-09,website
B010358,P01049,F0306,A046,Premium Economy,470.14,EUR,2025-09-09,website
B010359,P00135,F0320,A030,Economy,111.2,EUR,2025-09-09,website
B010360,P00637,F0042,A026,Economy,132.87,GBP,2025-09-09,mobile_app
B010361,P01624,F0327,A050,Premium Economy,178.63,GBP,2025-09-09,mobile_app
B010362,P01027,F0356,A077,Economy,155.46,GBP,2025-09-09,call_center
B010363,P01390,F0042,A026,Premium Economy,463.33,EUR,2025-09-09,mobile_app
B010364,P01128,F0164,A055,Premium Economy,281.36,USD,2025-09-09,website
B010365,P00568,F0089,A057,Business,835.64,USD,2025-09-09,travel_agency
B010366,P01089,F0310,A003,Premium Economy,240.38,EUR,2025-09-09,mobile_app
B010367,P00158,F0265,A026,Economy,72.42,EUR,2025-09-09,travel_agency
B010368,P01015,F0138,A013,First,2004.27,USD,2025-09-09,website
B010369,P00013,F0115,A030,Economy,145.7,EUR,2025-09-09,travel_agency
B010370,P00930,F0276,A059,Economy,79.66,USD,2025-09-09,mobile_app
B010371,P01049,F0311,A023,Premium Economy,236.71,USD,2025-09-09,website
B010372,P00236,F0143,A009,Economy,119.55,USD,2025-09-09,call_center
B010373,P01042,F0047,A069,Premium Economy,420.87,GBP,2025-09-09,mobile_app
B010374,P00215,F0091,A073,Business,1261.76,EUR,2025-09-09,website
B010375,P00066,F0335,A076,Economy,129.28,EUR,2025-09-09,mobile_app
B010376,P00038,F0288,A015,Economy,126.29,GBP,2025-09-09,website
B010377,P00872,F0030,A010,Premium Economy,287.39,EUR,2025-09-09,website
B010378,P00308,F0012,A069,Economy,126.87,GBP,2025-09-09,website
B010379,P01576,F0037,A015,Economy,129.63,EUR,2025-09-09,mobile_app
B010380,P00531,F0294,A054,Business,1318.64,USD,2025-09-09,mobile_app
B010381,P00193,F0327,A050,Premium Economy,433.57,USD,2025-09-09,mobile_app
B010382,P01527,F0059,A067,Business,1170.22,EUR,2025-09-09,travel_agency
B010383,P00370,F0263,A068,Economy,143.39,EUR,2025-09-09,call_center
B010384,P00563,F0155,A017,Premium Economy,362.73,EUR,2025-09-09,mobile_app
B010385,P01064,F0215,A058,Premium Economy,368.48,EUR,2025-09-09,website
B010386,P00239,F0214,A038,Premium Economy,340.93,EUR,2025-09-09,mobile_app
B010387,P01670,F0050,A073,Business,1041.91,EUR,2025-09-09,travel_agency
B010388,P01064,F0247,A052,Economy,187.18,EUR,2025-09-09,website
B010389,P00904,F0347,A072,Business,1331.07,USD,2025-09-09,call_center
B010390,P01096,F0173,A040,Economy,77.4,EUR,2025-09-09,mobile_app
B010391,P00643,F0283,A008,Economy,81.05,EUR,2025-09-09,mobile_app
B010392,P01284,F0352,A045,Business,1381.14,GBP,2025-09-09,mobile_app
B010393,P00305,F0121,A013,Economy,172.42,EUR,2025-09-09,travel_agency
B010394,P00392,F0015,A003,Economy,115.38,USD,2025-09-09,website
B010395,P00153,F0063,A062,Premium Economy,380.1,EUR,2025-09-09,mobile_app
B010396,P01214,F0314,A049,Economy,180.55,USD,2025-09-09,call_center
B010397,P00886,F0143,A009,Economy,83.84,USD,2025-09-09,website
B010398,P01796,F0101,A074,Business,993.07,EUR,2025-09-09,travel_agency
B010399,P01143,F0046,A015,Economy,83.62,EUR,2025-09-09,mobile_app
B010400,P01123,F0178,A008,Business,728.9,EUR,2025-09-09,website
B010401,P01281,F0196,A066,Economy,110.12,EUR,2025-09-09,mobile_app
B010402,P00233,F0204,A024,Economy,150.1,EUR,2025-09-09,travel_agency
B010403,P00391,F0352,A045,Economy,181.28,EUR,2025-09-09,website
B010404,P00705,F0354,A050,First,2057.67,USD,2025-09-09,website
B010405,P01358,F0037,A015,Economy,139.8,GBP,2025-09-09,website
B010406,P01729,F0237,A045,Economy,140.15,EUR,2025-09-09,website
B010407,P00596,F0098,A022,Economy,159.29,USD,2025-09-09,website
B010408,P01831,F0185,A078,First,1807.06,EUR,2025-09-09,website
B010409,P00841,F0024,A055,Business,1308.2,GBP,2025-09-09,mobile_app
B010410,P00375,F0231,A017,Economy,131.77,EUR,2025-09-09,website
B010411,P00129,F0271,A042,Economy,94.17,EUR,2025-09-09,website
B010412,P00707,F0053,A031,Premium Economy,238.44,USD,2025-09-09,mobile_app
B010413,P00516,F0132,A070,Economy,73.23,USD,2025-09-09,mobile_app
B010414,P00846,F0174,A066,Economy,175.19,EUR,2025-09-09,travel_agency
B010415,P01607,F0148,A067,Business,676.27,USD,2025-09-09,website
B010416,P00347,F0173,A040,Business,1313.49,EUR,2025-09-09,travel_agency
B010417,P01601,F0079,A049,Economy,179.57,EUR,2025-09-09,call_center
B010418,P01411,F0303,A029,Business,586.43,EUR,2025-09-09,call_center
B010419,P01195,F0302,A013,Economy,127.44,GBP,2025-09-09,call_center
B010420,P00305,F0020,A044,Economy,177.64,USD,2025-09-09,mobile_app
B010421,P00268,F0062,A008,Economy,156.77,USD,2025-09-09,website
B010422,P00249,F0296,A068,Economy,127.67,EUR,2025-09-09,mobile_app
B010423,P00200,F0324,A040,Economy,143.48,GBP,2025-09-09,website
B010424,P01611,F0155,A017,Economy,84.21,EUR,2025-09-09,mobile_app
B010425,P01580,F0235,A052,Economy,94.32,EUR,2025-09-09,website
B010426,P01182,F0216,A052,Economy,100.13,EUR,2025-09-09,mobile_app
B010427,P01903,F0289,A077,Premium Economy,303.58,USD,2025-09-09,mobile_app
B010428,P00428,F0203,A019,Economy,187.15,USD,2025-09-09,mobile_app
B010429,P01441,F0063,A062,Business,1335.6,USD,2025-09-09,website
B010430,P01326,F0336,A038,Economy,190.81,EUR,2025-09-09,travel_agency
B010431,P00985,F0030,A010,Economy,153.97,GBP,2025-09-09,website
B010432,P00508,F0094,A028,Economy,109.93,USD,2025-09-09,call_center
B010433,P00749,F0101,A074,Premium Economy,333.98,USD,2025-09-09,website
B010434,P00441,F0047,A069,Economy,118.09,USD,2025-09-09,website
B010435,P00562,F0292,A019,Economy,112.28,USD,2025-09-09,travel_agency
B010436,P00246,F0163,A011,First,1522.79,GBP,2025-09-09,website
B010437,P00160,F0195,A014,Business,704.66,USD,2025-09-09,website
B010438,P01419,F0124,A031,First,1404.75,USD,2025-09-09,mobile_app
B010439,P00994,F0224,A047,Economy,194.34,EUR,2025-09-09,travel_agency
B010440,P00069,F0230,A029,First,2041.57,EUR,2025-09-09,travel_agency
B010441,P00223,F0025,A070,Premium Economy,334.24,USD,2025-09-09,mobile_app
B010442,P00934,F0055,A052,Premium Economy,462.01,GBP,2025-09-09,mobile_app
B010443,P00653,F0134,A072,Economy,189.58,GBP,2025-09-09,mobile_app
B010444,P01441,F0057,A060,Economy,186.39,EUR,2025-09-09,mobile_app
B010445,P00419,F0242,A037,Economy,194.05,EUR,2025-09-09,travel_agency
B010446,P00623,F0126,A076,Economy,79.14,GBP,2025-09-09,website
B010447,P01655,F0131,A017,Premium Economy,228.6,EUR,2025-09-09,mobile_app
B010448,P01392,F0051,A075,Economy,164.78,USD,2025-09-09,travel_agency
B010449,P01711,F0293,A023,Economy,82.03,EUR,2025-09-09,website
B010450,P00862,F0014,A048,Economy,120.83,USD,2025-09-09,travel_agency
B010451,P00225,F0211,A048,Economy,144.88,USD,2025-09-09,call_center
B010452,P00138,F0309,A079,Economy,119.98,EUR,2025-09-09,mobile_app
B010453,P01564,F0142,A028,Economy,140.76,EUR,2025-09-09,mobile_app
B010454,P00112,F0302,A013,Economy,128.09,GBP,2025-09-09,call_center
B010455,P00283,F0059,A067,First,2005.99,USD,2025-09-09,travel_agency
B010456,P00253,F0046,A015,Premium Economy,414.08,USD,2025-09-09,travel_agency
B010457,P00826,F0010,A001,Economy,167.08,EUR,2025-09-09,website
B010458,P01639,F0223,A045,Economy,103.84,USD,2025-09-09,website
B010459,P00934,F0136,A004,Economy,137.47,USD,2025-09-09,travel_agency
B010460,P00020,F0260,A051,Business,814.88,USD,2025-09-09,travel_agency
B010461,P00036,F0337,A020,Economy,123.38,EUR,2025-09-09,website
B010462,P01917,F0247,A052,Business,531.49,EUR,2025-09-09,mobile_app
B010463,P00208,F0261,A057,Economy,186.36,USD,2025-09-09,mobile_app
B010464,P00258,F0316,A073,Premium Economy,409.88,GBP,2025-09-09,call_center
B010465,P01429,F0288,A015,Premium Economy,220.75,EUR,2025-09-09,mobile_app
B010466,P01088,F0114,A070,Premium Economy,386.93,EUR,2025-09-09,mobile_app
B010467,P00860,F0345,A058,Economy,135.19,GBP,2025-09-09,website
B010468,P00166,F0063,A062,Economy,186.62,EUR,2025-09-09,travel_agency
B010469,P01138,F0036,A017,First,2554.99,USD,2025-09-09,mobile_app
B010470,P00646,F0080,A034,Economy,119.57,GBP,2025-09-09,website
B010471,P01374,F0295,A029,Premium Economy,241.55,EUR,2025-09-09,mobile_app
B010472,P01577,F0326,A071,Economy,91.76,USD,2025-09-09,travel_agency
B010473,P00851,F0086,A076,Economy,169.19,EUR,2025-09-09,website
B010474,P01615,F0138,A013,Business,703.95,USD,2025-09-09,mobile_app
B010475,P00491,F0319,A050,Premium Economy,263.05,GBP,2025-09-09,mobile_app
B010476,P01421,F0211,A048,Economy,133.14,EUR,2025-09-09,mobile_app
B010477,P00058,F0161,A052,Economy,152.74,EUR,2025-09-09,call_center
B010478,P01385,F0063,A062,Economy,74.94,EUR,2025-09-09,travel_agency
B010479,P01190,F0024,A055,Premium Economy,392.14,EUR,2025-09-09,mobile_app
B010480,P01425,F0174,A066,Economy,116.69,EUR,2025-09-09,mobile_app
B010481,P00534,F0028,A011,Economy,172.27,EUR,2025-09-09,mobile_app
B010482,P01218,F0031,A065,Business,828.24,USD,2025-09-09,mobile_app
B010483,P00418,F0356,A077,Economy,152.84,USD,2025-09-09,mobile_app
B010484,P00465,F0078,A032,Economy,131.83,EUR,2025-09-09,call_center
B010485,P00316,F0328,A018,Economy,192.3,USD,2025-09-09,website
B010486,P00562,F0085,A016,Economy,185.13,GBP,2025-09-09,travel_agency
B010487,P00770,F0149,A014,Business,1339.88,USD,2025-09-09,call_center
B010488,P00531,F0175,A019,Economy,162.32,USD,2025-09-09,travel_agency
B010489,P00438,F0029,A041,Premium Economy,407.58,EUR,2025-09-09,travel_agency
B010490,P00772,F0024,A055,Premium Economy,270.17,USD,2025-09-09,website
B010491,P01009,F0160,A035,Economy,120.5,USD,2025-09-09,mobile_app
B010492,P01231,F0150,A036,Premium Economy,341.35,USD,2025-09-09,travel_agency
B010493,P01278,F0165,A045,Premium Economy,474.78,USD,2025-09-09,call_center
B010494,P00942,F0009,A065,Economy,194.45,EUR,2025-09-09,mobile_app
B010495,P01525,F0325,A058,Economy,144.11,EUR,2025-09-09,mobile_app
B010496,P00637,F0064,A078,Economy,92.94,EUR,2025-09-09,travel_agency
B010497,P00821,F0148,A067,Premium Economy,288.68,USD,2025-09-09,website
B010498,P01664,F0040,A021,Premium Economy,307.28,EUR,2025-09-09,website
B010499,P01330,F0073,A026,Economy,195.31,EUR,2025-09-09,mobile_app
B010500,P01202,F0256,A049,Business,662.74,EUR,2025-09-09,website
B010501,P01428,F0146,A034,Business,1199.13,GBP,2025-09-09,travel_agency
B010502,P00619,F0341,A066,Economy,137.88,USD,2025-09-09,mobile_app
B010503,P01428,F0203,A019,Economy,153.87,USD,2025-09-09,website
B010504,P01280,F0212,A064,Economy,193.16,USD,2025-09-09,website
B010505,P00456,F0041,A032,Business,1264.57,EUR,2025-09-09,mobile_app
B010506,P00185,F0189,A020,Economy,93.47,EUR,2025-09-09,mobile_app
B010507,P01324,F0223,A045,Economy,103.58,EUR,2025-09-09,mobile_app
B010508,P01091,F0038,A056,Economy,109.37,EUR,2025-09-09,travel_agency
B010509,P01040,F0028,A011,Economy,78.59,GBP,2025-09-09,website
B010510,P01398,F0270,A044,Premium Economy,247.3,USD,2025-09-09,website
B010511,P00377,F0250,A073,Economy,130.83,USD,2025-09-09,travel_agency
B010512,P00375,F0309,A079,Economy,189.14,EUR,2025-09-09,website
B010513,P00687,F0340,A073,Economy,100.88,EUR,2025-09-09,mobile_app
B010514,P01703,F0151,A038,Economy,125.43,EUR,2025-09-09,website
B010515,P01085,F0341,A066,Economy,184.53,EUR,2025-09-09,travel_agency
B010516,P01477,F0024,A055,Business,1078.2,USD,2025-09-09,mobile_app
B010517,P00141,F0173,A040,Premium Economy,197.52,EUR,2025-09-09,website
B010518,P00735,F0070,A026,Economy,76.25,USD,2025-09-09,travel_agency
B010519,P01562,F0175,A019,Economy,104.04,EUR,2025-09-09,call_center
B010520,P00187,F0232,A020,Premium Economy,374.85,EUR,2025-09-09,website
B010521,P01002,F0187,A017,Economy,139.55,EUR,2025-09-09,mobile_app
B010522,P00044,F0263,A068,Business,1253.64,GBP,2025-09-09,website
B010523,P01213,F0354,A050,Economy,159.37,EUR,2025-09-09,website
B010524,P01453,F0058,A071,First,2103.75,EUR,2025-09-09,website
B010525,P00193,F0200,A028,Economy,181.21,EUR,2025-09-09,travel_agency
B010526,P00262,F0291,A038,Economy,93.1,EUR,2025-09-09,website
B010527,P00469,F0277,A028,Economy,124.33,USD,2025-09-09,website
B010528,P01848,F0166,A040,Economy,140.62,USD,2025-09-09,call_center
B010529,P01829,F0329,A036,Business,819.61,USD,2025-09-09,website
B010530,P01586,F0214,A038,Economy,168.13,EUR,2025-09-09,website
B010531,P01367,F0214,A038,Economy,108.5,GBP,2025-09-09,website
B010532,P00067,F0077,A069,Economy,161.53,GBP,2025-09-09,website
B010533,P01395,F0050,A073,Economy,177.14,GBP,2025-09-09,website
B010534,P01417,F0356,A077,Economy,113.14,USD,2025-09-09,mobile_app
B010535,P00783,F0226,A012,Economy,83.73,USD,2025-09-09,website
B010536,P00529,F0004,A075,Economy,151.08,GBP,2025-09-09,mobile_app
B010537,P00019,F0066,A051,Premium Economy,366.82,GBP,2025-09-09,travel_agency
B010538,P01355,F0201,A039,Economy,162.26,EUR,2025-09-09,mobile_app
B010539,P00742,F0232,A020,Business,849.52,GBP,2025-09-09,website
B010540,P00582,F0100,A006,Economy,134.59,EUR,2025-09-09,website
B010541,P00578,F0320,A030,Economy,177.18,EUR,2025-09-09,travel_agency
B010542,P01717,F0322,A075,Premium Economy,482.21,USD,2025-09-09,mobile_app
B010543,P01062,F0064,A078,Economy,188.35,EUR,2025-09-09,website
B010544,P00126,F0321,A035,Premium Economy,286.35,EUR,2025-09-09,website
B010545,P01708,F0068,A044,Economy,177.77,USD,2025-09-09,website
B010546,P00113,F0178,A008,Premium Economy,247.71,EUR,2025-09-09,website
B010547,P00069,F0264,A018,Economy,102.09,EUR,2025-09-09,call_center
B010548,P01868,F0145,A004,Economy,132.53,USD,2025-09-09,mobile_app
B010549,P01849,F0287,A049,Premium Economy,439.92,USD,2025-09-09,website
B010550,P00975,F0154,A061,Economy,78.74,GBP,2025-09-09,mobile_app
B010551,P01278,F0035,A033,Economy,91.66,USD,2025-09-09,mobile_app
B010552,P00582,F0257,A034,Economy,169.01,USD,2025-09-09,website
B010553,P01831,F0178,A008,Business,552.66,EUR,2025-09-09,website
B010554,P00190,F0148,A067,Premium Economy,311.24,GBP,2025-09-09,mobile_app
B010555,P01218,F0029,A041,Economy,191.79,USD,2025-09-09,call_center
B010556,P01028,F0022,A070,Economy,100.6,EUR,2025-09-09,call_center
B010557,P00576,F0161,A052,Business,742.33,EUR,2025-09-09,mobile_app
B010558,P00824,F0032,A057,Economy,185.37,GBP,2025-09-09,website
B010559,P01345,F0324,A040,Business,1374.7,USD,2025-09-09,mobile_app
B010560,P01270,F0196,A066,Business,1143.2,GBP,2025-09-09,website
B010561,P00131,F0350,A069,Economy,173.73,EUR,2025-09-09,website
B010562,P00725,F0054,A079,Economy,190.21,EUR,2025-09-09,travel_agency
B010563,P01639,F0112,A065,Premium Economy,471.78,EUR,2025-09-09,website
B010564,P00758,F0210,A033,Economy,84.59,USD,2025-09-09,website
B010565,P00290,F0289,A077,Economy,114.72,USD,2025-09-09,call_center
B010566,P00508,F0130,A018,Business,553.59,USD,2025-09-09,mobile_app
B010567,P01700,F0354,A050,Economy,169.58,EUR,2025-09-09,mobile_app
B010568,P00394,F0192,A037,Economy,126.06,EUR,2025-09-09,website
B010569,P00322,F0251,A040,Premium Economy,417.96,EUR,2025-09-09,website
B010570,P00326,F0302,A013,Business,1265.56,USD,2025-09-09,travel_agency
B010571,P01138,F0218,A073,Economy,134.41,EUR,2025-09-09,travel_agency
B010572,P00206,F0322,A075,Economy,101.31,EUR,2025-09-09,website
B010573,P01512,F0296,A068,Economy,140.19,GBP,2025-09-09,website
B010574,P00206,F0174,A066,Economy,89.73,EUR,2025-09-09,travel_agency
B010575,P01834,F0186,A051,Economy,110.02,EUR,2025-09-09,call_center
B010576,P00810,F0254,A054,Economy,103.95,EUR,2025-09-09,website
B010577,P00746,F0110,A035,Economy,80.56,EUR,2025-09-09,website
B010578,P01202,F0083,A075,Economy,197.83,EUR,2025-09-09,website
B010579,P00162,F0102,A067,Economy,111.27,USD,2025-09-09,website
B010580,P00557,F0073,A026,Economy,84.93,EUR,2025-09-09,website
B010581,P01098,F0083,A075,Economy,89.55,EUR,2025-09-09,website
B010582,P01225,F0324,A040,Economy,73.19,EUR,2025-09-09,website
B010583,P00995,F0057,A060,Economy,120.5,USD,2025-09-09,mobile_app
B010584,P00388,F0253,A032,Economy,195.94,USD,2025-09-09,travel_agency
B010585,P00237,F0169,A046,Economy,167.47,USD,2025-09-09,mobile_app
B010586,P01589,F0326,A071,Economy,79.21,EUR,2025-09-09,website
B010587,P01585,F0357,A060,Business,1204.13,USD,2025-09-09,mobile_app
B010588,P01045,F0119,A043,Premium Economy,402.12,EUR,2025-09-09,mobile_app
B010589,P01356,F0040,A021,Business,599.0,GBP,2025-09-09,mobile_app
B010590,P00580,F0242,A037,First,1627.62,EUR,2025-09-09,website
B010591,P00512,F0133,A038,Premium Economy,373.84,GBP,2025-09-09,mobile_app
B010592,P01627,F0068,A044,Economy,124.6,USD,2025-09-09,website
B010593,P00609,F0083,A075,Economy,151.92,USD,2025-09-09,mobile_app
B010594,P01736,F0187,A017,Business,1390.86,USD,2025-09-09,travel_agency
B010595,P01273,F0159,A080,Economy,107.28,USD,2025-09-09,website
B010596,P00654,F0100,A006,Economy,97.1,EUR,2025-09-09,mobile_app
B010597,P00843,F0096,A037,Economy,167.6,EUR,2025-09-09,website
B010598,P00705,F0134,A072,Economy,87.35,EUR,2025-09-09,website
B010599,P00799,F0349,A001,Economy,77.04,EUR,2025-09-09,mobile_app
B010600,P00717,F0189,A020,Business,1012.73,EUR,2025-09-09,mobile_app
B010601,P01666,F0053,A031,Premium Economy,371.91,USD,2025-09-09,travel_agency
B010602,P00901,F0116,A020,Business,937.89,GBP,2025-09-09,website
B010603,P01544,F0320,A030,Economy,181.1,USD,2025-09-09,website
B010604,P01606,F0316,A073,Premium Economy,208.31,USD,2025-09-09,travel_agency
B010605,P00112,F0037,A015,Economy,173.43,USD,2025-09-09,website
B010606,P00215,F0044,A069,Business,1298.14,USD,2025-09-09,website
B010607,P00860,F0336,A038,Business,646.85,GBP,2025-09-09,travel_agency
B010608,P01656,F0299,A027,Economy,157.54,USD,2025-09-09,website
B010609,P00994,F0331,A051,Premium Economy,371.89,EUR,2025-09-09,call_center
B010610,P01888,F0076,A059,Economy,173.67,USD,2025-09-09,website
B010611,P00581,F0030,A010,Business,1249.45,USD,2025-09-09,mobile_app
B010612,P01037,F0284,A054,Premium Economy,323.59,GBP,2025-09-09,website
B010613,P00562,F0271,A042,Economy,170.69,GBP,2025-09-09,travel_agency
B010614,P01889,F0029,A041,Economy,119.95,EUR,2025-09-09,mobile_app
B010615,P01673,F0340,A073,Economy,98.32,EUR,2025-09-09,call_center
B010616,P01729,F0083,A075,Economy,102.45,EUR,2025-09-09,mobile_app
B010617,P01520,F0111,A025,Economy,126.1,EUR,2025-09-09,mobile_app
B010618,P00737,F0163,A011,Economy,159.62,GBP,2025-09-09,travel_agency
B010619,P00616,F0076,A059,Economy,137.9,USD,2025-09-09,website
B010620,P01903,F0112,A065,Economy,147.75,EUR,2025-09-09,mobile_app
B010621,P01715,F0322,A075,Premium Economy,324.12,EUR,2025-09-09,website
B010622,P00431,F0068,A044,Economy,188.19,EUR,2025-09-09,mobile_app
B010623,P01841,F0211,A048,Economy,196.01,GBP,2025-09-09,website
B010624,P00143,F0019,A053,Economy,89.05,EUR,2025-09-09,travel_agency
B010625,P00749,F0149,A014,Economy,190.04,USD,2025-09-09,website
B010626,P01326,F0077,A069,Economy,111.36,EUR,2025-09-09,mobile_app
B010627,P01733,F0034,A037,Economy,114.13,EUR,2025-09-09,travel_agency
B010628,P00109,F0251,A040,Economy,197.79,EUR,2025-09-09,website
B010629,P00828,F0249,A079,First,1980.86,GBP,2025-09-09,mobile_app
B010630,P01611,F0250,A073,Business,692.73,USD,2025-09-09,website
B010631,P01072,F0247,A052,Premium Economy,431.74,EUR,2025-09-09,website
B010632,P01112,F0065,A044,Premium Economy,460.94,USD,2025-09-09,mobile_app
B010633,P00181,F0193,A074,Premium Economy,233.38,GBP,2025-09-09,mobile_app
B010634,P00404,F0077,A069,Business,1102.26,EUR,2025-09-09,travel_agency
B010635,P01867,F0240,A021,Business,1013.36,EUR,2025-09-09,website
B010636,P00755,F0196,A066,Economy,157.18,EUR,2025-09-09,website
B010637,P00905,F0142,A028,Economy,172.12,EUR,2025-09-09,mobile_app
B010638,P01094,F0177,A041,Economy,106.72,USD,2025-09-09,website
B010639,P00011,F0267,A038,Premium Economy,342.86,USD,2025-09-09,travel_agency
B010640,P01468,F0272,A032,Business,576.29,USD,2025-09-09,website
B010641,P00584,F0228,A067,Economy,108.84,USD,2025-09-09,travel_agency
B010642,P01629,F0247,A052,Business,842.98,EUR,2025-09-09,website
B010643,P00136,F0121,A013,Economy,150.93,USD,2025-09-09,call_center
B010644,P00658,F0168,A056,Economy,75.55,EUR,2025-09-09,travel_agency
B010645,P01345,F0028,A011,Economy,172.2,GBP,2025-09-09,call_center
B010646,P00104,F0247,A052,Business,1122.55,EUR,2025-09-09,mobile_app
B010647,P01705,F0030,A010,Business,747.41,GBP,2025-09-09,website
B010648,P01846,F0334,A032,Economy,135.11,EUR,2025-09-09,website
B010649,P01711,F0022,A070,Economy,150.62,USD,2025-09-09,website
B010650,P00556,F0223,A045,Economy,100.2,USD,2025-09-09,website
B010651,P01022,F0261,A057,Premium Economy,336.36,EUR,2025-09-09,website
B010652,P00234,F0284,A054,Premium Economy,463.22,EUR,2025-09-09,travel_agency
B010653,P01686,F0004,A075,Economy,77.01,USD,2025-09-09,mobile_app
B010654,P00134,F0241,A051,First,2167.4,USD,2025-09-09,website
B010655,P01214,F0347,A072,Economy,152.85,EUR,2025-09-09,travel_agency
B010656,P00250,F0123,A073,Economy,183.62,EUR,2025-09-09,mobile_app
B010657,P01530,F0233,A006,First,1150.6,EUR,2025-09-09,travel_agency
B010658,P01451,F0284,A054,Premium Economy,238.93,GBP,2025-09-09,website
B010659,P01462,F0041,A032,Economy,129.42,USD,2025-09-09,website
B010660,P01166,F0235,A052,Economy,104.39,EUR,2025-09-09,website
B010661,P01762,F0167,A028,Business,1075.63,USD,2025-09-09,website
B010662,P01404,F0311,A023,Economy,90.27,EUR,2025-09-09,mobile_app
B010663,P00244,F0149,A014,Business,994.82,USD,2025-09-09,website
B010664,P01784,F0068,A044,Economy,97.99,USD,2025-09-09,mobile_app
B010665,P00368,F0059,A067,Economy,145.19,EUR,2025-09-09,mobile_app
B010666,P00941,F0353,A039,Economy,181.37,USD,2025-09-09,mobile_app
B010667,P01187,F0134,A072,Economy,195.84,GBP,2025-09-09,website
B010668,P00752,F0254,A054,Economy,90.54,USD,2025-09-09,mobile_app
B010669,P01713,F0105,A042,Economy,93.3,EUR,2025-09-09,website
B010670,P01723,F0248,A059,Economy,76.3,USD,2025-09-09,mobile_app
B010671,P00318,F0070,A026,Premium Economy,304.0,USD,2025-09-09,website
B010672,P00968,F0109,A029,Economy,179.83,EUR,2025-09-09,mobile_app
B010673,P00533,F0333,A023,Economy,90.59,USD,2025-09-09,travel_agency
B010674,P01226,F0210,A033,Economy,187.18,USD,2025-09-09,mobile_app
B010675,P00252,F0278,A073,Premium Economy,436.13,EUR,2025-09-09,website
B010676,P00060,F0063,A062,Premium Economy,430.4,EUR,2025-09-09,mobile_app
B010677,P01480,F0312,A033,Economy,156.92,EUR,2025-09-09,travel_agency
B010678,P00598,F0042,A026,First,2893.95,GBP,2025-09-09,mobile_app
B010679,P00103,F0183,A047,Economy,197.16,USD,2025-09-09,travel_agency
B010680,P01662,F0030,A010,Economy,124.01,EUR,2025-09-09,mobile_app
B010681,P01350,F0054,A079,Economy,190.08,USD,2025-09-09,website
B010682,P00765,F0116,A020,Economy,104.33,USD,2025-09-09,travel_agency
B010683,P00175,F0109,A029,Premium Economy,406.32,USD,2025-09-09,mobile_app
B010684,P00229,F0202,A064,Economy,163.83,GBP,2025-09-09,mobile_app
B010685,P00694,F0189,A020,Premium Economy,310.9,EUR,2025-09-09,website
B010686,P01742,F0036,A017,Premium Economy,213.17,EUR,2025-09-09,website
B010687,P00582,F0352,A045,Economy,95.59,GBP,2025-09-09,website
B010688,P00540,F0064,A078,Economy,182.32,GBP,2025-09-09,mobile_app
B010689,P00659,F0203,A019,Business,827.04,USD,2025-09-09,website
B010690,P01485,F0354,A050,Economy,80.1,EUR,2025-09-09,website
B010691,P00199,F0187,A017,Economy,196.39,EUR,2025-09-09,website
B010692,P00006,F0130,A018,Premium Economy,368.38,EUR,2025-09-09,mobile_app
B010693,P00996,F0245,A050,Economy,175.57,USD,2025-09-09,website
B010694,P01442,F0118,A020,Economy,177.81,USD,2025-09-09,call_center
B010695,P01158,F0229,A065,Business,1021.65,USD,2025-09-09,website
B010696,P00726,F0156,A046,First,2478.74,EUR,2025-09-09,website
B010697,P00649,F0102,A067,Premium Economy,330.18,GBP,2025-09-09,mobile_app
B010698,P01850,F0064,A078,Economy,167.76,EUR,2025-09-09,website
B010699,P00512,F0291,A038,Economy,180.49,GBP,2025-09-09,mobile_app
B010700,P01491,F0066,A051,Economy,84.87,EUR,2025-09-09,mobile_app
B010701,P01480,F0014,A048,Economy,176.51,EUR,2025-09-09,call_center
B010702,P00789,F0035,A033,Premium Economy,213.76,USD,2025-09-09,mobile_app
B010703,P00243,F0003,A018,Economy,78.11,USD,2025-09-09,mobile_app
B010704,P00857,F0203,A019,Economy,180.38,USD,2025-09-09,website
B010705,P01105,F0013,A078,Economy,170.59,EUR,2025-09-09,travel_agency
B010706,P01359,F0309,A079,First,2764.71,USD,2025-09-09,website
B010707,P00061,F0230,A029,Economy,140.27,EUR,2025-09-09,call_center
B010708,P01807,F0253,A032,Economy,85.51,EUR,2025-09-09,website
B010709,P00518,F0299,A027,Premium Economy,248.59,EUR,2025-09-09,website
B010710,P00477,F0204,A024,Economy,85.46,USD,2025-09-09,mobile_app
B010711,P01154,F0170,A041,Business,1077.81,EUR,2025-09-09,mobile_app
B010712,P00795,F0335,A076,Economy,97.48,EUR,2025-09-09,mobile_app
B010713,P01600,F0224,A047,Economy,107.63,EUR,2025-09-09,website
B010714,P01838,F0181,A061,Economy,168.66,USD,2025-09-09,website
B010715,P01193,F0342,A051,Economy,194.9,EUR,2025-09-09,website
B010716,P01552,F0325,A058,Economy,132.13,EUR,2025-09-09,website
B010717,P01708,F0289,A077,Business,1052.75,GBP,2025-09-09,mobile_app
B010718,P01737,F0208,A062,Premium Economy,430.74,USD,2025-09-09,website
B010719,P01528,F0202,A064,Economy,94.21,USD,2025-09-09,call_center
B010720,P01707,F0265,A026,Economy,139.3,EUR,2025-09-09,website
B010721,P01105,F0152,A028,Economy,74.57,GBP,2025-09-09,mobile_app
B010722,P01369,F0185,A078,Economy,98.73,EUR,2025-09-09,call_center
B010723,P00892,F0268,A059,Business,1163.84,EUR,2025-09-09,mobile_app
B010724,P00191,F0309,A079,Economy,195.98,USD,2025-09-09,mobile_app
B010725,P00273,F0080,A034,Business,1380.28,USD,2025-09-09,website
B010726,P01860,F0192,A037,Economy,182.54,USD,2025-09-09,website
B010727,P01357,F0026,A068,Premium Economy,248.17,USD,2025-09-09,travel_agency
B010728,P01115,F0310,A003,Economy,126.45,EUR,2025-09-09,travel_agency
B010729,P00361,F0129,A064,Business,548.94,USD,2025-09-09,mobile_app
B010730,P00336,F0235,A052,Premium Economy,445.41,USD,2025-09-09,travel_agency
B010731,P01761,F0133,A038,Premium Economy,197.36,EUR,2025-09-09,website
B010732,P01373,F0320,A030,Economy,134.2,EUR,2025-09-09,website
B010733,P00106,F0201,A039,Economy,194.55,EUR,2025-09-09,travel_agency
B010734,P00530,F0080,A034,Economy,192.63,EUR,2025-09-09,call_center
B010735,P01499,F0295,A029,Economy,191.86,EUR,2025-09-09,website
B010736,P00298,F0236,A062,Economy,101.34,EUR,2025-09-09,travel_agency
