booking_id,passenger_id,flight_id,airport_id,seat_class,amount,currency,booking_date,booking_channel
B034609,P01708,F0598,A001,Economy,132.74,EUR,2025-09-28,mobile_app
B034610,P02003,F0551,A060,Economy,195.96,USD,2025-09-28,website
B034611,P00923,F0170,A041,First,1617.6,EUR,2025-09-28,call_center
B034612,P01626,F0300,A032,Economy,122.58,EUR,2025-09-28,website
B034613,P00675,F0559,A018,Premium Economy,229.14,EUR,2025-09-28,website
B034614,P01118,F0493,A012,Economy,84.66,EUR,2025-09-28,call_center
B034615,P00103,F0604,A016,Economy,158.07,EUR,2025-09-28,website
B034616,P01633,F0594,A062,Premium Economy,390.56,EUR,2025-09-28,mobile_app
B034617,P00391,F0544,A061,Economy,148.94,USD,2025-09-28,website
B034618,P00448,F0614,A056,Economy,82.79,EUR,2025-09-28,website
B034619,P00396,F0117,A057,Economy,149.13,USD,2025-09-28,website
B034620,P00759,F0654,A038,Economy,173.81,USD,2025-09-28,website
B034621,P01194,F0503,A060,Economy,93.93,EUR,2025-09-28,mobile_app
B034622,P00185,F0611,A012,Economy,103.27,EUR,2025-09-28,call_center
B034623,P00197,F0557,A063,Business,565.1,EUR,2025-09-28,website
B034624,P01060,F0590,A054,Premium Economy,478.21,GBP,2025-09-28,travel_agency
B034625,P00396,F0601,A068,Premium Economy,279.16,USD,2025-09-28,mobile_app
B034626,P01514,F0632,A079,Economy,113.21,EUR,2025-09-28,website
B034627,P00954,F0440,A033,Economy,78.25,EUR,2025-09-28,website
B034628,P02126,F0549,A041,Business,1403.65,USD,2025-09-28,call_center
B034629,P01647,F0556,A042,Premium Economy,283.85,GBP,2025-09-28,mobile_app
B034630,P02027,F0654,A038,Premium Economy,447.16,USD,2025-09-28,website
B034631,P00144,F0624,A031,Economy,126.43,USD,2025-09-28,website
B034632,P01814,F0652,A018,Economy,115.0,EUR,2025-09-28,mobile_app
B034633,P01140,F0643,A066,Economy,75.74,USD,2025-09-28,mobile_app
B034634,P00653,F0119,A043,Economy,95.46,EUR,2025-09-28,call_center
B034635,P02099,F0489,A067,Economy,115.77,EUR,2025-09-28,website
B034636,P01280,F0617,A031,Economy,192.06,USD,2025-09-28,travel_agency
B034637,P01356,F0500,A026,Business,966.1,EUR,2025-09-28,website
B034638,P01086,F0493,A012,Economy,152.25,GBP,2025-09-28,website
B034639,P01956,F0582,A010,Premium Economy,408.41,EUR,2025-09-28,mobile_app
B034640,P00129,F0651,A032,Economy,99.3,USD,2025-09-28,travel_agency
B034641,P01555,F0644,A058,Economy,182.26,EUR,2025-09-28,website
B034642,P01116,F0549,A041,Economy,132.05,USD,2025-09-28,website
B034643,P00238,F0483,A073,Economy,177.51,EUR,2025-09-28,travel_agency
B034644,P01870,F0648,A025,Economy,148.71,USD,2025-09-28,travel_agency
B034645,P00076,F0260,A051,Economy,98.19,EUR,2025-09-28,website
B034646,P01000,F0117,A057,Premium Economy,247.23,USD,2025-09-28,call_center
B034647,P00434,F0623,A068,Economy,178.99,EUR,2025-09-28,website
B034648,P01253,F0478,A053,Premium Economy,177.93,GBP,2025-09-28,travel_agency
B034649,P01028,F0475,A069,Economy,169.67,USD,2025-09-28,website
B034650,P00636,F0593,A023,Economy,167.71,EUR,2025-09-28,website
B034651,P00612,F0658,A034,Premium Economy,371.98,EUR,2025-09-28,travel_agency
B034652,P00370,F0318,A010,Economy,178.12,EUR,2025-09-28,mobile_app
B034653,P01096,F0493,A012,Premium Economy,399.11,EUR,2025-09-28,website
B034654,P01311,F0026,A068,Economy,104.39,EUR,2025-09-28,mobile_app
B034655,P00019,F0134,A072,Economy,136.65,USD,2025-09-28,website
B034656,P02115,F0567,A060,Economy,147.91,GBP,2025-09-28,travel_agency
B034657,P01440,F0440,A033,Economy,118.91,GBP,2025-09-28,website
B034658,P01959,F0535,A001,Economy,83.34,EUR,2025-09-28,mobile_app
B034659,P02088,F0372,A063,First,1376.19,EUR,2025-09-28,mobile_app
B034660,P00024,F0493,A012,Business,884.27,EUR,2025-09-28,website
B034661,P02018,F0531,A020,Economy,137.96,USD,2025-09-28,call_center
B034662,P00630,F0652,A018,Economy,82.64,USD,2025-09-28,website
B034663,P01499,F0645,A053,Premium Economy,449.39,EUR,2025-09-28,website
B034664,P01689,F0538,A003,Premium Economy,344.11,EUR,2025-09-28,website
B034665,P00016,F0521,A014,Economy,172.1,USD,2025-09-28,mobile_app
B034666,P00545,F0491,A017,Economy,81.6,USD,2025-09-28,mobile_app
B034667,P01413,F0623,A068,Economy,177.88,EUR,2025-09-28,website
B034668,P01503,F0628,A048,Premium Economy,275.1,EUR,2025-09-28,mobile_app
B034669,P00106,F0611,A012,Premium Economy,194.91,USD,2025-09-28,website
B034670,P01108,F0119,A043,Economy,191.43,EUR,2025-09-28,website
B034671,P01983,F0584,A049,Economy,194.72,EUR,2025-09-28,travel_agency
B034672,P00010,F0559,A018,First,1228.35,EUR,2025-09-28,mobile_app
B034673,P00577,F0631,A015,Economy,104.56,EUR,2025-09-28,travel_agency
B034674,P00929,F0606,A004,Economy,126.78,GBP,2025-09-28,website
B034675,P00469,F0297,A058,Economy,173.14,USD,2025-09-28,mobile_app
B034676,P00130,F0633,A067,Economy,179.12,USD,2025-09-28,mobile_app
B034677,P01820,F0593,A023,Economy,90.4,USD,2025-09-28,mobile_app
B034678,P02050,F0570,A064,Premium Economy,424.03,EUR,2025-09-28,mobile_app
B034679,P01349,F0580,A004,Economy,107.82,USD,2025-09-28,mobile_app
B034680,P00364,F0640,A038,Economy,101.69,EUR,2025-09-28,mobile_app
B034681,P02091,F0627,A025,Economy,99.12,EUR,2025-09-28,website
B034682,P01250,F0196,A066,Premium Economy,337.14,USD,2025-09-28,website
B034683,P00944,F0648,A025,Economy,118.15,USD,2025-09-28,travel_agency
B034684,P00385,F0575,A070,Economy,125.09,EUR,2025-09-28,mobile_app
B034685,P00414,F0556,A042,Economy,181.98,GBP,2025-09-28,mobile_app
B034686,P01792,F0568,A013,Premium Economy,428.19,EUR,2025-09-28,mobile_app
B034687,P01157,F0556,A042,Economy,152.0,EUR,2025-09-28,mobile_app
B034688,P01560,F0516,A055,Premium Economy,350.49,EUR,2025-09-28,call_center
B034689,P01988,F0656,A081,Economy,145.93,USD,2025-09-28,travel_agency
B034690,P01401,F0648,A025,Economy,105.88,EUR,2025-09-28,website
B034691,P01841,F0170,A041,Economy,161.32,USD,2025-09-28,website
B034692,P00108,F0318,A010,Economy,163.9,USD,2025-09-28,mobile_app
B034693,P01609,F0634,A042,Economy,92.12,USD,2025-09-28,website
B034694,P02011,F0611,A012,Economy,158.7,GBP,2025-09-28,travel_agency
B034695,P00889,F0581,A031,Economy,141.14,EUR,2025-09-28,website
B034696,P00429,F0397,A074,Economy,89.61,USD,2025-09-28,mobile_app
B034697,P00150,F0067,A060,Business,664.8,EUR,2025-09-28,call_center
B034698,P02138,F0288,A015,Economy,176.0,EUR,2025-09-28,website
B034699,P00931,F0610,A081,Business,664.22,EUR,2025-09-28,website
B034700,P00382,F0260,A051,Economy,153.54,USD,2025-09-28,website
B034701,P00041,F0366,A066,Economy,188.41,USD,2025-09-28,website
B034702,P00724,F0074,A077,Economy,141.97,EUR,2025-09-28,website
B034703,P02193,F0066,A051,Economy,141.76,USD,2025-09-28,travel_agency
B034704,P00064,F0536,A069,Economy,75.63,USD,2025-09-28,website
B034705,P00223,F0603,A062,Premium Economy,315.03,EUR,2025-09-28,travel_agency
B034706,P01732,F0592,A057,Economy,88.66,USD,2025-09-28,mobile_app
B034707,P02163,F0593,A023,Economy,115.61,EUR,2025-09-28,mobile_app
B034708,P01404,F0659,A021,Economy,76.82,EUR,2025-09-28,mobile_app
B034709,P01927,F0576,A078,Business,1407.98,USD,2025-09-28,travel_agency
B034710,P00590,F0650,A041,Economy,148.66,USD,2025-09-28,website
B034711,P00558,F0535,A001,Economy,142.93,USD,2025-09-28,travel_agency
B034712,P01080,F0644,A058,Premium Economy,354.88,USD,2025-09-28,travel_agency
B034713,P00665,F0397,A074,Economy,100.05,USD,2025-09-28,website
B034714,P00173,F0440,A033,Economy,157.65,EUR,2025-09-28,travel_agency
B034715,P01385,F0631,A015,Business,1344.47,EUR,2025-09-28,travel_agency
B034716,P01730,F0642,A080,Economy,96.16,EUR,2025-09-28,mobile_app
B034717,P01956,F0592,A057,Economy,138.2,GBP,2025-09-28,mobile_app
B034718,P00348,F0588,A062,Premium Economy,400.17,EUR,2025-09-28,website
B034719,P01801,F0636,A013,Economy,109.95,EUR,2025-09-28,call_center
B034720,P01405,F0652,A018,Premium Economy,223.24,EUR,2025-09-28,travel_agency
B034721,P00469,F0573,A031,Premium Economy,355.47,EUR,2025-09-28,website
B034722,P00651,F0570,A064,Economy,115.37,USD,2025-09-28,website
B034723,P00555,F0511,A035,Economy,100.86,GBP,2025-09-28,website
B034724,P00928,F0662,A035,Premium Economy,389.78,EUR,2025-09-28,call_center
B034725,P01110,F0537,A076,Economy,147.42,EUR,2025-09-28,website
B034726,P01263,F0497,A074,Economy,174.57,EUR,2025-09-28,website
B034727,P01595,F0618,A074,Economy,177.65,USD,2025-09-28,travel_agency
B034728,P01162,F0401,A060,Economy,156.59,USD,2025-09-28,website
B034729,P01671,F0653,A069,Economy,131.91,EUR,2025-09-28,website
B034730,P01510,F0475,A069,Economy,186.16,USD,2025-09-28,mobile_app
B034731,P02007,F0647,A069,Premium Economy,425.97,GBP,2025-09-28,mobile_app
B034732,P00332,F0637,A080,Economy,99.84,USD,2025-09-28,travel_agency
B034733,P01786,F0628,A048,Business,1232.89,USD,2025-09-28,website
B034734,P00558,F0478,A053,Economy,129.57,EUR,2025-09-28,website
B034735,P01314,F0598,A001,Economy,188.64,EUR,2025-09-28,website
B034736,P01994,F0610,A081,Economy,144.5,EUR,2025-09-28,mobile_app
B034737,P01221,F0444,A046,Economy,114.23,GBP,2025-09-28,website
B034738,P00222,F0627,A025,Economy,133.05,EUR,2025-09-28,website
B034739,P01041,F0594,A062,First,2476.26,EUR,2025-09-28,travel_agency
B034740,P00319,F0601,A068,Premium Economy,422.7,USD,2025-09-28,travel_agency
B034741,P00271,F0599,A047,First,2148.23,USD,2025-09-28,mobile_app
B034742,P02185,F0624,A031,Economy,148.19,USD,2025-09-28,website
B034743,P00464,F0570,A064,Business,844.45,EUR,2025-09-28,mobile_app
B034744,P00473,F0531,A020,Business,665.07,GBP,2025-09-28,mobile_app
B034745,P00321,F0567,A060,Economy,103.06,EUR,2025-09-28,mobile_app
B034746,P01429,F0518,A025,Business,1397.87,EUR,2025-09-28,mobile_app
B034747,P00942,F0556,A042,Economy,94.62,USD,2025-09-28,mobile_app
B034748,P01294,F0564,A042,Economy,163.64,EUR,2025-09-28,website
B034749,P02055,F0598,A001,Economy,77.99,EUR,2025-09-28,travel_agency
B034750,P00358,F0372,A063,Business,1164.67,EUR,2025-09-28,website
B034751,P01055,F0372,A063,Economy,76.57,EUR,2025-09-28,mobile_app
B034752,P01339,F0570,A064,Economy,111.15,EUR,2025-09-28,website
B034753,P00844,F0559,A018,Business,704.07,EUR,2025-09-28,call_center
B034754,P01696,F0497,A074,Economy,90.27,EUR,2025-09-28,website
B034755,P00808,F0576,A078,Business,690.48,USD,2025-09-28,website
B034756,P01341,F0482,A004,Economy,90.52,EUR,2025-09-28,mobile_app
B034757,P01320,F0566,A040,Business,650.06,EUR,2025-09-28,call_center
B034758,P01379,F0642,A080,Economy,100.18,EUR,2025-09-28,website
B034759,P00704,F0589,A002,Premium Economy,318.65,EUR,2025-09-28,mobile_app
B034760,P00436,F0584,A049,Economy,73.56,EUR,2025-09-28,mobile_app
B034761,P00201,F0511,A035,Premium Economy,292.08,GBP,2025-09-28,website
B034762,P00644,F0589,A002,Economy,91.91,EUR,2025-09-28,website
B034763,P01962,F0519,A075,Economy,162.77,GBP,2025-09-28,mobile_app
B034764,P00082,F0316,A073,Economy,129.29,USD,2025-09-28,mobile_app
B034765,P01708,F0579,A052,Economy,187.44,USD,2025-09-28,mobile_app
B034766,P00046,F0010,A001,Premium Economy,431.49,USD,2025-09-28,website
B034767,P01124,F0535,A001,Premium Economy,379.94,USD,2025-09-28,call_center
B034768,P01351,F0639,A076,Economy,113.68,GBP,2025-09-28,website
B034769,P01151,F0529,A005,Economy,143.79,EUR,2025-09-28,website
B034770,P01487,F0535,A001,Economy,104.89,EUR,2025-09-28,mobile_app
B034771,P00574,F0618,A074,First,1883.28,EUR,2025-09-28,travel_agency
B034772,P01629,F0529,A005,Economy,151.14,EUR,2025-09-28,website
B034773,P01249,F0634,A042,Economy,134.44,EUR,2025-09-28,mobile_app
B034774,P00581,F0642,A080,Economy,191.6,EUR,2025-09-28,travel_agency
B034775,P01222,F0642,A080,Economy,184.37,USD,2025-09-28,website
B034776,P00702,F0040,A021,Business,1159.12,USD,2025-09-28,mobile_app
B034777,P00184,F0602,A044,Economy,104.7,USD,2025-09-28,travel_agency
B034778,P00546,F0566,A040,Economy,186.6,EUR,2025-09-28,website
B034779,P00109,F0628,A048,Premium Economy,227.56,EUR,2025-09-28,website
B034780,P00222,F0388,A008,Business,819.4,GBP,2025-09-28,call_center
B034781,P02059,F0608,A002,Economy,89.11,EUR,2025-09-28,mobile_app
B034782,P02025,F0260,A051,Economy,137.77,EUR,2025-09-28,travel_agency
B034783,P02162,F0556,A042,Economy,81.46,GBP,2025-09-28,website
B034784,P01392,F0470,A030,Premium Economy,295.37,USD,2025-09-28,mobile_app
B034785,P00638,F0614,A056,Economy,181.06,USD,2025-09-28,mobile_app
B034786,P00003,F0599,A047,Economy,169.02,EUR,2025-09-28,mobile_app
B034787,P01597,F0624,A031,First,2263.88,USD,2025-09-28,call_center
B034788,P01570,F0533,A013,Economy,182.08,USD,2025-09-28,mobile_app
B034789,P00777,F0067,A060,Economy,172.04,GBP,2025-09-28,travel_agency
B034790,P01641,F0538,A003,Economy,135.59,USD,2025-09-28,call_center
B034791,P00089,F0486,A005,Economy,159.37,EUR,2025-09-28,travel_agency
B034792,P00042,F0444,A046,Premium Economy,364.83,USD,2025-09-28,travel_agency
B034793,P00372,F0650,A041,Economy,181.37,EUR,2025-09-28,call_center
B034794,P01847,F0503,A060,Business,802.98,USD,2025-09-28,travel_agency
B034795,P00569,F0638,A067,Economy,157.36,USD,2025-09-28,travel_agency
B034796,P00472,F0549,A041,Business,1034.89,EUR,2025-09-28,website
B034797,P00561,F0607,A023,Business,717.22,GBP,2025-09-28,website
B034798,P00786,F0442,A007,Economy,94.44,EUR,2025-09-28,mobile_app
B034799,P00260,F0595,A005,Economy,87.09,GBP,2025-09-28,website
B034800,P00625,F0614,A056,Business,958.23,EUR,2025-09-28,travel_agency
B034801,P01557,F0607,A023,Economy,157.6,GBP,2025-09-28,website
B034802,P00569,F0568,A013,Economy,141.62,GBP,2025-09-28,website
B034803,P01150,F0639,A076,Economy,150.98,USD,2025-09-28,website
B034804,P02107,F0381,A013,Economy,76.5,USD,2025-09-28,website
B034805,P00966,F0577,A031,Economy,189.11,EUR,2025-09-28,website
B034806,P01288,F0618,A074,Economy,183.38,EUR,2025-09-28,website
B034807,P01817,F0581,A031,Economy,166.88,GBP,2025-09-28,mobile_app
B034808,P00336,F0134,A072,Economy,88.66,GBP,2025-09-28,website
B034809,P01705,F0641,A055,Business,753.4,GBP,2025-09-28,website
B034810,P02175,F0485,A022,Premium Economy,279.76,EUR,2025-09-28,mobile_app
B034811,P00727,F0567,A060,Economy,160.97,GBP,2025-09-28,website
B034812,P00955,F0112,A065,Premium Economy,271.87,USD,2025-09-28,travel_agency
B034813,P00990,F0655,A020,Premium Economy,224.33,EUR,2025-09-28,website
B034814,P00536,F0409,A041,Economy,164.69,USD,2025-09-28,website
B034815,P00107,F0288,A015,Business,1418.17,GBP,2025-09-28,call_center
B034816,P02039,F0500,A026,First,2723.32,USD,2025-09-28,website
B034817,P01939,F0523,A013,Economy,100.34,USD,2025-09-28,mobile_app
B034818,P01254,F0566,A040,Economy,195.76,USD,2025-09-28,website
B034819,P00581,F0372,A063,Premium Economy,214.97,EUR,2025-09-28,website
B034820,P01187,F0601,A068,Economy,74.2,EUR,2025-09-28,mobile_app
B034821,P00582,F0654,A038,Economy,174.96,EUR,2025-09-28,mobile_app
B034822,P01317,F0563,A061,Economy,197.76,GBP,2025-09-28,call_center
B034823,P00033,F0485,A022,Economy,125.94,EUR,2025-09-28,travel_agency
B034824,P00456,F0074,A077,Economy,72.38,EUR,2025-09-28,website
B034825,P00666,F0514,A052,Business,704.19,USD,2025-09-28,travel_agency
B034826,P02071,F0647,A069,Economy,197.44,EUR,2025-09-28,website
B034827,P00670,F0641,A055,Economy,187.62,EUR,2025-09-28,travel_agency
B034828,P01806,F0627,A025,Economy,97.9,GBP,2025-09-28,website
B034829,P02169,F0170,A041,Economy,186.42,GBP,2025-09-28,travel_agency
B034830,P01583,F0652,A018,Economy,173.14,GBP,2025-09-28,website
B034831,P01381,F0627,A025,Business,892.23,EUR,2025-09-28,travel_agency
B034832,P02096,F0482,A004,Premium Economy,464.11,USD,2025-09-28,website
B034833,P01140,F0401,A060,Premium Economy,303.19,GBP,2025-09-28,travel_agency
B034834,P01795,F0066,A051,Economy,75.26,EUR,2025-09-28,website
B034835,P00476,F0618,A074,Economy,160.52,EUR,2025-09-28,travel_agency
B034836,P01144,F0288,A015,Economy,197.66,EUR,2025-09-28,website
B034837,P01810,F0663,A062,Economy,87.0,EUR,2025-09-28,call_center
B034838,P01573,F0513,A033,Economy,74.62,USD,2025-09-28,mobile_app
B034839,P01074,F0401,A060,Business,663.35,EUR,2025-09-28,call_center
B034840,P00892,F0622,A008,Premium Economy,455.72,USD,2025-09-28,mobile_app
B034841,P01210,F0482,A004,Premium Economy,184.31,EUR,2025-09-28,mobile_app
B034842,P01166,F0499,A030,Economy,133.08,USD,2025-09-28,website
B034843,P01727,F0536,A069,Economy,111.02,GBP,2025-09-28,website
B034844,P00658,F0617,A031,Economy,82.07,EUR,2025-09-28,mobile_app
B034845,P01630,F0521,A014,First,1853.16,EUR,2025-09-28,website
B034846,P00241,F0010,A001,Economy,174.63,EUR,2025-09-28,call_center
B034847,P01000,F0600,A062,Business,1334.52,EUR,2025-09-28,website
B034848,P01927,F0004,A075,Economy,140.94,EUR,2025-09-28,mobile_app
B034849,P00455,F0644,A058,First,2570.58,EUR,2025-09-28,mobile_app
B034850,P00421,F0630,A022,Economy,82.97,USD,2025-09-28,travel_agency
B034851,P01852,F0300,A032,Business,615.48,USD,2025-09-28,website
B034852,P00734,F0625,A067,Business,557.61,GBP,2025-09-28,call_center
B034853,P01714,F0196,A066,Economy,112.93,USD,2025-09-28,travel_agency
B034854,P00559,F0158,A072,Economy,162.78,EUR,2025-09-28,mobile_app
B034855,P00055,F0659,A021,Premium Economy,300.97,USD,2025-09-28,travel_agency
B034856,P01357,F0608,A002,Economy,88.06,GBP,2025-09-28,mobile_app
B034857,P01289,F0485,A022,First,2154.84,EUR,2025-09-28,mobile_app
B034858,P01192,F0594,A062,Economy,187.3,USD,2025-09-28,website
B034859,P00925,F0112,A065,First,1875.49,USD,2025-09-28,travel_agency
B034860,P01131,F0656,A081,Premium Economy,327.01,GBP,2025-09-28,mobile_app
B034861,P01231,F0170,A041,Economy,131.71,EUR,2025-09-28,website
B034862,P00022,F0572,A071,Business,1357.25,GBP,2025-09-28,travel_agency
B034863,P01953,F0615,A077,Economy,192.25,EUR,2025-09-28,mobile_app
B034864,P00133,F0639,A076,Economy,189.62,USD,2025-09-28,mobile_app
B034865,P01129,F0482,A004,Premium Economy,466.54,USD,2025-09-28,mobile_app
B034866,P01756,F0470,A030,Economy,147.03,EUR,2025-09-28,call_center
B034867,P01102,F0661,A031,Business,1021.78,EUR,2025-09-28,mobile_app
B034868,P01221,F0593,A023,Premium Economy,386.01,EUR,2025-09-28,mobile_app
B034869,P00986,F0300,A032,Premium Economy,195.66,GBP,2025-09-28,travel_agency
B034870,P01463,F0582,A010,Economy,129.71,GBP,2025-09-28,travel_agency
B034871,P00245,F0659,A021,Economy,103.15,EUR,2025-09-28,mobile_app
B034872,P00396,F0511,A035,Economy,82.91,GBP,2025-09-28,mobile_app
B034873,P00249,F0521,A014,Economy,83.52,USD,2025-09-28,website
B034874,P01959,F0576,A078,Economy,79.46,GBP,2025-09-28,website
B034875,P00947,F0633,A067,Economy,94.36,USD,2025-09-28,mobile_app
B034876,P01470,F0550,A073,Economy,77.42,USD,2025-09-28,travel_agency
B034877,P01952,F0545,A042,Economy,193.28,GBP,2025-09-28,website
B034878,P01880,F0620,A055,Premium Economy,228.19,EUR,2025-09-28,travel_agency
B034879,P00137,F0650,A041,Economy,191.06,EUR,2025-09-28,website
B034880,P00589,F0170,A041,Economy,167.47,USD,2025-09-28,website
B034881,P01472,F0117,A057,Economy,140.35,EUR,2025-09-28,website
B034882,P01026,F0444,A046,Premium Economy,232.73,USD,2025-09-28,mobile_app
B034883,P00333,F0535,A001,Economy,178.15,EUR,2025-09-28,mobile_app
B034884,P00806,F0401,A060,Business,1159.21,GBP,2025-09-28,website
B034885,P01941,F0515,A070,Premium Economy,215.37,EUR,2025-09-28,mobile_app
B034886,P00399,F0618,A074,Economy,117.87,EUR,2025-09-28,website
B034887,P01592,F0650,A041,Economy,105.02,USD,2025-09-28,website
B034888,P00346,F0490,A075,Economy,146.74,EUR,2025-09-28,call_center
B034889,P01938,F0658,A034,Business,1221.06,USD,2025-09-28,website
B034890,P00860,F0637,A080,Economy,141.13,EUR,2025-09-28,mobile_app
B034891,P01385,F0651,A032,Premium Economy,196.27,USD,2025-09-28,travel_agency
B034892,P01530,F0631,A015,Economy,83.78,USD,2025-09-28,mobile_app
B034893,P00892,F0470,A030,Business,1060.34,GBP,2025-09-28,website
B034894,P00242,F0117,A057,Economy,119.9,USD,2025-09-28,mobile_app
B034895,P00255,F0534,A076,Economy,125.79,EUR,2025-09-28,mobile_app
B034896,P01533,F0557,A063,Premium Economy,393.79,EUR,2025-09-28,website
B034897,P02109,F0566,A040,Business,1261.34,USD,2025-09-28,mobile_app
B034898,P00533,F0629,A059,Premium Economy,220.84,EUR,2025-09-28,travel_agency
B034899,P01098,F0611,A012,Premium Economy,181.63,EUR,2025-09-28,mobile_app
B034900,P00420,F0581,A031,Premium Economy,403.84,USD,2025-09-28,website
B034901,P00897,F0645,A053,Economy,151.24,EUR,2025-09-28,website
B034902,P00895,F0607,A023,Economy,153.89,USD,2025-09-28,travel_agency
B034903,P01196,F0632,A079,Economy,157.64,GBP,2025-09-28,mobile_app
B034904,P00242,F0602,A044,Economy,112.74,EUR,2025-09-28,travel_agency
B034905,P01301,F0572,A071,Premium Economy,267.92,EUR,2025-09-28,travel_agency
B034906,P00648,F0478,A053,Premium Economy,364.27,EUR,2025-09-28,mobile_app
B034907,P01055,F0568,A013,Premium Economy,419.0,USD,2025-09-28,travel_agency
B034908,P01947,F0551,A060,Premium Economy,481.3,EUR,2025-09-28,mobile_app
B034909,P00083,F0629,A059,Economy,79.93,EUR,2025-09-28,mobile_app
B034910,P01297,F0478,A053,First,2706.16,EUR,2025-09-28,travel_agency
B034911,P00826,F0040,A021,Business,1230.84,USD,2025-09-28,travel_agency
B034912,P00544,F0523,A013,Economy,195.35,USD,2025-09-28,website
B034913,P01445,F0533,A013,Economy,84.74,USD,2025-09-28,mobile_app
B034914,P02052,F0583,A077,Economy,163.07,GBP,2025-09-28,mobile_app
B034915,P01807,F0112,A065,Economy,182.39,USD,2025-09-28,website
B034916,P00949,F0654,A038,Economy,185.99,USD,2025-09-28,website
B034917,P01870,F0300,A032,Business,1394.66,EUR,2025-09-28,website
B034918,P00861,F0397,A074,Economy,167.41,GBP,2025-09-28,website
B034919,P01844,F0486,A005,Economy,174.6,GBP,2025-09-28,website
B034920,P01744,F0040,A021,Economy,168.03,GBP,2025-09-28,call_center
B034921,P00113,F0631,A015,Economy,92.61,EUR,2025-09-28,mobile_app
B034922,P01291,F0595,A005,First,2081.39,EUR,2025-09-28,mobile_app
B034923,P00608,F0533,A013,Premium Economy,215.01,USD,2025-09-28,website
B034924,P01082,F0538,A003,Economy,165.42,USD,2025-09-28,website
B034925,P00355,F0474,A045,Economy,76.33,EUR,2025-09-28,mobile_app
B034926,P01797,F0173,A040,First,1295.29,GBP,2025-09-28,website
B034927,P00486,F0628,A048,Economy,110.84,USD,2025-09-28,mobile_app
B034928,P00803,F0662,A035,Economy,156.28,EUR,2025-09-28,travel_agency
B034929,P00409,F0442,A007,Economy,135.65,USD,2025-09-28,mobile_app
B034930,P01565,F0644,A058,Economy,195.57,USD,2025-09-28,mobile_app
B034931,P00368,F0623,A068,Economy,99.88,GBP,2025-09-28,travel_agency
B034932,P02113,F0634,A042,Economy,161.88,GBP,2025-09-28,mobile_app
B034933,P00289,F0517,A050,Economy,157.41,USD,2025-09-28,travel_agency
B034934,P00090,F0560,A023,Economy,118.2,EUR,2025-09-28,mobile_app
B034935,P01232,F0533,A013,Premium Economy,253.49,USD,2025-09-28,website
B034936,P00413,F0500,A026,Economy,175.99,GBP,2025-09-28,website
B034937,P00749,F0652,A018,Economy,149.68,GBP,2025-09-28,website
B034938,P02090,F0478,A053,Premium Economy,381.6,USD,2025-09-28,call_center
B034939,P00577,F0465,A019,Premium Economy,237.31,EUR,2025-09-28,call_center
B034940,P01559,F0519,A075,Premium Economy,338.62,EUR,2025-09-28,mobile_app
B034941,P00365,F0648,A025,Business,573.71,EUR,2025-09-28,website
B034942,P01542,F0388,A008,Premium Economy,238.17,EUR,2025-09-28,mobile_app
B034943,P01390,F0511,A035,Business,1257.44,EUR,2025-09-28,website
B034944,P02185,F0117,A057,Premium Economy,454.69,EUR,2025-09-28,website
B034945,P01724,F0643,A066,First,2034.04,EUR,2025-09-28,website
B034946,P01017,F0633,A067,Economy,84.39,EUR,2025-09-28,call_center
B034947,P00031,F0478,A053,Economy,169.77,EUR,2025-09-28,website
B034948,P00243,F0601,A068,Economy,144.84,GBP,2025-09-28,travel_agency
B034949,P01315,F0632,A079,Economy,189.4,USD,2025-09-28,call_center
B034950,P01193,F0475,A069,First,2412.25,USD,2025-09-28,travel_agency
B034951,P01747,F0623,A068,First,1702.82,USD,2025-09-28,website
B034952,P00488,F0632,A079,Economy,112.24,EUR,2025-09-28,website
B034953,P00987,F0528,A054,Economy,197.47,USD,2025-09-28,mobile_app
B034954,P00183,F0604,A016,Economy,126.37,EUR,2025-09-28,call_center
B034955,P01728,F0625,A067,Economy,132.2,EUR,2025-09-28,mobile_app
B034956,P01383,F0578,A018,Economy,142.78,GBP,2025-09-28,website
B034957,P00754,F0662,A035,Economy,172.49,EUR,2025-09-28,website
B034958,P00955,F0663,A062,Business,679.02,USD,2025-09-28,mobile_app
B034959,P00168,F0170,A041,Economy,167.39,USD,2025-09-28,mobile_app
B034960,P00267,F0568,A013,Premium Economy,476.33,USD,2025-09-28,mobile_app
B034961,P00162,F0636,A013,Economy,76.69,GBP,2025-09-28,travel_agency
B034962,P01433,F0485,A022,Economy,131.76,EUR,2025-09-28,website
B034963,P01156,F0318,A010,Economy,134.16,USD,2025-09-28,mobile_app
B034964,P02097,F0612,A078,First,1479.16,EUR,2025-09-28,website
B034965,P00811,F0571,A002,First,1253.35,EUR,2025-09-28,mobile_app
B034966,P01573,F0648,A025,Business,692.46,EUR,2025-09-28,website
B034967,P01642,F0653,A069,Economy,103.91,EUR,2025-09-28,website
B034968,P01710,F0646,A046,Economy,194.01,USD,2025-09-28,call_center
B034969,P00094,F0633,A067,Economy,159.11,EUR,2025-09-28,website
B034970,P00360,F0490,A075,Economy,139.77,EUR,2025-09-28,website
B034971,P01923,F0260,A051,Economy,143.55,USD,2025-09-28,website
B034972,P00350,F0649,A046,Business,744.48,EUR,2025-09-28,travel_agency
B034973,P00965,F0643,A066,Economy,146.54,USD,2025-09-28,mobile_app
B034974,P00084,F0628,A048,Economy,111.02,USD,2025-09-28,website
B034975,P00669,F0372,A063,Economy,72.41,EUR,2025-09-28,mobile_app
B034976,P01560,F0549,A041,Premium Economy,438.47,EUR,2025-09-28,mobile_app
B034977,P00693,F0067,A060,Economy,119.43,EUR,2025-09-28,mobile_app
B034978,P01503,F0581,A031,Premium Economy,437.92,GBP,2025-09-28,website
B034979,P01801,F0519,A075,Economy,164.19,EUR,2025-09-28,website
B034980,P00674,F0642,A080,Economy,92.67,GBP,2025-09-28,travel_agency
B034981,P01289,F0521,A014,Premium Economy,310.37,EUR,2025-09-28,call_center
B034982,P01313,F0614,A056,Economy,193.18,GBP,2025-09-28,travel_agency
B034983,P01326,F0318,A010,Economy,134.93,EUR,2025-09-28,website
B034984,P01086,F0040,A021,Business,799.03,USD,2025-09-28,website
B034985,P01874,F0478,A053,Economy,87.21,GBP,2025-09-28,travel_agency
B034986,P01870,F0516,A055,Economy,171.4,USD,2025-09-28,travel_agency
B034987,P00173,F0629,A059,Economy,133.03,EUR,2025-09-28,mobile_app
B034988,P00604,F0617,A031,Economy,197.57,USD,2025-09-28,website
B034989,P00132,F0478,A053,Economy,136.9,EUR,2025-09-28,website
B034990,P00978,F0578,A018,First,2599.67,EUR,2025-09-28,travel_agency
B034991,P00947,F0493,A012,Economy,141.08,GBP,2025-09-28,call_center
B034992,P01923,F0615,A077,Economy,78.4,GBP,2025-09-28,travel_agency
B034993,P00289,F0300,A032,Economy,133.05,EUR,2025-09-28,website
B034994,P01384,F0567,A060,Premium Economy,271.31,EUR,2025-09-28,travel_agency
B034995,P01731,F0616,A049,Economy,114.25,EUR,2025-09-28,mobile_app
B034996,P01926,F0606,A004,Premium Economy,320.83,GBP,2025-09-28,travel_agency
B034997,P01791,F0659,A021,Economy,103.39,USD,2025-09-28,website
B034998,P01549,F0620,A055,Premium Economy,262.53,USD,2025-09-28,website
B034999,P01200,F0589,A002,Economy,91.28,USD,2025-09-28,travel_agency
B035000,P00374,F0515,A070,Economy,103.07,EUR,2025-09-28,mobile_app
B035001,P01568,F0482,A004,Economy,140.22,GBP,2025-09-28,website
B035002,P00788,F0572,A071,Economy,162.33,EUR,2025-09-28,travel_agency
B035003,P01308,F0659,A021,Business,537.06,GBP,2025-09-28,mobile_app
B035004,P00110,F0536,A069,Economy,194.45,EUR,2025-09-28,website
B035005,P00929,F0511,A035,Economy,179.25,USD,2025-09-28,website
B035006,P01013,F0511,A035,Premium Economy,213.19,USD,2025-09-28,travel_agency
B035007,P01099,F0645,A053,Economy,115.0,USD,2025-09-28,mobile_app
B035008,P00953,F0601,A068,Premium Economy,199.65,USD,2025-09-28,mobile_app
B035009,P02078,F0444,A046,Premium Economy,353.4,EUR,2025-09-28,website
B035010,P01540,F0563,A061,Premium Economy,232.48,USD,2025-09-28,mobile_app
B035011,P00510,F0388,A008,Economy,185.37,EUR,2025-09-28,call_center
B035012,P02124,F0297,A058,Premium Economy,211.88,USD,2025-09-28,website
B035013,P00515,F0561,A037,Economy,171.01,USD,2025-09-28,mobile_app
B035014,P01274,F0465,A019,Premium Economy,453.98,USD,2025-09-28,website
B035015,P00301,F0444,A046,Premium Economy,366.24,USD,2025-09-28,website
B035016,P01991,F0626,A005,Economy,144.37,EUR,2025-09-28,travel_agency
B035017,P00791,F0541,A010,Economy,129.82,EUR,2025-09-28,website
B035018,P00819,F0297,A058,Economy,137.32,GBP,2025-09-28,website
B035019,P00559,F0573,A031,Premium Economy,392.48,GBP,2025-09-28,website
B035020,P01558,F0578,A018,Economy,81.28,EUR,2025-09-28,mobile_app
B035021,P00551,F0656,A081,Economy,175.16,EUR,2025-09-28,website
B035022,P00386,F0226,A012,Economy,84.32,USD,2025-09-28,travel_agency
B035023,P01426,F0346,A044,Economy,94.56,USD,2025-09-28,website
B035024,P01746,F0575,A070,Economy,108.59,USD,2025-09-28,mobile_app
B035025,P01368,F0611,A012,Economy,81.48,USD,2025-09-28,travel_agency
B035026,P01680,F0588,A062,Economy,104.6,EUR,2025-09-28,mobile_app
B035027,P00635,F0637,A080,Economy,166.45,USD,2025-09-28,mobile_app
B035028,P01485,F0288,A015,Business,1228.11,EUR,2025-09-28,website
B035029,P00085,F0551,A060,Economy,130.34,EUR,2025-09-28,website
B035030,P01175,F0515,A070,Economy,115.78,GBP,2025-09-28,mobile_app
B035031,P01464,F0226,A012,Economy,195.6,EUR,2025-09-28,travel_agency
B035032,P01890,F0659,A021,First,2426.3,USD,2025-09-28,mobile_app
B035033,P00182,F0615,A077,Economy,92.56,USD,2025-09-28,mobile_app
B035034,P01588,F0549,A041,Economy,151.65,EUR,2025-09-28,mobile_app
B035035,P01020,F0119,A043,Economy,75.17,USD,2025-09-28,travel_agency
B035036,P01680,F0643,A066,Business,1017.75,EUR,2025-09-28,travel_agency
B035037,P00525,F0118,A020,Economy,87.23,EUR,2025-09-28,website
B035038,P01732,F0567,A060,Economy,185.78,EUR,2025-09-28,website
B035039,P00423,F0596,A066,Economy,94.86,GBP,2025-09-28,travel_agency
B035040,P02087,F0631,A015,Premium Economy,285.8,EUR,2025-09-28,mobile_app
B035041,P01913,F0551,A060,Premium Economy,448.05,GBP,2025-09-28,travel_agency
B035042,P01524,F0226,A012,Economy,84.03,GBP,2025-09-28,website
B035043,P00979,F0118,A020,Premium Economy,465.81,GBP,2025-09-28,website
B035044,P00146,F0372,A063,Economy,128.07,GBP,2025-09-28,mobile_app
B035045,P00714,F0616,A049,Economy,156.79,EUR,2025-09-28,mobile_app
B035046,P00947,F0537,A076,Economy,144.33,USD,2025-09-28,mobile_app
B035047,P01907,F0650,A041,Economy,164.82,EUR,2025-09-28,mobile_app
B035048,P01427,F0650,A041,Economy,102.27,USD,2025-09-28,travel_agency
B035049,P01726,F0559,A018,Economy,162.03,USD,2025-09-28,website
B035050,P02044,F0134,A072,Business,594.34,USD,2025-09-28,website
B035051,P02173,F0652,A018,Economy,100.6,USD,2025-09-28,website
B035052,P00947,F0490,A075,First,1252.81,EUR,2025-09-28,website
B035053,P01792,F0564,A042,Economy,197.0,USD,2025-09-28,website
B035054,P01515,F0346,A044,Business,1283.26,EUR,2025-09-28,website
B035055,P00423,F0576,A078,Premium Economy,304.97,EUR,2025-09-28,travel_agency
B035056,P00538,F0490,A075,Economy,179.3,EUR,2025-09-28,mobile_app
B035057,P00246,F0226,A012,Premium Economy,309.69,EUR,2025-09-28,travel_agency
B035058,P01029,F0614,A056,First,1189.48,EUR,2025-09-28,travel_agency
B035059,P00311,F0545,A042,Economy,108.74,USD,2025-09-28,website
B035060,P00706,F0661,A031,Business,1311.33,USD,2025-09-28,travel_agency
B035061,P00297,F0288,A015,Economy,165.75,USD,2025-09-28,mobile_app
B035062,P01166,F0600,A062,Economy,106.45,EUR,2025-09-28,call_center
B035063,P01631,F0541,A010,Economy,176.23,USD,2025-09-28,mobile_app
B035064,P01813,F0629,A059,Premium Economy,242.14,EUR,2025-09-28,mobile_app
B035065,P00443,F0118,A020,Premium Economy,176.59,USD,2025-09-28,website
B035066,P01417,F0170,A041,Economy,93.05,USD,2025-09-28,website
B035067,P00223,F0640,A038,Economy,159.89,GBP,2025-09-28,website
B035068,P01766,F0372,A063,Premium Economy,243.31,USD,2025-09-28,website
B035069,P00209,F0137,A039,Business,530.83,EUR,2025-09-28,mobile_app
B035070,P01082,F0066,A051,Economy,156.18,USD,2025-09-28,travel_agency
B035071,P01175,F0580,A004,Economy,106.94,EUR,2025-09-28,mobile_app
B035072,P00708,F0626,A005,Premium Economy,388.47,USD,2025-09-28,call_center
B035073,P01194,F0657,A007,Business,733.62,EUR,2025-09-28,website
B035074,P00358,F0534,A076,Business,894.82,USD,2025-09-28,website
B035075,P02034,F0662,A035,Economy,135.45,EUR,2025-09-28,website
B035076,P01661,F0651,A032,Business,851.45,GBP,2025-09-28,website
B035077,P01560,F0119,A043,Economy,185.47,EUR,2025-09-28,mobile_app
B035078,P01508,F0026,A068,Premium Economy,412.4,USD,2025-09-28,mobile_app
B035079,P00966,F0608,A002,Business,712.54,EUR,2025-09-28,website
B035080,P00320,F0493,A012,Business,753.94,EUR,2025-09-28,website
B035081,P01962,F0517,A050,Economy,140.33,GBP,2025-09-28,website
B035082,P01416,F0620,A055,Premium Economy,326.52,EUR,2025-09-28,mobile_app
B035083,P01552,F0610,A081,Economy,78.57,EUR,2025-09-28,website
B035084,P00950,F0646,A046,Premium Economy,463.14,EUR,2025-09-28,mobile_app
B035085,P01519,F0521,A014,Economy,74.12,EUR,2025-09-28,mobile_app
B035086,P01325,F0486,A005,Economy,124.89,EUR,2025-09-28,website
B035087,P01980,F0489,A067,Business,561.09,EUR,2025-09-28,mobile_app
B035088,P00771,F0557,A063,Premium Economy,347.2,EUR,2025-09-28,website
B035089,P01635,F0659,A021,Premium Economy,190.68,USD,2025-09-28,travel_agency
B035090,P00930,F0388,A008,Premium Economy,218.67,GBP,2025-09-28,call_center
B035091,P01077,F0440,A033,Economy,114.08,EUR,2025-09-28,website
B035092,P00759,F0316,A073,Business,1375.85,USD,2025-09-28,website
B035093,P02103,F0652,A018,Premium Economy,229.28,EUR,2025-09-28,website
B035094,P00448,F0397,A074,Economy,113.15,USD,2025-09-28,travel_agency
B035095,P00024,F0577,A031,Premium Economy,434.19,USD,2025-09-28,website
B035096,P01633,F0318,A010,Economy,152.81,EUR,2025-09-28,travel_agency
B035097,P01007,F0381,A013,Economy,135.62,USD,2025-09-28,website
B035098,P00173,F0486,A005,Economy,189.1,EUR,2025-09-28,travel_agency
B035099,P01395,F0226,A012,Business,766.71,EUR,2025-09-28,mobile_app
B035100,P01073,F0067,A060,Economy,107.14,EUR,2025-09-28,website
B035101,P00759,F0478,A053,Economy,115.36,USD,2025-09-28,website
B035102,P00368,F0444,A046,Business,1241.73,EUR,2025-09-28,mobile_app
B035103,P02040,F0381,A013,Economy,172.39,USD,2025-09-28,travel_agency
B035104,P00238,F0572,A071,Economy,136.95,GBP,2025-09-28,travel_agency
B035105,P01825,F0534,A076,Economy,132.68,USD,2025-09-28,mobile_app
B035106,P01931,F0610,A081,Economy,185.94,USD,2025-09-28,website
B035107,P01128,F0589,A002,Business,1331.53,USD,2025-09-28,website
B035108,P01253,F0485,A022,Economy,156.73,EUR,2025-09-28,website
B035109,P01382,F0474,A045,Premium Economy,242.65,EUR,2025-09-28,travel_agency
B035110,P01119,F0388,A008,Economy,152.47,USD,2025-09-28,website
B035111,P00043,F0652,A018,Business,693.19,USD,2025-09-28,website
B035112,P02050,F0409,A041,Business,979.6,EUR,2025-09-28,mobile_app
B035113,P01591,F0591,A063,First,3051.98,USD,2025-09-28,call_center
B035114,P02035,F0465,A019,Economy,134.51,EUR,2025-09-28,travel_agency
B035115,P00648,F0511,A035,Economy,150.21,GBP,2025-09-28,website
B035116,P01312,F0549,A041,First,2987.15,USD,2025-09-28,website
B035117,P01999,F0470,A030,Premium Economy,381.28,EUR,2025-09-28,mobile_app
B035118,P00735,F0511,A035,Economy,97.75,EUR,2025-09-28,travel_agency
B035119,P00277,F0366,A066,Economy,146.65,EUR,2025-09-28,travel_agency
B035120,P01458,F0491,A017,Economy,101.13,EUR,2025-09-28,mobile_app
B035121,P02017,F0556,A042,Economy,149.52,USD,2025-09-28,website
B035122,P00176,F0067,A060,Premium Economy,454.9,GBP,2025-09-28,website
B035123,P01106,F0634,A042,Business,1287.26,USD,2025-09-28,website
B035124,P00647,F0644,A058,Premium Economy,466.96,EUR,2025-09-28,website
B035125,P01210,F0485,A022,Economy,147.06,USD,2025-09-28,mobile_app
B035126,P01808,F0620,A055,Economy,95.82,EUR,2025-09-28,mobile_app
B035127,P01912,F0617,A031,Premium Economy,278.19,EUR,2025-09-28,website
B035128,P01313,F0523,A013,Economy,176.17,USD,2025-09-28,website
B035129,P00417,F0565,A006,First,2678.87,EUR,2025-09-28,mobile_app
B035130,P02022,F0637,A080,Economy,147.97,USD,2025-09-28,website
B035131,P01242,F0649,A046,Business,1354.41,EUR,2025-09-28,website
B035132,P00336,F0518,A025,Business,755.37,EUR,2025-09-28,travel_agency
B035133,P00172,F0158,A072,Premium Economy,324.86,USD,2025-09-28,website
B035134,P00838,F0607,A023,Economy,156.65,EUR,2025-09-28,website
B035135,P01136,F0485,A022,First,1391.96,USD,2025-09-28,mobile_app
B035136,P00956,F0600,A062,Economy,173.96,GBP,2025-09-28,call_center
B035137,P01913,F0533,A013,Business,621.86,EUR,2025-09-28,website
B035138,P00309,F0158,A072,Economy,74.79,EUR,2025-09-28,mobile_app
B035139,P01713,F0515,A070,Economy,158.91,USD,2025-09-28,travel_agency
B035140,P00732,F0630,A022,Economy,112.44,USD,2025-09-28,travel_agency
B035141,P00182,F0388,A008,Economy,126.93,EUR,2025-09-28,travel_agency
B035142,P00563,F0531,A020,Economy,127.26,USD,2025-09-28,website
B035143,P01374,F0226,A012,Economy,112.46,USD,2025-09-28,website
B035144,P01848,F0503,A060,Economy,115.94,USD,2025-09-28,mobile_app
B035145,P01274,F0656,A081,Economy,171.46,GBP,2025-09-28,website
B035146,P00244,F0544,A061,Business,1148.51,USD,2025-09-28,mobile_app
B035147,P00210,F0596,A066,Economy,119.93,GBP,2025-09-28,travel_agency
B035148,P01479,F0316,A073,Economy,155.57,EUR,2025-09-28,travel_agency
B035149,P00089,F0366,A066,Economy,118.69,USD,2025-09-28,website
B035150,P00658,F0475,A069,Economy,130.79,USD,2025-09-28,travel_agency
B035151,P00200,F0607,A023,Economy,129.59,EUR,2025-09-28,website
B035152,P01095,F0409,A041,Economy,167.23,GBP,2025-09-28,mobile_app
B035153,P01266,F0615,A077,Economy,184.79,USD,2025-09-28,travel_agency
B035154,P02162,F0632,A079,Economy,162.66,USD,2025-09-28,call_center
B035155,P01274,F0647,A069,Economy,193.96,EUR,2025-09-28,website
B035156,P01893,F0595,A005,Economy,189.47,EUR,2025-09-28,website
B035157,P01241,F0620,A055,Economy,89.4,GBP,2025-09-28,mobile_app
B035158,P00852,F0444,A046,Economy,176.3,EUR,2025-09-28,travel_agency
B035159,P01192,F0606,A004,Business,1084.01,GBP,2025-09-28,website
B035160,P00230,F0661,A031,Economy,128.82,USD,2025-09-28,mobile_app
B035161,P01115,F0523,A013,Economy,120.31,EUR,2025-09-28,travel_agency
B035162,P00360,F0490,A075,Business,583.89,USD,2025-09-28,website
B035163,P01424,F0650,A041,Business,958.3,EUR,2025-09-28,website
B035164,P00430,F0485,A022,First,1233.16,EUR,2025-09-28,website
B035165,P01541,F0651,A032,Premium Economy,366.08,EUR,2025-09-28,mobile_app
B035166,P02030,F0372,A063,Business,855.02,EUR,2025-09-28,website
B035167,P00296,F0196,A066,Premium Economy,178.58,EUR,2025-09-28,website
B035168,P00165,F0617,A031,Economy,80.6,USD,2025-09-28,website
B035169,P01132,F0571,A002,Business,891.97,USD,2025-09-28,mobile_app
B035170,P00213,F0442,A007,Economy,89.18,EUR,2025-09-28,website
B035171,P01458,F0528,A054,Economy,85.32,USD,2025-09-28,mobile_app
B035172,P01791,F0444,A046,Economy,128.52,USD,2025-09-28,travel_agency
B035173,P00998,F0026,A068,Business,1149.16,USD,2025-09-28,call_center
B035174,P00869,F0568,A013,Economy,112.95,USD,2025-09-28,mobile_app
B035175,P01770,F0482,A004,Premium Economy,478.41,EUR,2025-09-28,mobile_app
B035176,P01670,F0288,A015,Premium Economy,381.76,EUR,2025-09-28,website
B035177,P01214,F0567,A060,Economy,173.11,USD,2025-09-28,mobile_app
B035178,P01068,F0516,A055,Economy,90.09,GBP,2025-09-28,website
B035179,P02072,F0601,A068,Economy,163.45,EUR,2025-09-28,website
B035180,P01921,F0663,A062,Economy,164.53,USD,2025-09-28,mobile_app
B035181,P01261,F0571,A002,Premium Economy,409.03,USD,2025-09-28,mobile_app
B035182,P00227,F0611,A012,Premium Economy,214.21,EUR,2025-09-28,mobile_app
B035183,P00842,F0595,A005,Premium Economy,402.45,EUR,2025-09-28,website
B035184,P01636,F0642,A080,Economy,98.62,EUR,2025-09-28,website
B035185,P01711,F0620,A055,Premium Economy,239.93,GBP,2025-09-28,call_center
B035186,P01383,F0647,A069,Premium Economy,415.02,EUR,2025-09-28,website
B035187,P00327,F0004,A075,Economy,196.82,USD,2025-09-28,travel_agency
B035188,P02027,F0650,A041,Business,1253.87,GBP,2025-09-28,travel_agency
B035189,P00420,F0632,A079,Economy,83.49,USD,2025-09-28,website
B035190,P01571,F0632,A079,Economy,149.71,EUR,2025-09-28,website
B035191,P00821,F0657,A007,Economy,164.92,EUR,2025-09-28,website
B035192,P01394,F0584,A049,Economy,142.49,EUR,2025-09-28,website
B035193,P00510,F0599,A047,Economy,130.51,EUR,2025-09-28,travel_agency
B035194,P00798,F0497,A074,Business,619.9,USD,2025-09-28,website
B035195,P00339,F0576,A078,Economy,92.29,GBP,2025-09-28,website
B035196,P00408,F0074,A077,Economy,148.4,USD,2025-09-28,website
B035197,P01444,F0570,A064,Premium Economy,296.87,EUR,2025-09-28,website
B035198,P00051,F0608,A002,Economy,145.33,EUR,2025-09-28,website
B035199,P02025,F0580,A004,Economy,197.69,USD,2025-09-28,website
B035200,P00421,F0118,A020,Economy,114.39,USD,2025-09-28,mobile_app
B035201,P01820,F0533,A013,Economy,107.97,EUR,2025-09-28,website
B035202,P00038,F0474,A045,Business,889.43,EUR,2025-09-28,mobile_app
B035203,P00021,F0538,A003,Economy,110.73,EUR,2025-09-28,website
B035204,P00947,F0559,A018,Economy,132.27,USD,2025-09-28,website
B035205,P01245,F0581,A031,Economy,86.15,USD,2025-09-28,website
B035206,P00010,F0661,A031,Premium Economy,389.8,EUR,2025-09-28,website
B035207,P01837,F0300,A032,Premium Economy,206.94,EUR,2025-09-28,website
B035208,P00754,F0648,A025,Economy,192.48,GBP,2025-09-28,call_center
B035209,P00913,F0196,A066,Business,1383.42,USD,2025-09-28,website
B035210,P01504,F0650,A041,Economy,85.68,EUR,2025-09-28,website
B035211,P00726,F0401,A060,Economy,146.73,EUR,2025-09-28,mobile_app
B035212,P02163,F0536,A069,Premium Economy,475.36,USD,2025-09-28,website
B035213,P00462,F0588,A062,Economy,126.6,GBP,2025-09-28,call_center
B035214,P01039,F0486,A005,Economy,86.51,USD,2025-09-28,call_center
B035215,P02072,F0388,A008,Economy,174.07,EUR,2025-09-28,travel_agency
B035216,P02152,F0614,A056,Economy,90.51,USD,2025-09-28,travel_agency
B035217,P02097,F0226,A012,Economy,144.47,GBP,2025-09-28,travel_agency
B035218,P00374,F0499,A030,Business,540.44,GBP,2025-09-28,website
B035219,P01865,F0590,A054,Economy,162.19,EUR,2025-09-28,website
B035220,P00662,F0485,A022,First,2272.25,USD,2025-09-28,website
B035221,P01427,F0571,A002,Economy,140.18,EUR,2025-09-28,mobile_app
B035222,P00768,F0074,A077,Business,733.56,GBP,2025-09-28,call_center
B035223,P01638,F0372,A063,Economy,102.72,USD,2025-09-28,website
B035224,P02085,F0639,A076,Economy,189.0,USD,2025-09-28,website
B035225,P01062,F0491,A017,Premium Economy,326.64,USD,2025-09-28,website
B035226,P00717,F0572,A071,Economy,74.42,USD,2025-09-28,website
B035227,P01592,F0638,A067,Premium Economy,310.83,EUR,2025-09-28,mobile_app
B035228,P01984,F0619,A038,Economy,157.34,EUR,2025-09-28,website
B035229,P02108,F0631,A015,Economy,81.85,EUR,2025-09-28,mobile_app
B035230,P02123,F0118,A020,Economy,114.13,EUR,2025-09-28,website
B035231,P01265,F0004,A075,Premium Economy,186.13,USD,2025-09-28,mobile_app
B035232,P01656,F0010,A001,Economy,152.45,USD,2025-09-28,website
B035233,P01743,F0612,A078,Economy,189.47,USD,2025-09-28,website
B035234,P00009,F0573,A031,Economy,143.49,GBP,2025-09-28,mobile_app
B035235,P00038,F0590,A054,Economy,194.42,EUR,2025-09-28,call_center
B035236,P00320,F0409,A041,Economy,173.04,EUR,2025-09-28,travel_agency
B035237,P00388,F0649,A046,Economy,75.75,USD,2025-09-28,website
B035238,P01504,F0511,A035,Economy,76.94,EUR,2025-09-28,website
B035239,P00517,F0538,A003,Business,786.11,USD,2025-09-28,website
B035240,P01571,F0300,A032,Premium Economy,372.13,USD,2025-09-28,call_center
B035241,P00502,F0636,A013,Premium Economy,425.11,EUR,2025-09-28,mobile_app
B035242,P01036,F0640,A038,Premium Economy,439.68,USD,2025-09-28,travel_agency
B035243,P01228,F0513,A033,Economy,98.43,EUR,2025-09-28,website
B035244,P00526,F0637,A080,Economy,140.69,USD,2025-09-28,travel_agency
B035245,P00438,F0656,A081,Premium Economy,312.13,EUR,2025-09-28,mobile_app
B035246,P00593,F0575,A070,Business,562.07,USD,2025-09-28,website
B035247,P00439,F0596,A066,Economy,163.11,EUR,2025-09-28,website
B035248,P00881,F0112,A065,First,2682.77,GBP,2025-09-28,website
B035249,P01989,F0573,A031,Economy,194.34,USD,2025-09-28,mobile_app
B035250,P01109,F0564,A042,Economy,79.36,EUR,2025-09-28,website
B035251,P00626,F0607,A023,Economy,162.52,USD,2025-09-28,mobile_app
B035252,P00301,F0004,A075,Premium Economy,410.75,EUR,2025-09-28,website
B035253,P00713,F0641,A055,Economy,155.44,EUR,2025-09-28,website
B035254,P01386,F0499,A030,Economy,96.05,EUR,2025-09-28,travel_agency
B035255,P00387,F0117,A057,Premium Economy,279.52,EUR,2025-09-28,mobile_app
B035256,P00782,F0568,A013,Economy,142.68,GBP,2025-09-28,website
B035257,P00267,F0536,A069,Economy,156.33,EUR,2025-09-28,website
B035258,P01712,F0388,A008,Economy,155.32,USD,2025-09-28,mobile_app
B035259,P00338,F0646,A046,Premium Economy,387.49,USD,2025-09-28,website
B035260,P01096,F0624,A031,Economy,182.79,USD,2025-09-28,website
B035261,P01012,F0590,A054,First,1126.72,GBP,2025-09-28,call_center
B035262,P01506,F0594,A062,Economy,120.51,EUR,2025-09-28,mobile_app
B035263,P00142,F0627,A025,Economy,97.39,USD,2025-09-28,website
B035264,P01503,F0544,A061,Premium Economy,364.81,EUR,2025-09-28,mobile_app
B035265,P01376,F0657,A007,Economy,168.79,GBP,2025-09-28,website
B035266,P01165,F0549,A041,Economy,100.79,EUR,2025-09-28,call_center
B035267,P01062,F0593,A023,Business,1392.17,EUR,2025-09-28,call_center
B035268,P02157,F0580,A004,Economy,132.79,EUR,2025-09-28,mobile_app
B035269,P01984,F0584,A049,Economy,160.28,USD,2025-09-28,mobile_app
B035270,P01620,F0288,A015,Economy,194.86,USD,2025-09-28,website
B035271,P00880,F0170,A041,Economy,91.3,GBP,2025-09-28,website
B035272,P01535,F0659,A021,Economy,166.44,EUR,2025-09-28,website
B035273,P01966,F0074,A077,Business,676.43,EUR,2025-09-28,website
B035274,P00543,F0527,A042,Business,1195.89,USD,2025-09-28,website
B035275,P01644,F0604,A016,Economy,196.31,GBP,2025-09-28,travel_agency
B035276,P01404,F0624,A031,Economy,189.39,USD,2025-09-28,website
B035277,P01175,F0553,A032,Economy,154.02,USD,2025-09-28,mobile_app
B035278,P00240,F0565,A006,Premium Economy,221.33,GBP,2025-09-28,travel_agency
B035279,P00803,F0656,A081,Economy,148.11,EUR,2025-09-28,call_center
B035280,P01197,F0260,A051,Economy,81.16,EUR,2025-09-28,mobile_app
B035281,P01559,F0618,A074,Economy,135.37,EUR,2025-09-28,travel_agency
B035282,P00195,F0486,A005,Economy,90.08,EUR,2025-09-28,mobile_app
B035283,P01314,F0514,A052,Economy,132.97,EUR,2025-09-28,call_center
B035284,P02039,F0118,A020,Economy,105.83,EUR,2025-09-28,mobile_app
B035285,P00159,F0545,A042,Premium Economy,277.84,EUR,2025-09-28,website
B035286,P00713,F0475,A069,Premium Economy,448.44,USD,2025-09-28,mobile_app
B035287,P01868,F0613,A021,Economy,134.27,EUR,2025-09-28,travel_agency
B035288,P02159,F0551,A060,Economy,176.28,EUR,2025-09-28,mobile_app
B035289,P01744,F0557,A063,Business,1215.32,EUR,2025-09-28,website
B035290,P01891,F0556,A042,Economy,181.15,USD,2025-09-28,travel_agency
B035291,P00574,F0297,A058,Business,1425.85,EUR,2025-09-28,mobile_app
B035292,P00075,F0663,A062,Economy,194.15,GBP,2025-09-28,call_center
B035293,P01128,F0529,A005,Economy,73.5,EUR,2025-09-28,website
B035294,P01702,F0366,A066,Economy,135.36,USD,2025-09-28,website
B035295,P01467,F0582,A010,Economy,166.07,USD,2025-09-28,mobile_app
B035296,P00145,F0628,A048,Economy,87.23,EUR,2025-09-28,mobile_app
B035297,P00854,F0603,A062,Premium Economy,299.16,EUR,2025-09-28,website
B035298,P01454,F0170,A041,Premium Economy,350.42,USD,2025-09-28,mobile_app
B035299,P01176,F0010,A001,Economy,101.82,EUR,2025-09-28,website
B035300,P01370,F0173,A040,Economy,96.6,EUR,2025-09-28,website
B035301,P00194,F0640,A038,Premium Economy,464.74,USD,2025-09-28,website
B035302,P00503,F0608,A002,Economy,143.49,GBP,2025-09-28,mobile_app
B035303,P00616,F0366,A066,Economy,171.21,EUR,2025-09-28,website
B035304,P02192,F0519,A075,Economy,91.38,EUR,2025-09-28,mobile_app
B035305,P00371,F0613,A021,Economy,166.36,EUR,2025-09-28,website
B035306,P00231,F0619,A038,Premium Economy,236.09,USD,2025-09-28,call_center
B035307,P01817,F0117,A057,Economy,72.19,EUR,2025-09-28,website
B035308,P00416,F0300,A032,Economy,81.22,USD,2025-09-28,travel_agency
B035309,P00481,F0300,A032,Premium Economy,241.08,USD,2025-09-28,website
B035310,P00652,F0598,A001,Business,1310.74,EUR,2025-09-28,website
B035311,P01482,F0549,A041,Economy,197.29,EUR,2025-09-28,mobile_app
B035312,P01742,F0656,A081,Premium Economy,192.82,USD,2025-09-28,travel_agency
B035313,P00374,F0497,A074,Economy,167.17,USD,2025-09-28,website
B035314,P01018,F0581,A031,Premium Economy,192.61,USD,2025-09-28,mobile_app
B035315,P00082,F0577,A031,Business,978.22,USD,2025-09-28,website
B035316,P01021,F0553,A032,Economy,151.27,USD,2025-09-28,website
B035317,P00161,F0659,A021,Premium Economy,313.8,EUR,2025-09-28,travel_agency
B035318,P00763,F0531,A020,Economy,124.91,EUR,2025-09-28,website
B035319,P00009,F0576,A078,Economy,92.96,USD,2025-09-28,call_center
B035320,P01503,F0528,A054,Premium Economy,302.24,EUR,2025-09-28,mobile_app
B035321,P01506,F0442,A007,Premium Economy,252.35,USD,2025-09-28,mobile_app
B035322,P01693,F0639,A076,Business,756.73,EUR,2025-09-28,travel_agency
B035323,P00513,F0627,A025,Economy,168.4,GBP,2025-09-28,mobile_app
B035324,P00849,F0608,A002,Economy,116.46,USD,2025-09-28,website
B035325,P00710,F0617,A031,Premium Economy,358.2,USD,2025-09-28,travel_agency
B035326,P00167,F0158,A072,Economy,150.12,GBP,2025-09-28,website
B035327,P00881,F0661,A031,Premium Economy,201.15,EUR,2025-09-28,website
B035328,P01004,F0566,A040,Economy,195.91,USD,2025-09-28,website
B035329,P00703,F0536,A069,Economy,90.93,USD,2025-09-28,mobile_app
B035330,P00723,F0592,A057,Economy,77.85,USD,2025-09-28,mobile_app
B035331,P01738,F0564,A042,Economy,102.28,EUR,2025-09-28,mobile_app
B035332,P01338,F0650,A041,Premium Economy,332.57,EUR,2025-09-28,travel_agency
B035333,P01280,F0318,A010,Premium Economy,321.67,GBP,2025-09-28,website
B035334,P01022,F0300,A032,Business,1032.46,EUR,2025-09-28,website
B035335,P00449,F0388,A008,Economy,106.41,GBP,2025-09-28,travel_agency
B035336,P00804,F0004,A075,Economy,83.18,USD,2025-09-28,website
B035337,P02144,F0580,A004,Economy,124.41,USD,2025-09-28,website
B035338,P01580,F0612,A078,Economy,191.41,EUR,2025-09-28,website
B035339,P01637,F0300,A032,Business,945.45,EUR,2025-09-28,travel_agency
B035340,P01904,F0609,A005,Premium Economy,432.78,EUR,2025-09-28,mobile_app
B035341,P01103,F0651,A032,First,2159.05,EUR,2025-09-28,mobile_app
B035342,P01495,F0534,A076,Business,961.53,USD,2025-09-28,website
B035343,P00594,F0631,A015,Economy,171.16,USD,2025-09-28,mobile_app
B035344,P00869,F0440,A033,Premium Economy,475.18,USD,2025-09-28,mobile_app
B035345,P00624,F0570,A064,Economy,76.15,USD,2025-09-28,website
B035346,P01262,F0503,A060,Economy,140.86,USD,2025-09-28,travel_agency
B035347,P00943,F0643,A066,Economy,100.78,EUR,2025-09-28,travel_agency
B035348,P01232,F0112,A065,Premium Economy,449.75,GBP,2025-09-28,mobile_app
B035349,P01132,F0594,A062,Economy,147.64,EUR,2025-09-28,website
B035350,P00682,F0606,A004,Economy,145.99,EUR,2025-09-28,mobile_app
B035351,P01279,F0519,A075,Economy,121.49,USD,2025-09-28,website
B035352,P01855,F0604,A016,Economy,104.2,USD,2025-09-28,mobile_app
B035353,P01963,F0401,A060,Economy,73.19,USD,2025-09-28,website
B035354,P01602,F0612,A078,Business,1327.21,USD,2025-09-28,mobile_app
B035355,P00968,F0561,A037,Economy,96.2,USD,2025-09-28,mobile_app
B035356,P01437,F0641,A055,Economy,167.99,GBP,2025-09-28,travel_agency
B035357,P02123,F0579,A052,Premium Economy,283.08,USD,2025-09-28,website
B035358,P02128,F0652,A018,Business,653.82,EUR,2025-09-28,travel_agency
B035359,P00753,F0026,A068,Business,524.45,EUR,2025-09-28,website
B035360,P01696,F0654,A038,Premium Economy,439.3,USD,2025-09-28,travel_agency
B035361,P01564,F0255,A061,Economy,81.26,USD,2025-09-28,mobile_app
B035362,P00762,F0566,A040,Business,1181.06,GBP,2025-09-28,website
B035363,P00090,F0535,A001,Premium Economy,228.54,EUR,2025-09-28,website
B035364,P00801,F0615,A077,Economy,112.91,GBP,2025-09-28,website
B035365,P01473,F0636,A013,Economy,121.37,USD,2025-09-28,call_center
B035366,P01789,F0137,A039,Premium Economy,252.48,USD,2025-09-28,call_center
B035367,P02157,F0624,A031,Economy,145.35,USD,2025-09-28,call_center
B035368,P01911,F0631,A015,Premium Economy,348.61,EUR,2025-09-28,website
B035369,P01290,F0527,A042,Economy,89.75,EUR,2025-09-28,website
B035370,P00583,F0590,A054,Economy,121.21,USD,2025-09-28,website
B035371,P02008,F0629,A059,Economy,117.05,USD,2025-09-28,website
B035372,P00608,F0652,A018,Economy,156.65,EUR,2025-09-28,mobile_app
B035373,P01948,F0612,A078,Business,1109.53,GBP,2025-09-28,website
B035374,P01435,F0624,A031,Premium Economy,259.95,EUR,2025-09-28,website
B035375,P00350,F0583,A077,Premium Economy,437.46,EUR,2025-09-28,mobile_app
B035376,P01749,F0611,A012,Economy,80.18,GBP,2025-09-28,mobile_app
B035377,P01391,F0518,A025,Economy,118.21,EUR,2025-09-28,website
B035378,P00600,F0642,A080,Premium Economy,394.98,GBP,2025-09-28,call_center
B035379,P00450,F0158,A072,Economy,113.54,EUR,2025-09-28,mobile_app
B035380,P00549,F0662,A035,Economy,193.24,USD,2025-09-28,website
B035381,P00865,F0644,A058,Economy,162.15,EUR,2025-09-28,mobile_app
B035382,P00704,F0613,A021,Economy,96.25,USD,2025-09-28,call_center
B035383,P00383,F0372,A063,Economy,138.85,GBP,2025-09-28,mobile_app
B035384,P00924,F0470,A030,Premium Economy,376.09,GBP,2025-09-28,website
B035385,P01327,F0523,A013,Economy,170.1,EUR,2025-09-28,website
B035386,P00357,F0553,A032,First,1984.62,USD,2025-09-28,website
B035387,P01759,F0651,A032,Economy,171.41,EUR,2025-09-28,website
B035388,P01705,F0067,A060,Economy,116.73,USD,2025-09-28,website
B035389,P00122,F0647,A069,Premium Economy,335.84,EUR,2025-09-28,mobile_app
B035390,P00632,F0568,A013,Economy,160.48,USD,2025-09-28,website
B035391,P01360,F0652,A018,Business,968.29,GBP,2025-09-28,mobile_app
B035392,P02058,F0490,A075,Economy,176.34,EUR,2025-09-28,website
B035393,P01051,F0568,A013,Economy,196.88,GBP,2025-09-28,travel_agency
B035394,P00457,F0226,A012,Premium Economy,402.91,EUR,2025-09-28,travel_agency
B035395,P01555,F0004,A075,Economy,157.76,EUR,2025-09-28,mobile_app
B035396,P00863,F0590,A054,Premium Economy,233.15,EUR,2025-09-28,mobile_app
B035397,P00358,F0579,A052,Economy,132.9,GBP,2025-09-28,travel_agency
B035398,P01029,F0625,A067,Economy,122.17,EUR,2025-09-28,website
B035399,P01960,F0595,A005,Economy,113.91,EUR,2025-09-28,travel_agency
B035400,P01017,F0605,A067,Economy,182.97,EUR,2025-09-28,website
B035401,P00377,F0499,A030,Economy,145.05,USD,2025-09-28,website
B035402,P00622,F0576,A078,Economy,82.68,EUR,2025-09-28,website
B035403,P01336,F0610,A081,Economy,98.13,USD,2025-09-28,mobile_app
B035404,P00410,F0485,A022,Economy,120.75,EUR,2025-09-28,call_center
B035405,P02053,F0517,A050,Economy,187.83,USD,2025-09-28,website
B035406,P01063,F0571,A002,Premium Economy,220.78,EUR,2025-09-28,website
B035407,P00574,F0409,A041,Economy,123.41,EUR,2025-09-28,website
B035408,P02127,F0004,A075,First,3062.29,GBP,2025-09-28,website
B035409,P00295,F0570,A064,Economy,112.3,EUR,2025-09-28,website
B035410,P01359,F0300,A032,Economy,170.51,GBP,2025-09-28,website
B035411,P01546,F0628,A048,Economy,171.46,EUR,2025-09-28,website
B035412,P01700,F0485,A022,Economy,188.09,USD,2025-09-28,website
B035413,P00258,F0550,A073,Business,745.31,USD,2025-09-28,travel_agency
B035414,P01541,F0598,A001,Economy,136.87,EUR,2025-09-28,website
B035415,P01393,F0663,A062,Economy,123.71,USD,2025-09-28,website
B035416,P00719,F0297,A058,Premium Economy,392.9,USD,2025-09-28,mobile_app
B035417,P01094,F0581,A031,Economy,128.69,GBP,2025-09-28,mobile_app
B035418,P01136,F0643,A066,Premium Economy,415.05,EUR,2025-09-28,mobile_app
B035419,P00897,F0040,A021,Business,677.12,EUR,2025-09-28,travel_agency
B035420,P00543,F0516,A055,Economy,163.77,EUR,2025-09-28,mobile_app
B035421,P01112,F0526,A021,Economy,129.54,GBP,2025-09-28,website
B035422,P01860,F0578,A018,Economy,162.62,USD,2025-09-28,travel_agency
B035423,P02187,F0658,A034,Premium Economy,261.93,GBP,2025-09-28,mobile_app
B035424,P01875,F0662,A035,Economy,196.0,USD,2025-09-28,mobile_app
B035425,P00756,F0595,A005,Economy,166.83,USD,2025-09-28,website
B035426,P01533,F0643,A066,Premium Economy,382.3,USD,2025-09-28,travel_agency
B035427,P01304,F0614,A056,Economy,175.82,GBP,2025-09-28,mobile_app
B035428,P01898,F0561,A037,Economy,150.71,EUR,2025-09-28,travel_agency
B035429,P01525,F0578,A018,Economy,167.17,EUR,2025-09-28,mobile_app
B035430,P00976,F0527,A042,Economy,105.06,EUR,2025-09-28,travel_agency
B035431,P00647,F0260,A051,Economy,161.33,GBP,2025-09-28,travel_agency
B035432,P01600,F0561,A037,Economy,175.56,EUR,2025-09-28,website
B035433,P02115,F0567,A060,Economy,170.27,GBP,2025-09-28,website
B035434,P00118,F0440,A033,Economy,170.52,USD,2025-09-28,website
B035435,P02145,F0647,A069,Business,670.59,USD,2025-09-28,mobile_app
B035436,P00708,F0589,A002,Economy,119.11,EUR,2025-09-28,travel_agency
B035437,P01409,F0614,A056,Economy,174.95,USD,2025-09-28,mobile_app
B035438,P02151,F0646,A046,Business,1147.04,EUR,2025-09-28,website
B035439,P01006,F0010,A001,Economy,196.78,EUR,2025-09-28,travel_agency
B035440,P01909,F0649,A046,Economy,189.19,USD,2025-09-28,mobile_app
B035441,P00979,F0572,A071,Economy,98.83,USD,2025-09-28,website
B035442,P01252,F0633,A067,Economy,114.43,USD,2025-09-28,website
B035443,P02015,F0568,A013,Economy,192.4,USD,2025-09-28,mobile_app
B035444,P01253,F0600,A062,Premium Economy,401.0,GBP,2025-09-28,mobile_app
B035445,P01193,F0401,A060,Economy,169.2,GBP,2025-09-28,website
B035446,P01492,F0527,A042,Economy,98.92,EUR,2025-09-28,website
B035447,P00159,F0173,A040,Economy,88.48,GBP,2025-09-28,mobile_app
B035448,P01270,F0226,A012,Business,829.84,USD,2025-09-28,website
B035449,P00428,F0564,A042,Economy,109.53,USD,2025-09-28,website
B035450,P01590,F0662,A035,Economy,188.89,USD,2025-09-28,website
B035451,P00165,F0615,A077,Economy,106.39,USD,2025-09-28,mobile_app
B035452,P00065,F0629,A059,Business,1113.6,EUR,2025-09-28,travel_agency
B035453,P00656,F0482,A004,Economy,80.47,EUR,2025-09-28,call_center
B035454,P00663,F0600,A062,Economy,152.19,GBP,2025-09-28,website
B035455,P00882,F0497,A074,Economy,126.37,EUR,2025-09-28,website
B035456,P00079,F0599,A047,Premium Economy,403.41,USD,2025-09-28,mobile_app
B035457,P01861,F0397,A074,Business,678.0,USD,2025-09-28,website
B035458,P00474,F0010,A001,Economy,193.11,USD,2025-09-28,website
B035459,P00477,F0624,A031,Economy,109.88,EUR,2025-09-28,travel_agency
B035460,P00767,F0654,A038,Economy,183.37,EUR,2025-09-28,mobile_app
B035461,P01716,F0584,A049,Economy,105.05,USD,2025-09-28,website
B035462,P02193,F0604,A016,Economy,189.76,USD,2025-09-28,travel_agency
B035463,P01216,F0497,A074,Economy,107.31,USD,2025-09-28,website
B035464,P01432,F0545,A042,Economy,84.78,USD,2025-09-28,mobile_app
B035465,P00580,F0585,A030,First,2636.88,EUR,2025-09-28,website
B035466,P00086,F0497,A074,Economy,151.41,EUR,2025-09-28,website
B035467,P00804,F0611,A012,Economy,131.73,EUR,2025-09-28,travel_agency
B035468,P00563,F0040,A021,Economy,192.01,EUR,2025-09-28,website
B035469,P01538,F0489,A067,Economy,168.35,USD,2025-09-28,call_center
B035470,P00038,F0465,A019,Premium Economy,273.49,USD,2025-09-28,website
B035471,P00132,F0578,A018,Premium Economy,453.81,EUR,2025-09-28,website
B035472,P00931,F0514,A052,Economy,90.07,EUR,2025-09-28,website
B035473,P01970,F0637,A080,Economy,110.67,EUR,2025-09-28,travel_agency
B035474,P00924,F0288,A015,Economy,122.98,USD,2025-09-28,website
B035475,P00326,F0636,A013,Business,1396.38,EUR,2025-09-28,mobile_app
B035476,P01553,F0561,A037,Economy,119.21,EUR,2025-09-28,call_center
B035477,P01686,F0627,A025,Economy,136.01,EUR,2025-09-28,travel_agency
B035478,P01925,F0564,A042,Economy,175.57,EUR,2025-09-28,website
B035479,P00545,F0592,A057,Economy,152.68,USD,2025-09-28,call_center
B035480,P01209,F0577,A031,Economy,173.8,EUR,2025-09-28,travel_agency
B035481,P00220,F0010,A001,Economy,117.08,GBP,2025-09-28,mobile_app
B035482,P01135,F0644,A058,Economy,164.74,EUR,2025-09-28,mobile_app
B035483,P00270,F0553,A032,First,1308.65,USD,2025-09-28,mobile_app
B035484,P01887,F0173,A040,Premium Economy,310.71,EUR,2025-09-28,website
B035485,P01765,F0570,A064,Economy,115.75,GBP,2025-09-28,call_center
B035486,P00748,F0614,A056,Economy,88.95,EUR,2025-09-28,travel_agency
B035487,P01066,F0583,A077,Economy,196.55,GBP,2025-09-28,mobile_app
B035488,P01424,F0636,A013,Economy,160.86,EUR,2025-09-28,website
B035489,P01398,F0545,A042,Economy,117.05,USD,2025-09-28,travel_agency
B035490,P00649,F0475,A069,Economy,73.54,USD,2025-09-28,website
B035491,P01457,F0580,A004,Economy,73.49,USD,2025-09-28,travel_agency
B035492,P01294,F0615,A077,Economy,72.12,GBP,2025-09-28,website
B035493,P00765,F0584,A049,Business,1246.4,EUR,2025-09-28,website
B035494,P02172,F0583,A077,Business,983.01,USD,2025-09-28,website
B035495,P00004,F0173,A040,Economy,77.56,EUR,2025-09-28,website
B035496,P01024,F0516,A055,Economy,173.01,EUR,2025-09-28,website
B035497,P01582,F0588,A062,Economy,141.66,EUR,2025-09-28,website
B035498,P00348,F0066,A051,Economy,76.42,EUR,2025-09-28,website
B035499,P00535,F0470,A030,Premium Economy,394.86,EUR,2025-09-28,website
B035500,P01048,F0517,A050,Premium Economy,189.37,USD,2025-09-28,mobile_app
B035501,P01389,F0482,A004,Economy,167.18,USD,2025-09-28,website
B035502,P00884,F0533,A013,Business,1080.4,EUR,2025-09-28,mobile_app
B035503,P00830,F0593,A023,Business,974.64,EUR,2025-09-28,website
B035504,P01169,F0624,A031,Business,834.41,GBP,2025-09-28,mobile_app
B035505,P01623,F0500,A026,Economy,104.02,GBP,2025-09-28,website
B035506,P00119,F0119,A043,Economy,153.91,USD,2025-09-28,mobile_app
B035507,P01510,F0642,A080,Economy,118.18,EUR,2025-09-28,website
B035508,P01639,F0625,A067,Economy,89.18,USD,2025-09-28,mobile_app
B035509,P01722,F0625,A067,Economy,124.79,USD,2025-09-28,website
B035510,P00977,F0615,A077,Economy,148.41,EUR,2025-09-28,mobile_app
B035511,P01214,F0537,A076,First,2057.29,EUR,2025-09-28,mobile_app
B035512,P00121,F0196,A066,Economy,189.78,EUR,2025-09-28,travel_agency
B035513,P00912,F0564,A042,Premium Economy,477.09,EUR,2025-09-28,mobile_app
B035514,P00290,F0630,A022,Economy,163.03,EUR,2025-09-28,website
B035515,P00285,F0004,A075,Economy,76.92,USD,2025-09-28,website
B035516,P01744,F0639,A076,Economy,144.38,EUR,2025-09-28,mobile_app
B035517,P00873,F0255,A061,Economy,163.99,EUR,2025-09-28,website
B035518,P02144,F0118,A020,Economy,122.25,USD,2025-09-28,travel_agency
B035519,P00888,F0526,A021,Economy,152.21,GBP,2025-09-28,website
B035520,P01637,F0173,A040,Premium Economy,263.47,USD,2025-09-28,mobile_app
B035521,P00177,F0397,A074,Premium Economy,286.39,EUR,2025-09-28,mobile_app
B035522,P01812,F0117,A057,Economy,189.56,USD,2025-09-28,website
B035523,P00283,F0663,A062,Economy,132.94,USD,2025-09-28,travel_agency
B035524,P01435,F0572,A071,Premium Economy,358.21,EUR,2025-09-28,call_center
B035525,P00371,F0470,A030,Business,775.51,GBP,2025-09-28,mobile_app
B035526,P01776,F0650,A041,First,2866.63,USD,2025-09-28,travel_agency
B035527,P01719,F0642,A080,Economy,171.64,EUR,2025-09-28,website
B035528,P01666,F0576,A078,Business,692.69,USD,2025-09-28,travel_agency
B035529,P00975,F0004,A075,Economy,162.32,EUR,2025-09-28,mobile_app
B035530,P00563,F0550,A073,Economy,111.81,EUR,2025-09-28,website
B035531,P01115,F0523,A013,Business,1004.84,EUR,2025-09-28,mobile_app
B035532,P01411,F0643,A066,Business,776.39,EUR,2025-09-28,travel_agency
B035533,P01665,F0545,A042,Economy,154.48,USD,2025-09-28,call_center
B035534,P01084,F0656,A081,Business,1063.28,EUR,2025-09-28,travel_agency
B035535,P01552,F0627,A025,Economy,168.15,GBP,2025-09-28,website
B035536,P02142,F0643,A066,Economy,161.71,USD,2025-09-28,travel_agency
B035537,P00173,F0566,A040,Economy,73.97,EUR,2025-09-28,mobile_app
B035538,P01591,F0288,A015,Premium Economy,285.93,USD,2025-09-28,website
B035539,P00038,F0173,A040,Economy,150.9,EUR,2025-09-28,website
B035540,P01977,F0444,A046,Economy,92.57,USD,2025-09-28,website
B035541,P01796,F0550,A073,Economy,127.98,USD,2025-09-28,website
B035542,P00183,F0608,A002,Economy,88.33,EUR,2025-09-28,mobile_app
B035543,P02194,F0633,A067,Economy,76.1,EUR,2025-09-28,mobile_app
B035544,P01065,F0595,A005,First,2354.71,GBP,2025-09-28,travel_agency
B035545,P01222,F0485,A022,Premium Economy,430.38,EUR,2025-09-28,mobile_app
B035546,P01076,F0638,A067,Business,1326.81,GBP,2025-09-28,travel_agency
B035547,P00988,F0658,A034,First,2610.77,EUR,2025-09-28,mobile_app
B035548,P01476,F0632,A079,Premium Economy,178.78,USD,2025-09-28,website
B035549,P00451,F0615,A077,Business,1013.82,EUR,2025-09-28,mobile_app
B035550,P00740,F0618,A074,Premium Economy,288.7,EUR,2025-09-28,travel_agency
B035551,P01850,F0482,A004,Economy,193.29,EUR,2025-09-28,website
B035552,P00212,F0637,A080,Business,1235.67,GBP,2025-09-28,website
B035553,P00598,F0300,A032,Business,926.84,USD,2025-09-28,travel_agency
B035554,P02068,F0646,A046,Business,655.46,EUR,2025-09-28,mobile_app
B035555,P00519,F0634,A042,Business,1176.99,GBP,2025-09-28,mobile_app
B035556,P01859,F0170,A041,Business,717.52,GBP,2025-09-28,website
B035557,P00374,F0118,A020,Economy,164.9,USD,2025-09-28,mobile_app
B035558,P00284,F0637,A080,Economy,86.31,EUR,2025-09-28,website
B035559,P00414,F0590,A054,Economy,171.11,USD,2025-09-28,website
B035560,P00593,F0226,A012,Economy,110.32,EUR,2025-09-28,mobile_app
B035561,P01049,F0609,A005,Business,673.86,USD,2025-09-28,website
B035562,P00553,F0549,A041,Economy,192.77,EUR,2025-09-28,mobile_app
B035563,P00193,F0134,A072,Economy,120.41,USD,2025-09-28,travel_agency
B035564,P00728,F0646,A046,Economy,108.9,EUR,2025-09-28,mobile_app
B035565,P01348,F0515,A070,Business,1358.33,USD,2025-09-28,website
B035566,P01976,F0397,A074,Business,1394.94,EUR,2025-09-28,website
B035567,P02052,F0642,A080,Premium Economy,284.82,EUR,2025-09-28,travel_agency
B035568,P00412,F0629,A059,Premium Economy,347.76,USD,2025-09-28,website
B035569,P00140,F0465,A019,Premium Economy,198.36,USD,2025-09-28,call_center
B035570,P01071,F0611,A012,Economy,177.55,GBP,2025-09-28,travel_agency
B035571,P01052,F0650,A041,Business,1256.83,EUR,2025-09-28,travel_agency
B035572,P00991,F0584,A049,Economy,154.77,EUR,2025-09-28,mobile_app
B035573,P01404,F0519,A075,Premium Economy,336.13,GBP,2025-09-28,website
B035574,P02064,F0578,A018,Premium Economy,210.46,EUR,2025-09-28,mobile_app
B035575,P00278,F0442,A007,Economy,87.37,USD,2025-09-28,website
B035576,P02022,F0573,A031,Economy,190.35,EUR,2025-09-28,travel_agency
B035577,P01475,F0573,A031,Premium Economy,443.46,EUR,2025-09-28,call_center
B035578,P00029,F0611,A012,Premium Economy,357.16,USD,2025-09-28,website
B035579,P01182,F0591,A063,Economy,87.31,EUR,2025-09-28,website
B035580,P01328,F0511,A035,Economy,104.5,USD,2025-09-28,website
B035581,P01360,F0409,A041,Economy,163.97,EUR,2025-09-28,travel_agency
B035582,P01281,F0619,A038,Economy,188.11,GBP,2025-09-28,mobile_app
B035583,P01307,F0630,A022,Economy,91.62,EUR,2025-09-28,mobile_app
B035584,P00144,F0531,A020,Economy,77.06,USD,2025-09-28,website
B035585,P01876,F0640,A038,Economy,148.97,EUR,2025-09-28,website
B035586,P00149,F0553,A032,Premium Economy,301.39,USD,2025-09-28,mobile_app
B035587,P00684,F0581,A031,Economy,145.11,GBP,2025-09-28,website
B035588,P00942,F0648,A025,Premium Economy,178.01,EUR,2025-09-28,mobile_app
B035589,P00730,F0659,A021,Economy,120.36,USD,2025-09-28,travel_agency
B035590,P00696,F0639,A076,Economy,134.06,USD,2025-09-28,website
B035591,P01277,F0648,A025,Economy,151.9,USD,2025-09-28,mobile_app
B035592,P00794,F0397,A074,Economy,91.53,EUR,2025-09-28,travel_agency
B035593,P01139,F0572,A071,Economy,156.0,EUR,2025-09-28,website
B035594,P01153,F0602,A044,Economy,129.41,GBP,2025-09-28,website
B035595,P00455,F0610,A081,Economy,84.32,EUR,2025-09-28,mobile_app
B035596,P00623,F0590,A054,Premium Economy,406.4,EUR,2025-09-28,travel_agency
B035597,P02070,F0657,A007,Economy,163.75,USD,2025-09-28,website
B035598,P01211,F0594,A062,Economy,187.72,EUR,2025-09-28,mobile_app
B035599,P01156,F0571,A002,Business,682.44,USD,2025-09-28,call_center
B035600,P02164,F0593,A023,Economy,100.46,EUR,2025-09-28,travel_agency
B035601,P01578,F0549,A041,Business,580.95,EUR,2025-09-28,mobile_app
B035602,P00621,F0137,A039,Economy,82.08,USD,2025-09-28,website
B035603,P00100,F0226,A012,Economy,118.42,USD,2025-09-28,mobile_app
B035604,P00647,F0516,A055,Premium Economy,370.79,USD,2025-09-28,call_center
B035605,P02089,F0604,A016,Economy,129.69,USD,2025-09-28,mobile_app
B035606,P00083,F0655,A020,Economy,142.03,USD,2025-09-28,mobile_app
B035607,P02023,F0580,A004,Economy,131.65,USD,2025-09-28,mobile_app
B035608,P01168,F0483,A073,Premium Economy,375.72,EUR,2025-09-28,website
B035609,P01553,F0580,A004,Economy,178.59,USD,2025-09-28,website
B035610,P01246,F0601,A068,Economy,132.06,USD,2025-09-28,mobile_app
B035611,P00521,F0598,A001,Economy,133.4,USD,2025-09-28,website
B035612,P01161,F0515,A070,Economy,75.08,USD,2025-09-28,travel_agency
B035613,P00233,F0595,A005,Economy,102.92,EUR,2025-09-28,travel_agency
B035614,P00527,F0628,A048,Economy,90.18,EUR,2025-09-28,website
B035615,P01218,F0533,A013,Economy,105.07,EUR,2025-09-28,travel_agency
B035616,P01587,F0634,A042,Economy,194.14,EUR,2025-09-28,website
B035617,P01090,F0170,A041,Economy,115.98,EUR,2025-09-28,mobile_app
B035618,P00998,F0660,A073,Economy,80.18,GBP,2025-09-28,mobile_app
B035619,P02174,F0541,A010,Economy,133.51,EUR,2025-09-28,website
B035620,P01927,F0442,A007,Economy,171.14,EUR,2025-09-28,call_center
B035621,P00524,F0482,A004,Economy,187.99,USD,2025-09-28,website
B035622,P01005,F0560,A023,First,2982.69,EUR,2025-09-28,travel_agency
B035623,P00796,F0544,A061,Business,989.67,EUR,2025-09-28,mobile_app
B035624,P01963,F0578,A018,Premium Economy,301.9,USD,2025-09-28,website
B035625,P01628,F0657,A007,Business,871.61,EUR,2025-09-28,mobile_app
B035626,P00682,F0601,A068,Economy,103.13,EUR,2025-09-28,travel_agency
B035627,P01271,F0517,A050,Economy,160.42,EUR,2025-09-28,website
B035628,P01630,F0607,A023,Economy,185.61,USD,2025-09-28,website
B035629,P01491,F0545,A042,Premium Economy,341.15,USD,2025-09-28,mobile_app
B035630,P00829,F0529,A005,Economy,184.78,USD,2025-09-28,travel_agency
B035631,P01806,F0515,A070,Economy,110.6,GBP,2025-09-28,call_center
B035632,P01928,F0588,A062,Economy,123.92,USD,2025-09-28,mobile_app
B035633,P01158,F0640,A038,Premium Economy,449.94,EUR,2025-09-28,website
B035634,P01771,F0589,A002,Economy,89.47,EUR,2025-09-28,website
B035635,P01736,F0503,A060,Economy,167.02,USD,2025-09-28,mobile_app
B035636,P00790,F0255,A061,Economy,95.04,EUR,2025-09-28,website
B035637,P01469,F0482,A004,Economy,125.32,USD,2025-09-28,website
B035638,P01279,F0260,A051,Economy,116.43,USD,2025-09-28,mobile_app
B035639,P00602,F0519,A075,First,2093.67,EUR,2025-09-28,website
B035640,P01856,F0170,A041,Economy,81.16,USD,2025-09-28,website
B035641,P00071,F0372,A063,Premium Economy,362.82,USD,2025-09-28,travel_agency
B035642,P01198,F0631,A015,Economy,116.93,USD,2025-09-28,website
B035643,P00283,F0662,A035,Economy,80.98,EUR,2025-09-28,call_center
B035644,P00983,F0642,A080,Premium Economy,228.55,EUR,2025-09-28,mobile_app
B035645,P01545,F0639,A076,Premium Economy,178.7,USD,2025-09-28,website
B035646,P01458,F0565,A006,Economy,177.75,EUR,2025-09-28,mobile_app
B035647,P00743,F0650,A041,Economy,167.2,EUR,2025-09-28,mobile_app
B035648,P00268,F0595,A005,Economy,142.67,EUR,2025-09-28,website
B035649,P01146,F0533,A013,Economy,151.37,EUR,2025-09-28,mobile_app
B035650,P00504,F0565,A006,Business,1165.26,EUR,2025-09-28,website
B035651,P01289,F0646,A046,Business,879.89,EUR,2025-09-28,website
B035652,P00743,F0260,A051,Economy,109.27,EUR,2025-09-28,website
B035653,P01988,F0640,A038,First,2393.81,GBP,2025-09-28,website
B035654,P00957,F0636,A013,Economy,102.87,EUR,2025-09-28,website
B035655,P00968,F0560,A023,Economy,81.91,USD,2025-09-28,website
B035656,P01989,F0564,A042,Premium Economy,265.5,GBP,2025-09-28,mobile_app
B035657,P01367,F0517,A050,Economy,182.91,EUR,2025-09-28,mobile_app
B035658,P00579,F0582,A010,Business,541.68,EUR,2025-09-28,website
B035659,P01316,F0648,A025,Economy,164.75,EUR,2025-09-28,website
B035660,P00534,F0066,A051,Economy,190.68,EUR,2025-09-28,website
B035661,P00470,F0470,A030,Economy,197.01,USD,2025-09-28,mobile_app
B035662,P00544,F0660,A073,Economy,166.03,GBP,2025-09-28,mobile_app
B035663,P02148,F0318,A010,Economy,163.91,USD,2025-09-28,travel_agency
B035664,P00589,F0486,A005,Economy,133.79,EUR,2025-09-28,mobile_app
B035665,P01094,F0644,A058,Economy,190.79,EUR,2025-09-28,website
B035666,P00285,F0625,A067,Economy,184.86,EUR,2025-09-28,mobile_app
B035667,P01803,F0119,A043,Economy,114.32,USD,2025-09-28,website
B035668,P01709,F0603,A062,Economy,166.74,EUR,2025-09-28,call_center
B035669,P01400,F0170,A041,Premium Economy,195.29,USD,2025-09-28,website
B035670,P01608,F0560,A023,Economy,178.83,EUR,2025-09-28,website
B035671,P01526,F0559,A018,Economy,110.22,USD,2025-09-28,website
B035672,P01504,F0537,A076,Premium Economy,278.59,USD,2025-09-28,mobile_app
B035673,P01165,F0630,A022,Economy,176.44,GBP,2025-09-28,website
B035674,P01837,F0628,A048,Economy,98.71,EUR,2025-09-28,website
B035675,P00127,F0026,A068,Economy,126.28,EUR,2025-09-28,website
B035676,P00973,F0523,A013,Premium Economy,211.58,USD,2025-09-28,call_center
B035677,P00662,F0470,A030,Premium Economy,413.81,EUR,2025-09-28,website
B035678,P00179,F0640,A038,Economy,115.08,USD,2025-09-28,mobile_app
B035679,P00509,F0593,A023,Economy,107.21,USD,2025-09-28,mobile_app
B035680,P02171,F0538,A003,Economy,187.6,USD,2025-09-28,mobile_app
B035681,P01522,F0575,A070,Economy,84.15,EUR,2025-09-28,call_center
B035682,P00134,F0515,A070,Economy,165.47,USD,2025-09-28,website
B035683,P01756,F0485,A022,Business,1044.26,EUR,2025-09-28,mobile_app
B035684,P02066,F0515,A070,Economy,193.59,USD,2025-09-28,travel_agency
B035685,P01458,F0255,A061,Economy,168.3,GBP,2025-09-28,call_center
B035686,P01723,F0297,A058,Economy,182.83,EUR,2025-09-28,website
B035687,P00796,F0260,A051,First,1164.88,USD,2025-09-28,website
B035688,P01107,F0196,A066,Premium Economy,359.56,USD,2025-09-28,call_center
B035689,P00848,F0401,A060,Premium Economy,215.55,EUR,2025-09-28,call_center
B035690,P00138,F0440,A033,Premium Economy,196.4,EUR,2025-09-28,mobile_app
B035691,P01102,F0470,A030,Economy,140.12,USD,2025-09-28,travel_agency
B035692,P01635,F0628,A048,Economy,144.69,USD,2025-09-28,mobile_app
B035693,P00866,F0255,A061,Economy,86.28,GBP,2025-09-28,website
B035694,P01459,F0578,A018,Economy,151.82,GBP,2025-09-28,mobile_app
B035695,P01485,F0255,A061,Economy,89.09,EUR,2025-09-28,website
B035696,P01633,F0318,A010,Business,1189.82,EUR,2025-09-28,website
B035697,P00223,F0557,A063,First,2872.91,EUR,2025-09-28,website
B035698,P00312,F0372,A063,Economy,84.54,USD,2025-09-28,call_center
B035699,P01210,F0638,A067,Economy,95.03,EUR,2025-09-28,mobile_app
B035700,P01395,F0516,A055,Economy,143.55,EUR,2025-09-28,mobile_app
B035701,P01267,F0551,A060,Business,662.97,USD,2025-09-28,website
B035702,P00647,F0601,A068,Economy,161.22,EUR,2025-09-28,mobile_app
B035703,P01465,F0638,A067,Business,951.25,EUR,2025-09-28,website
B035704,P01527,F0620,A055,Economy,87.97,GBP,2025-09-28,mobile_app
B035705,P00970,F0657,A007,Economy,130.16,GBP,2025-09-28,website
B035706,P01533,F0118,A020,Economy,191.45,EUR,2025-09-28,mobile_app
B035707,P00007,F0499,A030,Business,853.99,EUR,2025-09-28,mobile_app
B035708,P01557,F0660,A073,Economy,132.05,EUR,2025-09-28,website
B035709,P02184,F0537,A076,Economy,132.37,USD,2025-09-28,website
B035710,P00529,F0632,A079,Economy,177.46,USD,2025-09-28,website
B035711,P00391,F0653,A069,Premium Economy,187.79,EUR,2025-09-28,mobile_app
B035712,P01567,F0604,A016,Economy,143.18,EUR,2025-09-28,mobile_app
B035713,P00430,F0490,A075,Business,527.8,EUR,2025-09-28,travel_agency
B035714,P00735,F0579,A052,Economy,138.46,EUR,2025-09-28,mobile_app
B035715,P00907,F0608,A002,Economy,105.93,USD,2025-09-28,website
B035716,P00043,F0518,A025,Economy,117.9,GBP,2025-09-28,website
B035717,P00001,F0640,A038,Economy,139.13,EUR,2025-09-28,mobile_app
B035718,P00786,F0606,A004,Economy,172.59,EUR,2025-09-28,mobile_app
B035719,P01167,F0040,A021,Economy,117.37,EUR,2025-09-28,mobile_app
B035720,P01406,F0485,A022,Economy,197.34,EUR,2025-09-28,mobile_app
B035721,P00194,F0346,A044,Economy,187.04,GBP,2025-09-28,website
B035722,P00863,F0511,A035,Economy,140.46,USD,2025-09-28,mobile_app
B035723,P00788,F0557,A063,Economy,112.96,EUR,2025-09-28,travel_agency
B035724,P01215,F0527,A042,Economy,191.09,EUR,2025-09-28,mobile_app
B035725,P00206,F0577,A031,Premium Economy,265.9,EUR,2025-09-28,website
B035726,P01821,F0663,A062,Economy,91.18,EUR,2025-09-28,website
B035727,P00166,F0440,A033,Economy,146.82,GBP,2025-09-28,mobile_app
B035728,P02029,F0519,A075,Business,545.13,EUR,2025-09-28,website
B035729,P01962,F0639,A076,Economy,154.47,EUR,2025-09-28,website
B035730,P00839,F0618,A074,Economy,124.46,EUR,2025-09-28,call_center
B035731,P01226,F0626,A005,Economy,178.5,EUR,2025-09-28,website
B035732,P00055,F0605,A067,Economy,121.53,EUR,2025-09-28,website
B035733,P02123,F0622,A008,Economy,123.76,USD,2025-09-28,travel_agency
B035734,P01435,F0519,A075,First,2000.74,USD,2025-09-28,mobile_app
B035735,P02044,F0066,A051,Business,648.97,EUR,2025-09-28,mobile_app
B035736,P00649,F0545,A042,Economy,145.04,USD,2025-09-28,website
B035737,P00419,F0641,A055,Economy,85.97,USD,2025-09-28,mobile_app
B035738,P02099,F0297,A058,Economy,152.32,EUR,2025-09-28,mobile_app
B035739,P00704,F0490,A075,Business,1196.6,EUR,2025-09-28,mobile_app
B035740,P01949,F0633,A067,Premium Economy,432.49,USD,2025-09-28,mobile_app
B035741,P00186,F0514,A052,Economy,168.6,EUR,2025-09-28,mobile_app
B035742,P01118,F0644,A058,Economy,76.9,USD,2025-09-28,call_center
B035743,P00128,F0612,A078,Premium Economy,312.74,USD,2025-09-28,travel_agency
B035744,P00450,F0654,A038,Economy,79.89,USD,2025-09-28,website
B035745,P02106,F0590,A054,Economy,99.96,USD,2025-09-28,mobile_app
B035746,P01281,F0609,A005,Economy,173.79,EUR,2025-09-28,website
B035747,P00505,F0583,A077,Economy,130.84,EUR,2025-09-28,website
B035748,P01444,F0647,A069,Premium Economy,176.3,EUR,2025-09-28,mobile_app
B035749,P01732,F0589,A002,Premium Economy,232.01,EUR,2025-09-28,website
B035750,P01560,F0366,A066,Economy,79.35,EUR,2025-09-28,website
B035751,P02001,F0137,A039,Economy,117.0,EUR,2025-09-28,mobile_app
B035752,P00846,F0573,A031,Premium Economy,443.75,USD,2025-09-28,website
B035753,P01614,F0521,A014,Business,1161.69,EUR,2025-09-28,travel_agency
B035754,P00137,F0577,A031,Economy,91.22,EUR,2025-09-28,website
B035755,P01407,F0642,A080,Premium Economy,328.76,EUR,2025-09-28,mobile_app
B035756,P00108,F0660,A073,Economy,176.97,EUR,2025-09-28,website
B035757,P00343,F0655,A020,Premium Economy,399.02,EUR,2025-09-28,mobile_app
B035758,P00806,F0475,A069,Economy,112.64,EUR,2025-09-28,mobile_app
B035759,P01951,F0255,A061,Economy,106.63,GBP,2025-09-28,mobile_app
B035760,P00083,F0541,A010,Economy,95.38,EUR,2025-09-28,mobile_app
B035761,P02027,F0603,A062,Premium Economy,189.87,USD,2025-09-28,website
B035762,P01320,F0440,A033,Business,848.72,EUR,2025-09-28,mobile_app
B035763,P00558,F0515,A070,Premium Economy,376.97,USD,2025-09-28,website
B035764,P00641,F0518,A025,Economy,77.9,USD,2025-09-28,call_center
B035765,P01509,F0640,A038,Economy,101.18,USD,2025-09-28,website
B035766,P02198,F0513,A033,Economy,144.63,USD,2025-09-28,website
B035767,P00481,F0579,A052,Economy,151.69,EUR,2025-09-28,website
B035768,P00147,F0656,A081,Economy,124.89,USD,2025-09-28,mobile_app
B035769,P00317,F0550,A073,Economy,141.43,EUR,2025-09-28,website
B035770,P00598,F0527,A042,Business,1107.08,EUR,2025-09-28,travel_agency
B035771,P00494,F0581,A031,Economy,156.52,EUR,2025-09-28,website
B035772,P02066,F0661,A031,Premium Economy,463.92,EUR,2025-09-28,mobile_app
B035773,P01458,F0609,A005,Economy,148.68,GBP,2025-09-28,website
B035774,P01882,F0561,A037,Premium Economy,347.38,EUR,2025-09-28,travel_agency
B035775,P01851,F0260,A051,Business,682.54,EUR,2025-09-28,travel_agency
B035776,P01542,F0615,A077,Economy,88.0,USD,2025-09-28,call_center
B035777,P00689,F0372,A063,Economy,163.08,GBP,2025-09-28,mobile_app
B035778,P01236,F0112,A065,Economy,138.07,EUR,2025-09-28,travel_agency
B035779,P00905,F0588,A062,Economy,177.43,EUR,2025-09-28,website
B035780,P00846,F0118,A020,Economy,171.72,EUR,2025-09-28,travel_agency
B035781,P02177,F0599,A047,Premium Economy,414.87,EUR,2025-09-28,website
B035782,P00890,F0255,A061,Economy,115.2,EUR,2025-09-28,mobile_app
B035783,P01966,F0579,A052,Economy,83.74,EUR,2025-09-28,mobile_app
B035784,P01399,F0401,A060,Economy,89.52,EUR,2025-09-28,travel_agency
B035785,P00800,F0644,A058,Economy,161.68,EUR,2025-09-28,website
B035786,P01088,F0565,A006,Business,807.73,GBP,2025-09-28,website
B035787,P01136,F0577,A031,Economy,179.03,GBP,2025-09-28,call_center
B035788,P01227,F0158,A072,Economy,93.96,EUR,2025-09-28,travel_agency
B035789,P01087,F0040,A021,Economy,197.16,EUR,2025-09-28,travel_agency
B035790,P01174,F0583,A077,Economy,153.65,EUR,2025-09-28,call_center
B035791,P00274,F0529,A005,Economy,107.71,USD,2025-09-28,travel_agency
B035792,P02063,F0646,A046,Economy,140.07,USD,2025-09-28,website
B035793,P00043,F0010,A001,Economy,72.38,USD,2025-09-28,website
B035794,P01119,F0470,A030,Business,564.28,USD,2025-09-28,mobile_app
B035795,P01287,F0531,A020,Economy,102.31,EUR,2025-09-28,website
B035796,P02175,F0620,A055,Economy,131.49,EUR,2025-09-28,website
B035797,P01111,F0654,A038,Economy,93.78,EUR,2025-09-28,mobile_app
B035798,P01151,F0515,A070,Economy,131.43,EUR,2025-09-28,travel_agency
B035799,P00020,F0500,A026,Economy,148.84,USD,2025-09-28,call_center
B035800,P00831,F0226,A012,Economy,83.24,EUR,2025-09-28,website
B035801,P00097,F0170,A041,Premium Economy,254.52,USD,2025-09-28,website
B035802,P01436,F0647,A069,Economy,82.03,USD,2025-09-28,travel_agency
B035803,P01625,F0556,A042,Economy,138.5,EUR,2025-09-28,website
B035804,P00015,F0388,A008,Business,832.82,EUR,2025-09-28,travel_agency
B035805,P00863,F0643,A066,Economy,171.47,EUR,2025-09-28,call_center
B035806,P00134,F0118,A020,Economy,148.55,GBP,2025-09-28,website
B035807,P00316,F0578,A018,Economy,96.58,GBP,2025-09-28,mobile_app
B035808,P01275,F0118,A020,Economy,141.27,EUR,2025-09-28,call_center
B035809,P00901,F0564,A042,Business,1011.82,USD,2025-09-28,website
B035810,P00567,F0556,A042,Premium Economy,257.9,USD,2025-09-28,website
B035811,P00602,F0599,A047,Premium Economy,309.63,EUR,2025-09-28,website
B035812,P00379,F0637,A080,Premium Economy,313.31,GBP,2025-09-28,call_center
B035813,P00556,F0633,A067,Business,687.61,USD,2025-09-28,website
B035814,P00199,F0516,A055,Economy,136.93,USD,2025-09-28,website
B035815,P02087,F0517,A050,Economy,75.46,GBP,2025-09-28,website
B035816,P00440,F0564,A042,Economy,131.32,USD,2025-09-28,travel_agency
B035817,P00382,F0119,A043,Economy,196.34,GBP,2025-09-28,website
B035818,P00505,F0589,A002,Economy,145.15,EUR,2025-09-28,mobile_app
B035819,P01736,F0503,A060,Economy,170.44,EUR,2025-09-28,website
B035820,P01518,F0173,A040,Premium Economy,291.93,USD,2025-09-28,call_center
B035821,P01965,F0646,A046,Premium Economy,318.24,EUR,2025-09-28,website
B035822,P00680,F0618,A074,Economy,132.17,EUR,2025-09-28,website
B035823,P01130,F0118,A020,Business,993.88,EUR,2025-09-28,website
B035824,P01492,F0541,A010,Business,1010.53,USD,2025-09-28,call_center
B035825,P00307,F0658,A034,Economy,96.69,USD,2025-09-28,website
B035826,P00637,F0173,A040,Premium Economy,391.15,USD,2025-09-28,website
B035827,P01816,F0561,A037,Economy,130.58,EUR,2025-09-28,mobile_app
B035828,P00576,F0611,A012,Economy,132.39,EUR,2025-09-28,website
B035829,P00366,F0401,A060,Premium Economy,466.16,GBP,2025-09-28,mobile_app
B035830,P01418,F0486,A005,Premium Economy,468.51,USD,2025-09-28,call_center
B035831,P01325,F0444,A046,First,1733.39,GBP,2025-09-28,call_center
B035832,P00985,F0651,A032,Economy,185.82,USD,2025-09-28,website
B035833,P02104,F0288,A015,Business,957.7,USD,2025-09-28,website
B035834,P01641,F0566,A040,Premium Economy,206.45,EUR,2025-09-28,website
B035835,P01970,F0600,A062,Economy,123.03,GBP,2025-09-28,website
B035836,P02154,F0561,A037,First,2981.74,EUR,2025-09-28,website
B035837,P00153,F0118,A020,Economy,140.68,EUR,2025-09-28,website
B035838,P00385,F0588,A062,First,2203.34,EUR,2025-09-28,website
B035839,P00090,F0372,A063,Economy,157.46,EUR,2025-09-28,website
B035840,P00858,F0659,A021,Economy,120.6,USD,2025-09-28,mobile_app
B035841,P00699,F0592,A057,Economy,184.01,EUR,2025-09-28,mobile_app
B035842,P01043,F0515,A070,Economy,81.95,EUR,2025-09-28,website
B035843,P01266,F0599,A047,Economy,152.95,USD,2025-09-28,mobile_app
B035844,P00868,F0566,A040,Economy,179.76,USD,2025-09-28,call_center
B035845,P00339,F0612,A078,Economy,131.78,USD,2025-09-28,mobile_app
B035846,P02139,F0549,A041,Business,1040.97,EUR,2025-09-28,website
B035847,P00608,F0444,A046,Economy,85.7,GBP,2025-09-28,website
B035848,P02014,F0478,A053,Economy,98.84,EUR,2025-09-28,travel_agency
B035849,P00425,F0573,A031,Premium Economy,421.27,GBP,2025-09-28,website
B035850,P00725,F0618,A074,Economy,142.16,GBP,2025-09-28,mobile_app
B035851,P01129,F0518,A025,Economy,165.97,USD,2025-09-28,mobile_app
B035852,P01716,F0255,A061,Premium Economy,208.9,USD,2025-09-28,travel_agency
B035853,P00529,F0656,A081,Economy,177.01,EUR,2025-09-28,website
B035854,P00474,F0117,A057,Economy,181.44,USD,2025-09-28,website
B035855,P01737,F0533,A013,First,2618.13,GBP,2025-09-28,travel_agency
B035856,P01070,F0119,A043,Economy,140.71,USD,2025-09-28,website
B035857,P01134,F0527,A042,Economy,74.72,USD,2025-09-28,travel_agency
B035858,P02083,F0639,A076,Economy,78.04,EUR,2025-09-28,mobile_app
B035859,P01432,F0572,A071,Economy,153.57,USD,2025-09-28,mobile_app
B035860,P01248,F0598,A001,Economy,163.14,USD,2025-09-28,mobile_app
B035861,P00456,F0559,A018,Economy,106.65,GBP,2025-09-28,website
B035862,P00482,F0659,A021,Premium Economy,228.43,EUR,2025-09-28,mobile_app
B035863,P01220,F0040,A021,Business,578.13,EUR,2025-09-28,website
B035864,P01320,F0625,A067,Economy,148.14,GBP,2025-09-28,website
B035865,P01201,F0401,A060,Economy,126.46,USD,2025-09-28,website
B035866,P00518,F0619,A038,Economy,194.82,EUR,2025-09-28,mobile_app
B035867,P00240,F0639,A076,Economy,119.64,GBP,2025-09-28,travel_agency
B035868,P00027,F0528,A054,Business,566.65,USD,2025-09-28,website
B035869,P00231,F0613,A021,Economy,143.19,USD,2025-09-28,mobile_app
B035870,P00022,F0521,A014,Economy,151.1,EUR,2025-09-28,mobile_app
B035871,P00351,F0583,A077,Economy,98.06,GBP,2025-09-28,mobile_app
B035872,P01615,F0603,A062,First,2363.63,USD,2025-09-28,travel_agency
B035873,P01495,F0493,A012,Economy,125.26,USD,2025-09-28,travel_agency
B035874,P00847,F0582,A010,Business,1070.49,GBP,2025-09-28,travel_agency
B035875,P02095,F0651,A032,Economy,118.53,USD,2025-09-28,mobile_app
B035876,P02108,F0602,A044,Economy,140.73,USD,2025-09-28,travel_agency
B035877,P00373,F0226,A012,Economy,89.83,EUR,2025-09-28,mobile_app
B035878,P01167,F0475,A069,Economy,162.53,EUR,2025-09-28,website
B035879,P00488,F0318,A010,Economy,91.41,USD,2025-09-28,website
B035880,P00908,F0440,A033,Economy,99.89,EUR,2025-09-28,website
B035881,P01035,F0545,A042,Economy,168.68,USD,2025-09-28,call_center
B035882,P01071,F0372,A063,Economy,167.64,USD,2025-09-28,mobile_app
B035883,P01962,F0628,A048,Business,1125.58,USD,2025-09-28,website
B035884,P01501,F0497,A074,Economy,116.92,USD,2025-09-28,website
B035885,P00045,F0631,A015,Premium Economy,374.39,EUR,2025-09-28,travel_agency
B035886,P01848,F0538,A003,Economy,82.57,USD,2025-09-28,travel_agency
B035887,P02131,F0503,A060,Business,912.86,GBP,2025-09-28,website
B035888,P01200,F0527,A042,Economy,154.93,USD,2025-09-28,mobile_app
B035889,P01490,F0649,A046,Economy,175.22,USD,2025-09-28,website
B035890,P00445,F0612,A078,Economy,171.64,USD,2025-09-28,website
B035891,P00135,F0470,A030,Economy,173.09,EUR,2025-09-28,call_center
B035892,P00734,F0640,A038,Economy,136.38,EUR,2025-09-28,mobile_app
B035893,P00447,F0660,A073,Premium Economy,349.37,EUR,2025-09-28,website
B035894,P02175,F0545,A042,Economy,177.43,GBP,2025-09-28,travel_agency
B035895,P00669,F0599,A047,Economy,191.58,EUR,2025-09-28,travel_agency
B035896,P02127,F0516,A055,Premium Economy,187.47,EUR,2025-09-28,mobile_app
B035897,P01787,F0641,A055,Premium Economy,383.86,GBP,2025-09-28,travel_agency
B035898,P01077,F0581,A031,Premium Economy,185.54,GBP,2025-09-28,website
B035899,P02007,F0514,A052,Economy,143.95,EUR,2025-09-28,travel_agency
B035900,P00676,F0173,A040,Economy,111.91,EUR,2025-09-28,mobile_app
B035901,P01538,F0483,A073,Economy,90.23,USD,2025-09-28,website
B035902,P00824,F0641,A055,Economy,77.35,USD,2025-09-28,website
B035903,P02059,F0040,A021,Economy,156.1,GBP,2025-09-28,mobile_app
B035904,P00221,F0566,A040,Economy,174.46,USD,2025-09-28,website
B035905,P01970,F0491,A017,Economy,181.55,GBP,2025-09-28,travel_agency
B035906,P00668,F0490,A075,Business,1174.54,USD,2025-09-28,call_center
B035907,P01691,F0591,A063,Economy,86.57,EUR,2025-09-28,website
B035908,P01146,F0590,A054,Economy,89.9,EUR,2025-09-28,travel_agency
B035909,P01621,F0658,A034,Economy,97.9,USD,2025-09-28,mobile_app
B035910,P02172,F0639,A076,Economy,158.58,EUR,2025-09-28,website
B035911,P00940,F0372,A063,Economy,96.39,EUR,2025-09-28,website
B035912,P02084,F0559,A018,Business,1404.51,EUR,2025-09-28,website
B035913,P00303,F0527,A042,Premium Economy,338.2,EUR,2025-09-28,mobile_app
B035914,P00889,F0381,A013,Economy,138.06,USD,2025-09-28,mobile_app
B035915,P00953,F0372,A063,Economy,128.01,GBP,2025-09-28,website
B035916,P02192,F0661,A031,Economy,139.59,EUR,2025-09-28,mobile_app
B035917,P01865,F0567,A060,Economy,113.87,USD,2025-09-28,website
B035918,P00367,F0585,A030,Premium Economy,202.22,USD,2025-09-28,website
B035919,P01457,F0627,A025,Economy,133.09,EUR,2025-09-28,mobile_app
B035920,P00880,F0601,A068,Economy,79.12,USD,2025-09-28,website
B035921,P01311,F0112,A065,Economy,117.51,USD,2025-09-28,website
B035922,P02017,F0580,A004,Premium Economy,444.44,USD,2025-09-28,mobile_app
B035923,P01764,F0397,A074,Economy,124.74,EUR,2025-09-28,mobile_app
B035924,P00095,F0560,A023,Economy,190.63,GBP,2025-09-28,website
B035925,P00429,F0519,A075,Economy,101.64,EUR,2025-09-28,mobile_app
B035926,P00344,F0401,A060,Economy,164.26,EUR,2025-09-28,travel_agency
B035927,P01722,F0589,A002,Premium Economy,214.67,USD,2025-09-28,travel_agency
B035928,P01306,F0514,A052,Premium Economy,237.26,GBP,2025-09-28,website
B035929,P01049,F0652,A018,Economy,134.28,EUR,2025-09-28,website
B035930,P00763,F0158,A072,Economy,123.22,GBP,2025-09-28,mobile_app
B035931,P00026,F0500,A026,Premium Economy,313.33,EUR,2025-09-28,mobile_app
B035932,P00800,F0576,A078,Economy,109.33,USD,2025-09-28,mobile_app
B035933,P00507,F0563,A061,Business,1020.8,EUR,2025-09-28,mobile_app
B035934,P02080,F0605,A067,Business,676.71,USD,2025-09-28,mobile_app
B035935,P01122,F0112,A065,Premium Economy,406.81,GBP,2025-09-28,website
B035936,P00524,F0346,A044,Economy,188.47,EUR,2025-09-28,call_center
B035937,P01145,F0602,A044,Premium Economy,381.5,EUR,2025-09-28,mobile_app
B035938,P01161,F0541,A010,Business,1428.8,USD,2025-09-28,call_center
B035939,P01589,F0483,A073,Economy,197.34,USD,2025-09-28,website
B035940,P00081,F0536,A069,Economy,193.64,USD,2025-09-28,travel_agency
B035941,P01587,F0611,A012,Premium Economy,365.1,USD,2025-09-28,travel_agency
B035942,P00183,F0401,A060,Economy,102.23,USD,2025-09-28,mobile_app
B035943,P00333,F0565,A006,Economy,95.36,EUR,2025-09-28,travel_agency
B035944,P01811,F0571,A002,Business,949.69,EUR,2025-09-28,mobile_app
B035945,P01821,F0578,A018,Economy,126.78,EUR,2025-09-28,website
B035946,P00379,F0511,A035,Premium Economy,418.21,USD,2025-09-28,travel_agency
B035947,P00328,F0657,A007,Economy,94.13,USD,2025-09-28,travel_agency
B035948,P02007,F0648,A025,Economy,83.03,GBP,2025-09-28,mobile_app
B035949,P01693,F0137,A039,Economy,110.07,USD,2025-09-28,website
B035950,P01857,F0652,A018,Economy,103.28,EUR,2025-09-28,website
B035951,P01904,F0117,A057,Economy,175.0,USD,2025-09-28,mobile_app
B035952,P00059,F0556,A042,Economy,186.63,USD,2025-09-28,website
B035953,P01093,F0604,A016,Economy,84.97,EUR,2025-09-28,travel_agency
B035954,P00403,F0578,A018,Economy,170.03,EUR,2025-09-28,call_center
B035955,P01650,F0535,A001,Economy,91.93,USD,2025-09-28,travel_agency
B035956,P00938,F0588,A062,Economy,95.06,EUR,2025-09-28,website
B035957,P01309,F0575,A070,Economy,83.82,EUR,2025-09-28,mobile_app
B035958,P00990,F0646,A046,Economy,90.73,EUR,2025-09-28,mobile_app
B035959,P00800,F0346,A044,Economy,72.31,USD,2025-09-28,website
B035960,P01640,F0616,A049,Economy,178.39,EUR,2025-09-28,mobile_app
B035961,P00118,F0465,A019,Economy,174.08,USD,2025-09-28,travel_agency
B035962,P01300,F0609,A005,Business,1210.14,USD,2025-09-28,website
B035963,P01751,F0346,A044,Premium Economy,218.97,USD,2025-09-28,mobile_app
B035964,P01950,F0118,A020,Premium Economy,229.1,USD,2025-09-28,call_center
B035965,P00187,F0610,A081,First,1843.23,EUR,2025-09-28,website
B035966,P00802,F0560,A023,Premium Economy,266.28,EUR,2025-09-28,website
B035967,P01641,F0616,A049,Economy,106.58,EUR,2025-09-28,website
B035968,P00200,F0137,A039,Economy,182.41,GBP,2025-09-28,travel_agency
B035969,P00261,F0066,A051,Economy,130.74,GBP,2025-09-28,travel_agency
B035970,P02139,F0607,A023,Business,1127.86,EUR,2025-09-28,mobile_app
B035971,P00853,F0599,A047,Economy,76.68,EUR,2025-09-28,website
B035972,P00815,F0636,A013,Economy,160.91,EUR,2025-09-28,website
B035973,P01372,F0196,A066,Economy,120.46,GBP,2025-09-28,mobile_app
B035974,P00189,F0442,A007,Economy,111.33,EUR,2025-09-28,website
B035975,P01768,F0465,A019,Economy,78.7,EUR,2025-09-28,mobile_app
B035976,P00567,F0623,A068,Economy,176.89,EUR,2025-09-28,website
B035977,P01418,F0563,A061,Premium Economy,237.68,GBP,2025-09-28,website
B035978,P00928,F0196,A066,Economy,72.55,USD,2025-09-28,website
B035979,P01757,F0602,A044,Premium Economy,228.16,USD,2025-09-28,website
B035980,P02085,F0226,A012,Economy,134.74,GBP,2025-09-28,website
B035981,P00398,F0500,A026,Economy,125.84,EUR,2025-09-28,travel_agency
B035982,P01735,F0661,A031,Economy,100.01,EUR,2025-09-28,mobile_app
B035983,P00947,F0577,A031,Economy,176.66,USD,2025-09-28,website
B035984,P01446,F0381,A013,Economy,163.82,USD,2025-09-28,website
B035985,P00322,F0026,A068,Economy,138.47,USD,2025-09-28,call_center
B035986,P00056,F0486,A005,Business,588.49,EUR,2025-09-28,website
B035987,P01601,F0346,A044,Economy,185.45,EUR,2025-09-28,travel_agency
B035988,P00912,F0648,A025,Business,1377.75,USD,2025-09-28,website
B035989,P01813,F0503,A060,Premium Economy,337.85,USD,2025-09-28,website
B035990,P01311,F0565,A006,Premium Economy,420.75,USD,2025-09-28,mobile_app
B035991,P00358,F0196,A066,Economy,161.1,USD,2025-09-28,travel_agency
B035992,P02113,F0654,A038,Business,886.29,EUR,2025-09-28,mobile_app
B035993,P00416,F0590,A054,Economy,113.86,USD,2025-09-28,mobile_app
B035994,P01391,F0565,A006,Economy,175.26,GBP,2025-09-28,travel_agency
B035995,P00250,F0649,A046,Premium Economy,182.01,GBP,2025-09-28,website
B035996,P00589,F0637,A080,Economy,141.07,USD,2025-09-28,website
B035997,P00362,F0602,A044,Economy,124.35,USD,2025-09-28,website
B035998,P00393,F0641,A055,Economy,85.15,USD,2025-09-28,mobile_app
B035999,P00913,F0655,A020,Premium Economy,243.49,USD,2025-09-28,website
B036000,P01901,F0579,A052,Economy,90.25,USD,2025-09-28,mobile_app
B036001,P01828,F0620,A055,Economy,104.49,EUR,2025-09-28,website
B036002,P02086,F0534,A076,First,1677.81,EUR,2025-09-28,website
B036003,P01725,F0625,A067,Business,1361.79,EUR,2025-09-28,website
B036004,P02153,F0652,A018,Business,1091.76,EUR,2025-09-28,mobile_app
B036005,P01571,F0388,A008,Economy,141.83,EUR,2025-09-28,website
B036006,P01376,F0633,A067,Economy,197.99,EUR,2025-09-28,mobile_app
B036007,P00887,F0545,A042,Premium Economy,337.0,EUR,2025-09-28,website
B036008,P00449,F0658,A034,Economy,169.76,USD,2025-09-28,website
B036009,P01485,F0609,A005,Premium Economy,299.26,USD,2025-09-28,travel_agency
B036010,P01419,F0608,A002,Economy,192.75,EUR,2025-09-28,website
B036011,P00210,F0528,A054,Economy,143.11,USD,2025-09-28,travel_agency
B036012,P00146,F0026,A068,Economy,186.59,GBP,2025-09-28,mobile_app
B036013,P00426,F0535,A001,Economy,172.21,USD,2025-09-28,mobile_app
B036014,P01347,F0596,A066,First,2352.67,USD,2025-09-28,website
B036015,P00707,F0625,A067,Economy,173.4,EUR,2025-09-28,website
B036016,P01574,F0618,A074,Premium Economy,289.75,GBP,2025-09-28,mobile_app
B036017,P01758,F0618,A074,Economy,179.07,EUR,2025-09-28,website
B036018,P00261,F0637,A080,Economy,75.41,USD,2025-09-28,travel_agency
B036019,P00139,F0636,A013,Economy,194.61,EUR,2025-09-28,travel_agency
B036020,P02042,F0040,A021,Premium Economy,247.68,USD,2025-09-28,website
B036021,P01978,F0372,A063,Premium Economy,427.04,EUR,2025-09-28,mobile_app
B036022,P00574,F0618,A074,Economy,86.34,EUR,2025-09-28,website
B036023,P00989,F0442,A007,Economy,193.94,USD,2025-09-28,mobile_app
B036024,P00364,F0628,A048,Economy,145.62,EUR,2025-09-28,website
B036025,P00920,F0557,A063,Economy,136.61,USD,2025-09-28,mobile_app
B036026,P00883,F0518,A025,Economy,195.17,GBP,2025-09-28,website
B036027,P00769,F0608,A002,Premium Economy,286.48,USD,2025-09-28,call_center
B036028,P01255,F0643,A066,Economy,142.79,USD,2025-09-28,call_center
B036029,P01985,F0636,A013,Premium Economy,373.43,EUR,2025-09-28,travel_agency
B036030,P01443,F0442,A007,Economy,160.94,GBP,2025-09-28,website
B036031,P01239,F0632,A079,Economy,139.12,GBP,2025-09-28,website
B036032,P02043,F0117,A057,Economy,77.66,EUR,2025-09-28,travel_agency
B036033,P01289,F0594,A062,Economy,94.73,EUR,2025-09-28,website
B036034,P00678,F0226,A012,Economy,94.44,EUR,2025-09-28,call_center
B036035,P01212,F0643,A066,Premium Economy,326.66,EUR,2025-09-28,travel_agency
B036036,P00351,F0625,A067,Premium Economy,355.65,GBP,2025-09-28,website
B036037,P01154,F0523,A013,Economy,187.28,USD,2025-09-28,website
B036038,P01102,F0557,A063,Economy,135.33,EUR,2025-09-28,mobile_app
B036039,P00558,F0647,A069,Business,1274.39,GBP,2025-09-28,website
B036040,P01991,F0004,A075,Economy,171.76,EUR,2025-09-28,website
B036041,P00891,F0519,A075,Economy,97.65,USD,2025-09-28,travel_agency
B036042,P00677,F0611,A012,Premium Economy,260.48,EUR,2025-09-28,website
B036043,P00929,F0491,A017,Economy,165.47,USD,2025-09-28,website
B036044,P00982,F0572,A071,Premium Economy,461.44,EUR,2025-09-28,travel_agency
B036045,P00474,F0529,A005,Economy,92.77,GBP,2025-09-28,travel_agency
B036046,P02190,F0559,A018,Economy,111.52,USD,2025-09-28,travel_agency
B036047,P00141,F0519,A075,Economy,124.23,USD,2025-09-28,travel_agency
B036048,P02076,F0517,A050,Economy,123.07,EUR,2025-09-28,website
B036049,P01357,F0595,A005,Economy,112.18,USD,2025-09-28,website
B036050,P01856,F0581,A031,Economy,157.36,EUR,2025-09-28,travel_agency
B036051,P01366,F0618,A074,Economy,85.13,EUR,2025-09-28,website
B036052,P02099,F0618,A074,Business,941.93,EUR,2025-09-28,website
B036053,P01905,F0658,A034,Economy,128.65,EUR,2025-09-28,mobile_app
B036054,P01998,F0561,A037,Economy,74.56,GBP,2025-09-28,mobile_app
B036055,P01150,F0620,A055,Business,686.28,GBP,2025-09-28,travel_agency
B036056,P01983,F0583,A077,Economy,121.44,USD,2025-09-28,website
B036057,P01077,F0641,A055,Premium Economy,384.83,USD,2025-09-28,website
B036058,P00281,F0491,A017,Premium Economy,272.32,EUR,2025-09-28,website
B036059,P01782,F0628,A048,Business,1261.22,USD,2025-09-28,website
B036060,P02126,F0646,A046,Premium Economy,196.64,EUR,2025-09-28,website
B036061,P01660,F0663,A062,Business,1072.23,EUR,2025-09-28,website
B036062,P01099,F0523,A013,Business,600.99,EUR,2025-09-28,website
B036063,P00144,F0661,A031,Premium Economy,425.34,USD,2025-09-28,mobile_app
B036064,P01075,F0598,A001,Economy,118.0,USD,2025-09-28,website
B036065,P01931,F0579,A052,Economy,189.58,USD,2025-09-28,travel_agency
B036066,P01594,F0300,A032,Business,661.9,USD,2025-09-28,mobile_app
B036067,P01472,F0581,A031,Economy,169.78,USD,2025-09-28,website
B036068,P00854,F0576,A078,Premium Economy,328.78,USD,2025-09-28,website
B036069,P01310,F0657,A007,Premium Economy,381.12,EUR,2025-09-28,website
B036070,P00512,F0511,A035,Economy,76.41,USD,2025-09-28,mobile_app
B036071,P00437,F0316,A073,Economy,75.05,USD,2025-09-28,mobile_app
B036072,P00029,F0600,A062,Economy,82.04,USD,2025-09-28,travel_agency
B036073,P00508,F0260,A051,Economy,94.7,USD,2025-09-28,website
B036074,P00678,F0607,A023,Economy,124.18,GBP,2025-09-28,mobile_app
B036075,P01755,F0607,A023,Economy,189.05,USD,2025-09-28,mobile_app
B036076,P00889,F0630,A022,Economy,152.56,EUR,2025-09-28,mobile_app
B036077,P01750,F0503,A060,Economy,164.77,EUR,2025-09-28,travel_agency
B036078,P01032,F0602,A044,Premium Economy,480.67,EUR,2025-09-28,travel_agency
B036079,P02196,F0010,A001,Premium Economy,424.75,EUR,2025-09-28,mobile_app
B036080,P00695,F0637,A080,Economy,82.39,EUR,2025-09-28,mobile_app
B036081,P01011,F0529,A005,Economy,194.79,USD,2025-09-28,website
B036082,P01260,F0579,A052,Business,792.43,USD,2025-09-28,website
B036083,P01742,F0594,A062,Economy,165.48,EUR,2025-09-28,mobile_app
B036084,P00161,F0654,A038,Premium Economy,455.04,EUR,2025-09-28,travel_agency
B036085,P00308,F0470,A030,Economy,186.71,USD,2025-09-28,website
B036086,P00659,F0663,A062,Economy,77.79,USD,2025-09-28,website
B036087,P01210,F0563,A061,Business,747.39,USD,2025-09-28,travel_agency
B036088,P02177,F0486,A005,Economy,112.35,USD,2025-09-28,mobile_app
B036089,P01543,F0491,A017,Premium Economy,199.06,EUR,2025-09-28,mobile_app
B036090,P01008,F0577,A031,Economy,151.58,EUR,2025-09-28,mobile_app
