booking_id,passenger_id,flight_id,airport_id,seat_class,amount,currency,booking_date,booking_channel
B001619,P00778,F0203,A019,Economy,86.44,GBP,2025-09-02,mobile_app
B001620,P01765,F0335,A076,Economy,142.32,USD,2025-09-02,mobile_app
B001621,P01109,F0203,A019,Economy,82.54,EUR,2025-09-02,website
B001622,P00127,F0423,A012,Economy,187.58,EUR,2025-09-02,mobile_app
B001623,P01301,F0168,A056,Economy,190.87,USD,2025-09-02,travel_agency
B001624,P00863,F0418,A043,Economy,170.66,USD,2025-09-02,mobile_app
B001625,P00634,F0072,A014,Economy,123.49,GBP,2025-09-02,website
B001626,P00072,F0359,A029,Premium Economy,177.12,USD,2025-09-02,call_center
B001627,P00828,F0241,A051,Business,1353.56,EUR,2025-09-02,travel_agency
B001628,P01508,F0145,A004,Business,1055.38,EUR,2025-09-02,website
B001629,P00095,F0011,A008,Business,916.68,GBP,2025-09-02,mobile_app
B001630,P00152,F0222,A018,Economy,73.64,USD,2025-09-02,travel_agency
B001631,P01439,F0156,A046,Business,602.17,USD,2025-09-02,call_center
B001632,P00004,F0118,A020,First,2703.22,USD,2025-09-02,website
B001633,P01199,F0325,A058,Premium Economy,258.81,USD,2025-09-02,website
B001634,P01571,F0325,A058,Economy,142.77,EUR,2025-09-02,website
B001635,P00289,F0105,A042,Economy,119.62,USD,2025-09-02,mobile_app
B001636,P01230,F0213,A078,Economy,129.85,EUR,2025-09-02,website
B001637,P01053,F0228,A067,Economy,185.11,USD,2025-09-02,mobile_app
B001638,P00981,F0362,A014,Premium Economy,416.73,EUR,2025-09-02,website
B001639,P00744,F0311,A023,Economy,129.15,EUR,2025-09-02,mobile_app
B001640,P01205,F0199,A061,Economy,101.83,EUR,2025-09-02,website
B001641,P01552,F0227,A053,Business,1419.31,EUR,2025-09-02,call_center
B001642,P01689,F0275,A016,Economy,181.96,EUR,2025-09-02,website
B001643,P00012,F0042,A026,Economy,167.89,GBP,2025-09-02,mobile_app
B001644,P01593,F0073,A026,Business,939.5,EUR,2025-09-02,website
B001645,P00923,F0062,A008,Economy,108.64,EUR,2025-09-02,mobile_app
B001646,P01221,F0257,A034,Economy,95.29,EUR,2025-09-02,mobile_app
B001647,P00575,F0342,A051,Economy,83.58,USD,2025-09-02,website
B001648,P00363,F0072,A014,Economy,92.5,USD,2025-09-02,mobile_app
B001649,P00908,F0270,A044,Economy,78.73,USD,2025-09-02,call_center
B001650,P00751,F0138,A013,Premium Economy,258.05,EUR,2025-09-02,travel_agency
B001651,P00764,F0182,A023,Premium Economy,325.72,USD,2025-09-02,website
B001652,P00006,F0415,A013,Economy,178.46,EUR,2025-09-02,travel_agency
B001653,P00001,F0193,A074,Economy,161.5,EUR,2025-09-02,mobile_app
B001654,P00450,F0033,A014,Economy,188.59,GBP,2025-09-02,website
B001655,P00433,F0028,A011,Economy,176.24,EUR,2025-09-02,travel_agency
B001656,P01134,F0092,A080,Economy,148.99,GBP,2025-09-02,travel_agency
B001657,P00183,F0146,A034,Economy,133.17,USD,2025-09-02,travel_agency
B001658,P01398,F0272,A032,Economy,104.99,EUR,2025-09-02,website
B001659,P01098,F0220,A015,Economy,188.45,USD,2025-09-02,website
B001660,P01598,F0254,A054,Economy,116.28,USD,2025-09-02,mobile_app
B001661,P01164,F0031,A065,Economy,118.85,EUR,2025-09-02,website
B001662,P00224,F0245,A050,Business,1412.76,USD,2025-09-02,website
B001663,P01790,F0224,A047,Economy,77.5,EUR,2025-09-02,call_center
B001664,P01669,F0422,A018,Economy,143.76,EUR,2025-09-02,website
B001665,P01203,F0038,A056,Premium Economy,272.68,EUR,2025-09-02,call_center
B001666,P01687,F0134,A072,Business,1419.06,EUR,2025-09-02,mobile_app
B001667,P01444,F0418,A043,Economy,113.23,EUR,2025-09-02,travel_agency
B001668,P01056,F0074,A077,Premium Economy,320.24,USD,2025-09-02,mobile_app
B001669,P01206,F0217,A057,Economy,104.39,GBP,2025-09-02,travel_agency
B001670,P00181,F0217,A057,Business,1393.0,USD,2025-09-02,mobile_app
B001671,P00415,F0074,A077,First,2697.36,USD,2025-09-02,website
B001672,P00145,F0410,A018,Premium Economy,186.94,EUR,2025-09-02,website
B001673,P01238,F0412,A016,Economy,122.81,USD,2025-09-02,website
B001674,P01793,F0154,A061,Economy,170.74,USD,2025-09-02,website
B001675,P01675,F0276,A059,Premium Economy,250.52,GBP,2025-09-02,website
B001676,P01753,F0279,A022,Economy,106.4,USD,2025-09-02,website
B001677,P01192,F0226,A012,Economy,141.04,GBP,2025-09-02,call_center
B001678,P01018,F0156,A046,Business,697.66,EUR,2025-09-02,website
B001679,P01621,F0119,A043,Economy,186.38,GBP,2025-09-02,website
B001680,P00678,F0072,A014,Economy,114.08,EUR,2025-09-02,website
B001681,P00806,F0144,A077,Premium Economy,286.91,USD,2025-09-02,website
B001682,P00327,F0192,A037,First,1523.74,EUR,2025-09-02,travel_agency
B001683,P00683,F0313,A032,Economy,185.69,EUR,2025-09-02,website
B001684,P01484,F0334,A032,Premium Economy,184.49,GBP,2025-09-02,website
B001685,P00171,F0122,A008,Economy,197.59,EUR,2025-09-02,mobile_app
B001686,P01394,F0204,A024,Economy,74.41,EUR,2025-09-02,website
B001687,P00111,F0234,A004,Premium Economy,387.52,EUR,2025-09-02,mobile_app
B001688,P00760,F0213,A078,Premium Economy,459.17,EUR,2025-09-02,travel_agency
B001689,P00171,F0140,A048,Premium Economy,386.24,GBP,2025-09-02,travel_agency
B001690,P00897,F0353,A011,Economy,185.54,USD,2025-09-02,travel_agency
B001691,P00122,F0187,A017,Business,529.62,GBP,2025-09-02,travel_agency
B001692,P00162,F0371,A035,Business,810.75,EUR,2025-09-02,travel_agency
B001693,P00711,F0095,A001,Business,1399.62,USD,2025-09-02,mobile_app
B001694,P01824,F0135,A048,Economy,149.82,EUR,2025-09-02,website
B001695,P01808,F0260,A051,Economy,160.73,USD,2025-09-02,mobile_app
B001696,P00725,F0289,A077,Economy,161.25,USD,2025-09-02,website
B001697,P01352,F0015,A003,Business,1203.41,EUR,2025-09-02,website
B001698,P01375,F0207,A043,Economy,150.38,GBP,2025-09-02,travel_agency
B001699,P01173,F0007,A015,Economy,86.93,EUR,2025-09-02,website
B001700,P00878,F0017,A063,Business,561.5,USD,2025-09-02,call_center
B001701,P01099,F0148,A067,Economy,109.79,USD,2025-09-02,website
B001702,P00690,F0116,A020,First,2845.78,USD,2025-09-02,website
B001703,P01544,F0287,A049,Economy,166.51,GBP,2025-09-02,mobile_app
B001704,P00741,F0179,A048,Economy,120.88,EUR,2025-09-02,website
B001705,P01170,F0257,A034,Economy,73.64,EUR,2025-09-02,mobile_app
B001706,P01107,F0288,A015,Economy,120.74,EUR,2025-09-02,website
B001707,P00495,F0414,A039,Premium Economy,482.8,USD,2025-09-02,mobile_app
B001708,P00447,F0066,A051,Premium Economy,379.96,USD,2025-09-02,website
B001709,P00768,F0305,A044,Premium Economy,441.46,EUR,2025-09-02,website
B001710,P01724,F0241,A051,Economy,178.66,EUR,2025-09-02,website
B001711,P01684,F0084,A046,Economy,73.39,EUR,2025-09-02,call_center
B001712,P00802,F0164,A055,Economy,95.14,EUR,2025-09-02,mobile_app
B001713,P01273,F0096,A037,Economy,95.53,GBP,2025-09-02,mobile_app
B001714,P00454,F0078,A032,Economy,110.77,GBP,2025-09-02,website
B001715,P01158,F0391,A009,Premium Economy,188.27,GBP,2025-09-02,website
B001716,P00501,F0359,A029,Economy,72.71,USD,2025-09-02,mobile_app
B001717,P00498,F0217,A057,Economy,73.76,GBP,2025-09-02,website
B001718,P00451,F0202,A064,Economy,172.12,USD,2025-09-02,website
B001719,P00922,F0360,A059,Economy,114.09,GBP,2025-09-02,mobile_app
B001720,P00911,F0420,A024,First,1753.62,USD,2025-09-02,website
B001721,P01203,F0089,A057,Economy,169.15,EUR,2025-09-02,website
B001722,P00493,F0121,A013,Business,901.36,USD,2025-09-02,website
B001723,P00290,F0005,A007,Business,936.39,EUR,2025-09-02,website
B001724,P00936,F0133,A038,Economy,184.13,USD,2025-09-02,website
B001725,P01628,F0234,A004,Economy,115.38,EUR,2025-09-02,mobile_app
B001726,P00388,F0289,A077,Economy,126.36,GBP,2025-09-02,website
B001727,P01340,F0423,A012,Economy,93.54,EUR,2025-09-02,travel_agency
B001728,P01161,F0418,A043,Economy,186.64,USD,2025-09-02,mobile_app
B001729,P00218,F0297,A058,Economy,169.37,USD,2025-09-02,website
B001730,P01115,F0196,A066,Economy,82.28,USD,2025-09-02,website
B001731,P00951,F0398,A061,Economy,93.1,USD,2025-09-02,website
B001732,P00104,F0272,A032,Economy,166.55,USD,2025-09-02,travel_agency
B001733,P01643,F0253,A032,Economy,160.12,GBP,2025-09-02,website
B001734,P00317,F0198,A004,Economy,136.07,USD,2025-09-02,travel_agency
B001735,P01794,F0268,A059,Economy,111.18,EUR,2025-09-02,website
B001736,P01467,F0271,A042,Economy,167.0,EUR,2025-09-02,website
B001737,P00604,F0290,A006,Economy,139.62,USD,2025-09-02,travel_agency
B001738,P00319,F0120,A080,Economy,79.45,EUR,2025-09-02,website
B001739,P01485,F0145,A004,Premium Economy,216.56,USD,2025-09-02,mobile_app
B001740,P00738,F0058,A071,Economy,144.74,USD,2025-09-02,mobile_app
B001741,P01272,F0356,A037,Economy,164.58,EUR,2025-09-02,mobile_app
B001742,P01451,F0026,A068,Economy,159.68,EUR,2025-09-02,website
B001743,P00736,F0381,A013,Economy,179.16,EUR,2025-09-02,travel_agency
B001744,P00398,F0127,A062,Economy,77.22,USD,2025-09-02,website
B001745,P01814,F0049,A038,Economy,77.93,EUR,2025-09-02,website
B001746,P00118,F0362,A014,First,1795.09,USD,2025-09-02,website
B001747,P00729,F0232,A020,Economy,122.13,USD,2025-09-02,mobile_app
B001748,P00146,F0117,A057,Economy,158.16,USD,2025-09-02,call_center
B001749,P01797,F0047,A069,Economy,174.43,GBP,2025-09-02,website
B001750,P01233,F0155,A017,Economy,77.15,GBP,2025-09-02,mobile_app
B001751,P01596,F0279,A022,Economy,75.68,EUR,2025-09-02,call_center
B001752,P00137,F0285,A045,Premium Economy,366.99,EUR,2025-09-02,website
B001753,P00416,F0043,A043,Premium Economy,465.18,EUR,2025-09-02,website
B001754,P01129,F0029,A041,Economy,183.48,GBP,2025-09-02,website
B001755,P01530,F0207,A043,Economy,182.5,EUR,2025-09-02,website
B001756,P00173,F0207,A043,Business,1039.0,USD,2025-09-02,website
B001757,P00588,F0031,A065,Economy,170.13,USD,2025-09-02,website
B001758,P00884,F0019,A053,Economy,121.33,EUR,2025-09-02,website
B001759,P00461,F0410,A018,Economy,143.51,EUR,2025-09-02,website
B001760,P00917,F0318,A010,Economy,95.91,USD,2025-09-02,website
B001761,P00241,F0229,A065,Business,600.5,GBP,2025-09-02,website
B001762,P00282,F0418,A043,Economy,187.87,USD,2025-09-02,call_center
B001763,P00546,F0292,A019,Premium Economy,383.44,EUR,2025-09-02,mobile_app
B001764,P00081,F0270,A044,Economy,139.26,EUR,2025-09-02,call_center
B001765,P01503,F0364,A018,Economy,150.47,EUR,2025-09-02,mobile_app
B001766,P01668,F0384,A025,Economy,161.61,USD,2025-09-02,mobile_app
B001767,P00412,F0200,A028,Economy,142.52,USD,2025-09-02,travel_agency
B001768,P00577,F0382,A018,First,2976.58,GBP,2025-09-02,website
B001769,P00747,F0193,A074,Premium Economy,339.74,EUR,2025-09-02,website
B001770,P00072,F0105,A042,Business,1256.11,EUR,2025-09-02,website
B001771,P01071,F0193,A074,Business,974.55,EUR,2025-09-02,call_center
B001772,P00944,F0139,A076,Economy,170.07,EUR,2025-09-02,mobile_app
B001773,P00678,F0358,A063,Economy,172.3,EUR,2025-09-02,mobile_app
B001774,P00550,F0382,A018,Premium Economy,398.3,GBP,2025-09-02,travel_agency
B001775,P00739,F0176,A064,Business,1400.02,EUR,2025-09-02,mobile_app
B001776,P01479,F0141,A046,Economy,146.93,USD,2025-09-02,call_center
B001777,P00575,F0033,A014,Economy,87.94,EUR,2025-09-02,website
B001778,P00017,F0012,A069,Economy,144.16,GBP,2025-09-02,call_center
B001779,P01656,F0159,A080,Economy,115.05,USD,2025-09-02,mobile_app
B001780,P00761,F0170,A041,Premium Economy,353.32,EUR,2025-09-02,travel_agency
B001781,P00491,F0095,A001,Economy,73.71,GBP,2025-09-02,website
B001782,P01457,F0125,A002,Economy,146.15,EUR,2025-09-02,website
B001783,P00586,F0064,A078,Business,567.9,USD,2025-09-02,website
B001784,P00508,F0286,A001,Economy,171.87,EUR,2025-09-02,website
B001785,P00649,F0061,A020,Economy,183.65,EUR,2025-09-02,travel_agency
B001786,P00451,F0238,A060,Economy,154.88,EUR,2025-09-02,website
B001787,P00062,F0361,A070,Business,1006.08,USD,2025-09-02,website
B001788,P00343,F0279,A022,Premium Economy,219.76,EUR,2025-09-02,website
B001789,P01128,F0289,A077,Economy,107.39,EUR,2025-09-02,website
B001790,P00361,F0348,A056,Economy,126.55,GBP,2025-09-02,travel_agency
B001791,P01381,F0135,A048,Economy,153.96,USD,2025-09-02,website
B001792,P00336,F0262,A035,Economy,181.58,GBP,2025-09-02,mobile_app
B001793,P01619,F0367,A019,Economy,115.02,USD,2025-09-02,website
B001794,P00271,F0234,A004,Economy,144.74,EUR,2025-09-02,website
B001795,P00007,F0098,A022,Economy,86.05,GBP,2025-09-02,mobile_app
B001796,P01276,F0024,A055,Business,1157.24,USD,2025-09-02,travel_agency
B001797,P00753,F0282,A001,Economy,113.01,USD,2025-09-02,call_center
B001798,P00312,F0019,A053,Economy,132.96,USD,2025-09-02,mobile_app
B001799,P00655,F0034,A037,Economy,130.35,USD,2025-09-02,website
B001800,P00617,F0223,A045,Economy,100.57,USD,2025-09-02,travel_agency
B001801,P01550,F0409,A041,Business,882.18,USD,2025-09-02,mobile_app
B001802,P00072,F0261,A057,First,1508.98,EUR,2025-09-02,mobile_app
B001803,P01049,F0184,A043,Premium Economy,414.87,EUR,2025-09-02,mobile_app
B001804,P01166,F0316,A073,Economy,163.51,GBP,2025-09-02,travel_agency
B001805,P00765,F0181,A061,Economy,193.76,EUR,2025-09-02,travel_agency
B001806,P00481,F0349,A001,Premium Economy,221.69,EUR,2025-09-02,mobile_app
B001807,P01249,F0233,A006,Economy,95.95,USD,2025-09-02,mobile_app
B001808,P01734,F0001,A042,Economy,131.68,USD,2025-09-02,travel_agency
B001809,P00462,F0116,A020,Premium Economy,215.79,EUR,2025-09-02,website
B001810,P00949,F0184,A043,First,1898.31,GBP,2025-09-02,mobile_app
B001811,P00384,F0242,A037,Economy,121.03,EUR,2025-09-02,call_center
B001812,P00325,F0407,A011,Economy,176.55,EUR,2025-09-02,website
B001813,P00320,F0008,A059,Economy,121.95,EUR,2025-09-02,travel_agency
B001814,P01131,F0291,A038,Economy,157.4,USD,2025-09-02,website
B001815,P00997,F0047,A069,First,2425.79,USD,2025-09-02,website
B001816,P01081,F0375,A040,Premium Economy,440.74,USD,2025-09-02,mobile_app
B001817,P00538,F0171,A052,Economy,88.51,EUR,2025-09-02,call_center
B001818,P00313,F0113,A063,First,1397.6,EUR,2025-09-02,mobile_app
B001819,P01532,F0009,A065,Economy,148.54,EUR,2025-09-02,website
B001820,P01745,F0294,A054,First,2571.51,EUR,2025-09-02,travel_agency
B001821,P00378,F0363,A016,Economy,94.51,GBP,2025-09-02,website
B001822,P01820,F0199,A061,Economy,149.86,GBP,2025-09-02,website
B001823,P00798,F0347,A072,Economy,102.52,GBP,2025-09-02,travel_agency
B001824,P00502,F0253,A032,Business,580.67,USD,2025-09-02,mobile_app
B001825,P01612,F0142,A028,Economy,133.96,EUR,2025-09-02,website
B001826,P00470,F0256,A049,Premium Economy,439.89,GBP,2025-09-02,travel_agency
B001827,P00305,F0346,A044,Economy,73.71,USD,2025-09-02,website
B001828,P01341,F0203,A019,Economy,79.22,USD,2025-09-02,mobile_app
B001829,P01462,F0120,A080,Economy,131.66,EUR,2025-09-02,website
B001830,P00963,F0388,A008,Economy,77.67,EUR,2025-09-02,mobile_app
B001831,P01339,F0091,A073,Business,581.24,EUR,2025-09-02,call_center
B001832,P01147,F0140,A048,Economy,168.57,USD,2025-09-02,website
B001833,P01361,F0142,A028,Economy,83.51,USD,2025-09-02,mobile_app
B001834,P00911,F0111,A025,Economy,140.94,EUR,2025-09-02,website
B001835,P01649,F0252,A007,Premium Economy,218.22,EUR,2025-09-02,website
B001836,P00146,F0083,A075,Premium Economy,367.81,USD,2025-09-02,website
B001837,P00307,F0387,A010,Premium Economy,270.7,GBP,2025-09-02,mobile_app
B001838,P01258,F0399,A042,Premium Economy,300.29,USD,2025-09-02,mobile_app
B001839,P01059,F0213,A078,Economy,131.8,EUR,2025-09-02,website
B001840,P01622,F0255,A061,Economy,147.84,USD,2025-09-02,website
B001841,P01553,F0345,A058,Economy,75.57,GBP,2025-09-02,mobile_app
B001842,P00961,F0279,A022,Economy,153.74,EUR,2025-09-02,website
B001843,P01280,F0338,A069,Business,1143.29,GBP,2025-09-02,mobile_app
B001844,P01222,F0161,A052,Economy,83.55,USD,2025-09-02,website
B001845,P01037,F0098,A022,Economy,156.69,USD,2025-09-02,mobile_app
B001846,P00297,F0095,A001,Economy,77.76,EUR,2025-09-02,website
B001847,P00983,F0013,A078,Premium Economy,424.73,EUR,2025-09-02,website
B001848,P00582,F0339,A011,Economy,132.47,USD,2025-09-02,website
B001849,P00938,F0221,A034,First,1895.46,EUR,2025-09-02,mobile_app
B001850,P00610,F0229,A065,Economy,144.12,USD,2025-09-02,travel_agency
B001851,P00413,F0047,A069,Economy,120.59,EUR,2025-09-02,mobile_app
B001852,P00678,F0018,A061,Economy,76.16,EUR,2025-09-02,website
B001853,P00408,F0370,A059,Economy,76.74,USD,2025-09-02,call_center
B001854,P00382,F0297,A058,Economy,193.32,EUR,2025-09-02,website
B001855,P00734,F0337,A020,Economy,89.31,USD,2025-09-02,website
B001856,P00760,F0107,A035,Economy,146.79,USD,2025-09-02,website
B001857,P01071,F0184,A043,Economy,92.3,EUR,2025-09-02,website
B001858,P00161,F0156,A046,Economy,179.52,USD,2025-09-02,travel_agency
B001859,P01709,F0328,A018,Business,1038.62,EUR,2025-09-02,website
B001860,P00891,F0147,A047,Economy,103.25,GBP,2025-09-02,travel_agency
B001861,P00630,F0152,A028,Premium Economy,394.38,USD,2025-09-02,travel_agency
B001862,P00811,F0159,A080,Economy,143.74,USD,2025-09-02,website
B001863,P01433,F0320,A030,Economy,191.04,EUR,2025-09-02,mobile_app
B001864,P01792,F0148,A067,Economy,105.97,EUR,2025-09-02,website
B001865,P01334,F0403,A076,Premium Economy,391.48,EUR,2025-09-02,website
B001866,P00861,F0312,A033,Economy,88.17,USD,2025-09-02,mobile_app
B001867,P01358,F0114,A070,First,2722.44,USD,2025-09-02,travel_agency
B001868,P00553,F0306,A046,Business,610.78,EUR,2025-09-02,call_center
B001869,P00265,F0405,A049,Economy,79.71,EUR,2025-09-02,travel_agency
B001870,P00670,F0405,A049,Economy,109.97,GBP,2025-09-02,website
B001871,P01594,F0149,A014,Economy,124.01,EUR,2025-09-02,travel_agency
B001872,P00258,F0069,A070,Business,553.94,EUR,2025-09-02,website
B001873,P00624,F0298,A078,Economy,120.07,EUR,2025-09-02,mobile_app
B001874,P01673,F0117,A057,Economy,75.45,GBP,2025-09-02,travel_agency
B001875,P00236,F0056,A023,Economy,97.71,GBP,2025-09-02,website
B001876,P01070,F0207,A043,Business,1163.35,EUR,2025-09-02,website
B001877,P01707,F0177,A041,Economy,131.39,EUR,2025-09-02,call_center
B001878,P01236,F0042,A026,Business,718.74,EUR,2025-09-02,mobile_app
B001879,P00532,F0290,A006,Economy,159.67,EUR,2025-09-02,website
B001880,P01098,F0039,A032,Economy,141.39,EUR,2025-09-02,website
B001881,P00835,F0095,A001,Economy,91.85,USD,2025-09-02,website
B001882,P00924,F0130,A018,Economy,108.89,EUR,2025-09-02,website
B001883,P00476,F0057,A060,Economy,155.57,USD,2025-09-02,website
B001884,P01628,F0394,A048,Premium Economy,378.67,USD,2025-09-02,mobile_app
B001885,P01608,F0015,A003,Economy,185.6,GBP,2025-09-02,website
B001886,P01153,F0375,A040,Business,1302.92,EUR,2025-09-02,mobile_app
B001887,P01636,F0026,A068,Economy,154.38,USD,2025-09-02,call_center
B001888,P00132,F0231,A017,Business,943.89,EUR,2025-09-02,website
B001889,P00120,F0109,A029,Business,661.2,USD,2025-09-02,travel_agency
B001890,P00335,F0193,A074,Business,667.41,USD,2025-09-02,call_center
B001891,P00372,F0222,A018,Economy,128.51,EUR,2025-09-02,travel_agency
B001892,P00412,F0403,A076,Economy,88.82,GBP,2025-09-02,mobile_app
B001893,P00034,F0122,A008,Economy,88.94,EUR,2025-09-02,call_center
B001894,P00021,F0113,A063,Economy,100.94,EUR,2025-09-02,website
B001895,P01491,F0247,A052,Economy,159.22,USD,2025-09-02,website
B001896,P01658,F0240,A021,Economy,73.35,GBP,2025-09-02,website
B001897,P00712,F0252,A007,Economy,166.61,EUR,2025-09-02,travel_agency
B001898,P01302,F0030,A010,Economy,118.64,EUR,2025-09-02,call_center
B001899,P01492,F0090,A063,Business,1049.37,USD,2025-09-02,travel_agency
B001900,P00444,F0089,A057,Economy,106.13,GBP,2025-09-02,travel_agency
B001901,P00607,F0024,A055,Economy,129.77,GBP,2025-09-02,travel_agency
B001902,P01566,F0394,A048,Premium Economy,181.05,EUR,2025-09-02,website
B001903,P00272,F0085,A016,Premium Economy,266.14,GBP,2025-09-02,website
B001904,P01690,F0383,A078,Economy,104.63,GBP,2025-09-02,mobile_app
B001905,P01691,F0413,A042,Business,1354.78,USD,2025-09-02,mobile_app
B001906,P00848,F0169,A046,Premium Economy,208.61,USD,2025-09-02,mobile_app
B001907,P00103,F0095,A001,Business,871.55,USD,2025-09-02,website
B001908,P01375,F0232,A020,Economy,131.11,EUR,2025-09-02,mobile_app
B001909,P00649,F0033,A014,Economy,147.45,USD,2025-09-02,mobile_app
B001910,P00808,F0365,A069,Economy,167.54,EUR,2025-09-02,website
B001911,P00302,F0267,A038,Premium Economy,467.72,EUR,2025-09-02,mobile_app
B001912,P00157,F0238,A060,Economy,172.1,EUR,2025-09-02,website
B001913,P00925,F0025,A070,Economy,193.72,EUR,2025-09-02,mobile_app
B001914,P01641,F0365,A069,Economy,187.69,USD,2025-09-02,mobile_app
B001915,P00102,F0039,A032,Economy,180.73,EUR,2025-09-02,mobile_app
B001916,P01213,F0334,A032,Business,657.46,EUR,2025-09-02,call_center
B001917,P00727,F0327,A050,Economy,94.45,EUR,2025-09-02,travel_agency
B001918,P00209,F0407,A011,Economy,93.76,EUR,2025-09-02,mobile_app
B001919,P00512,F0204,A024,Premium Economy,243.86,EUR,2025-09-02,website
B001920,P00307,F0190,A044,Business,651.35,EUR,2025-09-02,website
B001921,P00534,F0169,A046,Premium Economy,358.06,USD,2025-09-02,travel_agency
B001922,P01503,F0100,A006,Business,1189.71,USD,2025-09-02,travel_agency
B001923,P00603,F0105,A042,First,1712.0,GBP,2025-09-02,travel_agency
B001924,P01050,F0159,A080,Economy,134.89,USD,2025-09-02,travel_agency
B001925,P00043,F0007,A015,Economy,173.36,EUR,2025-09-02,website
B001926,P01027,F0362,A014,Economy,158.23,EUR,2025-09-02,travel_agency
B001927,P01384,F0164,A055,Economy,128.47,EUR,2025-09-02,mobile_app
B001928,P01287,F0095,A001,Economy,154.9,EUR,2025-09-02,travel_agency
B001929,P00478,F0394,A048,Economy,105.77,EUR,2025-09-02,mobile_app
B001930,P00328,F0168,A056,Premium Economy,456.91,USD,2025-09-02,website
B001931,P00716,F0043,A043,Business,1013.89,EUR,2025-09-02,mobile_app
B001932,P01160,F0015,A003,Premium Economy,399.34,EUR,2025-09-02,mobile_app
B001933,P01758,F0061,A020,Economy,192.34,USD,2025-09-02,website
B001934,P00647,F0079,A049,Economy,167.44,USD,2025-09-02,website
B001935,P01356,F0230,A029,Economy,162.75,EUR,2025-09-02,website
B001936,P01348,F0329,A036,Premium Economy,411.3,EUR,2025-09-02,website
B001937,P00531,F0040,A021,Economy,150.56,EUR,2025-09-02,mobile_app
B001938,P00420,F0178,A008,Economy,163.21,EUR,2025-09-02,mobile_app
B001939,P01163,F0021,A024,Economy,139.34,GBP,2025-09-02,mobile_app
B001940,P01303,F0082,A063,Economy,82.55,GBP,2025-09-02,website
B001941,P00763,F0090,A063,Premium Economy,406.75,USD,2025-09-02,travel_agency
B001942,P01090,F0059,A067,Premium Economy,223.33,EUR,2025-09-02,website
B001943,P00611,F0263,A068,First,2871.51,EUR,2025-09-02,mobile_app
B001944,P01127,F0279,A022,Economy,139.69,EUR,2025-09-02,call_center
B001945,P01701,F0399,A042,Economy,156.89,EUR,2025-09-02,website
B001946,P01007,F0299,A027,Business,922.44,USD,2025-09-02,website
B001947,P01577,F0164,A055,Economy,164.83,EUR,2025-09-02,website
B001948,P01575,F0210,A033,Premium Economy,405.57,USD,2025-09-02,mobile_app
B001949,P00370,F0114,A070,Economy,86.09,EUR,2025-09-02,call_center
B001950,P00396,F0076,A059,Economy,95.06,EUR,2025-09-02,website
B001951,P00519,F0148,A067,Economy,139.02,USD,2025-09-02,website
B001952,P01034,F0389,A052,Economy,187.55,USD,2025-09-02,travel_agency
B001953,P01754,F0059,A067,Economy,149.49,EUR,2025-09-02,travel_agency
B001954,P01243,F0309,A079,Economy,106.99,USD,2025-09-02,website
B001955,P00408,F0084,A046,Economy,85.97,USD,2025-09-02,website
B001956,P00043,F0228,A067,Economy,164.93,USD,2025-09-02,mobile_app
B001957,P00403,F0032,A057,Economy,166.25,USD,2025-09-02,website
B001958,P00198,F0208,A062,Economy,72.48,USD,2025-09-02,website
B001959,P01814,F0093,A040,Economy,138.71,EUR,2025-09-02,mobile_app
B001960,P00332,F0186,A051,Economy,188.54,USD,2025-09-02,mobile_app
B001961,P01559,F0349,A001,Premium Economy,364.33,EUR,2025-09-02,website
B001962,P01672,F0370,A059,Economy,129.63,EUR,2025-09-02,website
B001963,P01126,F0119,A043,Economy,197.11,EUR,2025-09-02,travel_agency
B001964,P01366,F0322,A075,Business,1238.54,GBP,2025-09-02,website
B001965,P01517,F0255,A061,Economy,82.5,EUR,2025-09-02,website
B001966,P01649,F0335,A076,First,2590.08,USD,2025-09-02,website
B001967,P00889,F0239,A050,Economy,141.57,GBP,2025-09-02,website
B001968,P01347,F0040,A021,Economy,135.74,EUR,2025-09-02,travel_agency
B001969,P00204,F0381,A013,Economy,156.8,USD,2025-09-02,mobile_app
B001970,P00383,F0117,A057,Economy,130.1,USD,2025-09-02,travel_agency
B001971,P01438,F0278,A073,Economy,190.17,USD,2025-09-02,mobile_app
B001972,P00975,F0213,A078,Business,968.64,EUR,2025-09-02,website
B001973,P00759,F0401,A060,Economy,176.02,EUR,2025-09-02,mobile_app
B001974,P01741,F0283,A008,Economy,154.43,EUR,2025-09-02,travel_agency
B001975,P01230,F0329,A036,Economy,128.02,EUR,2025-09-02,mobile_app
B001976,P00722,F0265,A026,Premium Economy,474.74,EUR,2025-09-02,travel_agency
B001977,P01406,F0341,A066,Economy,109.66,USD,2025-09-02,website
B001978,P01454,F0358,A063,Economy,175.56,EUR,2025-09-02,website
B001979,P01671,F0194,A026,Premium Economy,298.97,EUR,2025-09-02,website
B001980,P00193,F0186,A051,Economy,89.43,EUR,2025-09-02,website
B001981,P00333,F0267,A038,Economy,115.27,EUR,2025-09-02,website
B001982,P00019,F0229,A065,Economy,168.26,USD,2025-09-02,travel_agency
B001983,P00047,F0304,A020,Business,925.0,USD,2025-09-02,website
B001984,P01196,F0327,A050,Economy,196.55,EUR,2025-09-02,travel_agency
B001985,P00980,F0301,A060,Economy,74.72,EUR,2025-09-02,travel_agency
B001986,P01380,F0241,A051,Economy,134.75,USD,2025-09-02,mobile_app
B001987,P00565,F0300,A032,Economy,81.48,USD,2025-09-02,travel_agency
B001988,P00231,F0266,A069,Business,893.97,EUR,2025-09-02,travel_agency
B001989,P00704,F0273,A075,Business,707.69,USD,2025-09-02,mobile_app
B001990,P00780,F0281,A073,Economy,108.91,USD,2025-09-02,website
B001991,P01610,F0151,A038,Economy,148.22,USD,2025-09-02,mobile_app
B001992,P00670,F0207,A043,Business,1398.02,EUR,2025-09-02,travel_agency
B001993,P00286,F0017,A063,Economy,193.11,EUR,2025-09-02,website
B001994,P00126,F0291,A038,Economy,74.28,USD,2025-09-02,website
B001995,P00214,F0132,A070,Economy,169.04,EUR,2025-09-02,travel_agency
B001996,P01779,F0301,A060,Economy,155.88,EUR,2025-09-02,mobile_app
B001997,P01116,F0353,A011,Premium Economy,248.98,USD,2025-09-02,mobile_app
B001998,P01121,F0395,A009,First,1801.36,GBP,2025-09-02,website
B001999,P00903,F0078,A032,Business,1237.36,GBP,2025-09-02,website
B002000,P00707,F0111,A025,Economy,162.75,USD,2025-09-02,website
B002001,P01582,F0312,A033,Business,1062.76,USD,2025-09-02,website
B002002,P00199,F0189,A020,Economy,142.3,USD,2025-09-02,website
B002003,P01349,F0231,A017,First,2775.55,GBP,2025-09-02,website
B002004,P01546,F0299,A027,Economy,132.46,USD,2025-09-02,website
B002005,P00332,F0062,A008,Economy,124.22,USD,2025-09-02,website
B002006,P00418,F0059,A067,Economy,125.89,GBP,2025-09-02,website
B002007,P00606,F0121,A013,Economy,110.18,GBP,2025-09-02,website
B002008,P00806,F0313,A032,Business,960.39,USD,2025-09-02,call_center
B002009,P00821,F0294,A054,Business,1264.84,EUR,2025-09-02,website
B002010,P01600,F0020,A044,Economy,170.04,EUR,2025-09-02,travel_agency
B002011,P01774,F0322,A075,Economy,132.19,EUR,2025-09-02,website
B002012,P01739,F0093,A040,Economy,94.78,USD,2025-09-02,website
B002013,P01314,F0113,A063,Business,1120.51,EUR,2025-09-02,website
B002014,P00797,F0263,A068,Economy,110.25,EUR,2025-09-02,travel_agency
B002015,P01218,F0196,A066,Economy,127.07,EUR,2025-09-02,travel_agency
B002016,P00641,F0121,A013,Economy,72.77,USD,2025-09-02,call_center
B002017,P00713,F0150,A036,Economy,99.49,EUR,2025-09-02,travel_agency
B002018,P01505,F0314,A049,Economy,103.39,EUR,2025-09-02,website
B002019,P00140,F0048,A016,Business,1365.66,USD,2025-09-02,website
B002020,P01285,F0414,A039,Economy,194.21,EUR,2025-09-02,website
B002021,P01105,F0141,A046,Economy,164.17,USD,2025-09-02,mobile_app
B002022,P01122,F0378,A012,Premium Economy,276.01,EUR,2025-09-02,mobile_app
B002023,P00710,F0089,A057,Premium Economy,219.1,GBP,2025-09-02,website
B002024,P00672,F0061,A020,First,2078.94,USD,2025-09-02,website
B002025,P00107,F0029,A041,Economy,138.67,USD,2025-09-02,website
B002026,P00905,F0315,A056,Economy,129.22,EUR,2025-09-02,website
B002027,P00731,F0193,A074,Economy,169.32,EUR,2025-09-02,travel_agency
B002028,P01487,F0388,A008,Premium Economy,267.11,USD,2025-09-02,travel_agency
B002029,P00615,F0062,A008,Economy,160.49,GBP,2025-09-02,mobile_app
B002030,P01223,F0136,A004,Economy,97.6,EUR,2025-09-02,mobile_app
B002031,P00400,F0281,A073,Economy,87.73,EUR,2025-09-02,website
B002032,P00412,F0419,A051,Economy,102.2,USD,2025-09-02,travel_agency
B002033,P00077,F0095,A001,Economy,136.64,USD,2025-09-02,travel_agency
B002034,P01614,F0293,A023,Economy,93.94,USD,2025-09-02,website
B002035,P00891,F0149,A014,Premium Economy,232.66,USD,2025-09-02,website
B002036,P00627,F0064,A078,Economy,123.48,USD,2025-09-02,website
B002037,P00976,F0172,A014,Premium Economy,426.15,USD,2025-09-02,website
B002038,P00220,F0270,A044,Economy,116.89,USD,2025-09-02,website
B002039,P01004,F0145,A004,Business,599.74,EUR,2025-09-02,mobile_app
B002040,P00815,F0085,A016,Economy,146.2,EUR,2025-09-02,website
B002041,P00280,F0110,A035,Premium Economy,357.0,USD,2025-09-02,travel_agency
B002042,P00537,F0334,A032,Premium Economy,475.27,EUR,2025-09-02,mobile_app
B002043,P00060,F0302,A013,Economy,158.88,EUR,2025-09-02,mobile_app
B002044,P00467,F0291,A038,Economy,144.76,USD,2025-09-02,website
B002045,P00336,F0363,A016,Premium Economy,205.32,EUR,2025-09-02,mobile_app
B002046,P00589,F0351,A063,Economy,93.45,EUR,2025-09-02,website
B002047,P00610,F0271,A042,Premium Economy,366.73,GBP,2025-09-02,travel_agency
B002048,P01181,F0325,A058,Premium Economy,290.18,EUR,2025-09-02,travel_agency
B002049,P01823,F0195,A014,Premium Economy,327.01,USD,2025-09-02,mobile_app
B002050,P01049,F0401,A060,Economy,165.48,USD,2025-09-02,website
B002051,P01514,F0075,A065,Economy,145.56,USD,2025-09-02,mobile_app
B002052,P01705,F0351,A063,Business,587.32,EUR,2025-09-02,mobile_app
B002053,P01749,F0098,A022,Economy,128.93,EUR,2025-09-02,website
B002054,P01071,F0173,A040,Premium Economy,268.17,GBP,2025-09-02,travel_agency
B002055,P01615,F0052,A022,Premium Economy,461.2,EUR,2025-09-02,travel_agency
B002056,P00802,F0083,A075,Economy,195.74,EUR,2025-09-02,website
B002057,P00430,F0114,A070,Economy,138.55,EUR,2025-09-02,website
B002058,P00168,F0282,A001,Economy,144.84,USD,2025-09-02,call_center
B002059,P00690,F0283,A008,Economy,144.63,GBP,2025-09-02,website
B002060,P01762,F0423,A012,Economy,193.72,USD,2025-09-02,mobile_app
B002061,P01817,F0087,A023,Business,945.89,EUR,2025-09-02,website
B002062,P00867,F0294,A054,Business,1052.53,EUR,2025-09-02,travel_agency
B002063,P01333,F0047,A069,Economy,111.45,USD,2025-09-02,travel_agency
B002064,P01521,F0401,A060,Premium Economy,179.66,USD,2025-09-02,website
B002065,P00041,F0066,A051,Premium Economy,405.81,EUR,2025-09-02,mobile_app
B002066,P00022,F0419,A051,Economy,103.33,GBP,2025-09-02,website
B002067,P00630,F0301,A060,First,1383.43,GBP,2025-09-02,website
B002068,P00087,F0127,A062,Premium Economy,352.78,USD,2025-09-02,website
B002069,P01740,F0281,A073,Premium Economy,330.7,EUR,2025-09-02,website
B002070,P00614,F0032,A057,Business,713.08,EUR,2025-09-02,website
B002071,P01616,F0180,A060,Business,1236.19,EUR,2025-09-02,website
B002072,P01801,F0211,A048,Economy,81.94,USD,2025-09-02,mobile_app
B002073,P00503,F0315,A056,Economy,98.33,EUR,2025-09-02,mobile_app
B002074,P00684,F0373,A021,Economy,140.61,GBP,2025-09-02,call_center
B002075,P01284,F0227,A053,Economy,192.41,EUR,2025-09-02,website
B002076,P00791,F0345,A058,Economy,175.37,EUR,2025-09-02,mobile_app
B002077,P01605,F0097,A015,Economy,182.53,EUR,2025-09-02,website
B002078,P01244,F0207,A043,Business,558.75,EUR,2025-09-02,mobile_app
B002079,P00373,F0125,A002,Economy,129.57,GBP,2025-09-02,mobile_app
B002080,P01319,F0221,A034,First,1861.29,EUR,2025-09-02,travel_agency
B002081,P00169,F0154,A061,Economy,119.59,EUR,2025-09-02,website
B002082,P00157,F0373,A021,Premium Economy,186.77,EUR,2025-09-02,call_center
B002083,P00663,F0244,A052,Business,1097.49,EUR,2025-09-02,mobile_app
B002084,P00839,F0337,A020,Business,1273.69,EUR,2025-09-02,website
B002085,P01358,F0065,A044,Economy,142.59,EUR,2025-09-02,mobile_app
B002086,P00293,F0112,A065,Economy,133.31,EUR,2025-09-02,website
B002087,P00540,F0268,A059,Business,1096.72,USD,2025-09-02,mobile_app
B002088,P00471,F0278,A073,Premium Economy,358.33,USD,2025-09-02,travel_agency
B002089,P01620,F0302,A013,Economy,77.66,EUR,2025-09-02,website
B002090,P01338,F0402,A026,Business,1302.84,USD,2025-09-02,mobile_app
B002091,P00355,F0002,A073,Economy,135.71,USD,2025-09-02,website
B002092,P01555,F0325,A058,Economy,105.97,EUR,2025-09-02,call_center
B002093,P00486,F0059,A067,Business,1276.35,USD,2025-09-02,mobile_app
B002094,P00993,F0239,A050,Economy,87.53,EUR,2025-09-02,website
B002095,P01638,F0340,A073,First,2203.48,USD,2025-09-02,website
B002096,P01706,F0056,A023,Premium Economy,432.29,EUR,2025-09-02,mobile_app
B002097,P00427,F0018,A061,Economy,146.42,USD,2025-09-02,travel_agency
B002098,P01111,F0267,A038,Economy,131.21,USD,2025-09-02,website
B002099,P00480,F0270,A044,Economy,99.02,EUR,2025-09-02,mobile_app
B002100,P00194,F0008,A059,Premium Economy,247.62,EUR,2025-09-02,website
B002101,P00715,F0059,A067,Business,695.63,USD,2025-09-02,travel_agency
B002102,P00262,F0012,A069,Economy,121.88,EUR,2025-09-02,travel_agency
B002103,P00139,F0021,A024,Business,1116.24,EUR,2025-09-02,travel_agency
B002104,P01471,F0045,A014,Economy,154.2,EUR,2025-09-02,website
B002105,P00136,F0140,A048,Premium Economy,182.06,USD,2025-09-02,mobile_app
B002106,P00558,F0311,A023,Business,610.73,EUR,2025-09-02,website
B002107,P01116,F0415,A013,Economy,153.05,EUR,2025-09-02,mobile_app
B002108,P01287,F0326,A071,Economy,188.37,EUR,2025-09-02,website
B002109,P01483,F0246,A051,Economy,164.66,EUR,2025-09-02,mobile_app
B002110,P01164,F0133,A038,Business,890.26,EUR,2025-09-02,website
B002111,P01612,F0261,A057,Business,651.18,EUR,2025-09-02,website
B002112,P00439,F0368,A035,Economy,93.72,EUR,2025-09-02,mobile_app
B002113,P00395,F0329,A036,Economy,110.49,USD,2025-09-02,website
B002114,P00960,F0201,A039,Economy,73.51,USD,2025-09-02,website
B002115,P00311,F0346,A044,Economy,170.16,EUR,2025-09-02,website
B002116,P01631,F0421,A053,Economy,124.18,EUR,2025-09-02,mobile_app
B002117,P01101,F0102,A067,Economy,145.51,EUR,2025-09-02,mobile_app
B002118,P00123,F0318,A010,Economy,84.07,EUR,2025-09-02,website
B002119,P00054,F0296,A068,First,2685.12,EUR,2025-09-02,mobile_app
B002120,P00071,F0099,A039,Premium Economy,377.54,EUR,2025-09-02,website
B002121,P00780,F0106,A007,Economy,143.36,USD,2025-09-02,mobile_app
B002122,P01003,F0040,A021,Premium Economy,219.9,EUR,2025-09-02,travel_agency
B002123,P01441,F0132,A070,Economy,169.46,USD,2025-09-02,travel_agency
B002124,P00343,F0261,A057,Economy,140.94,GBP,2025-09-02,website
B002125,P00628,F0004,A075,Economy,102.85,EUR,2025-09-02,call_center
B002126,P00601,F0118,A020,Premium Economy,439.9,GBP,2025-09-02,website
B002127,P01314,F0190,A044,Economy,122.06,EUR,2025-09-02,website
B002128,P00169,F0308,A020,Economy,89.88,USD,2025-09-02,call_center
B002129,P00557,F0387,A010,Economy,110.44,USD,2025-09-02,travel_agency
B002130,P00770,F0250,A073,Business,1081.49,EUR,2025-09-02,website
B002131,P00647,F0340,A073,Economy,83.89,GBP,2025-09-02,mobile_app
B002132,P01222,F0042,A026,Premium Economy,428.05,USD,2025-09-02,website
B002133,P00707,F0359,A029,Economy,176.22,EUR,2025-09-02,mobile_app
B002134,P00270,F0059,A067,Economy,85.33,USD,2025-09-02,website
B002135,P01711,F0282,A001,Economy,83.46,USD,2025-09-02,mobile_app
B002136,P01427,F0213,A078,First,1679.65,USD,2025-09-02,mobile_app
B002137,P01126,F0217,A057,Economy,125.92,GBP,2025-09-02,call_center
B002138,P00439,F0358,A063,Economy,130.41,GBP,2025-09-02,travel_agency
B002139,P00639,F0264,A018,Economy,129.48,EUR,2025-09-02,mobile_app
B002140,P01129,F0231,A017,Premium Economy,476.74,GBP,2025-09-02,website
B002141,P01257,F0017,A063,Economy,178.64,EUR,2025-09-02,website
B002142,P01157,F0023,A052,Economy,164.86,USD,2025-09-02,call_center
B002143,P00413,F0409,A041,Business,877.66,GBP,2025-09-02,mobile_app
B002144,P00472,F0103,A045,Premium Economy,261.81,EUR,2025-09-02,website
B002145,P00081,F0236,A062,Business,978.79,EUR,2025-09-02,mobile_app
B002146,P00562,F0278,A073,Economy,126.39,EUR,2025-09-02,travel_agency
B002147,P00341,F0088,A038,Economy,97.11,USD,2025-09-02,mobile_app
B002148,P00030,F0395,A009,Economy,117.27,EUR,2025-09-02,travel_agency
B002149,P00125,F0405,A049,Economy,74.6,USD,2025-09-02,website
B002150,P01450,F0422,A018,Economy,197.25,EUR,2025-09-02,mobile_app
B002151,P01045,F0323,A020,Economy,137.66,USD,2025-09-02,mobile_app
B002152,P00244,F0048,A016,Economy,123.18,EUR,2025-09-02,mobile_app
B002153,P01530,F0049,A038,Economy,165.41,EUR,2025-09-02,website
B002154,P00923,F0363,A016,Economy,165.51,USD,2025-09-02,mobile_app
B002155,P00929,F0411,A053,Economy,165.24,USD,2025-09-02,website
B002156,P00690,F0285,A045,Premium Economy,268.46,GBP,2025-09-02,call_center
B002157,P00529,F0288,A015,Economy,120.95,EUR,2025-09-02,website
B002158,P01195,F0314,A049,Premium Economy,334.64,USD,2025-09-02,website
B002159,P01468,F0062,A008,Business,1279.88,GBP,2025-09-02,website
B002160,P00175,F0051,A075,Economy,112.11,USD,2025-09-02,mobile_app
B002161,P00676,F0195,A014,Premium Economy,330.38,USD,2025-09-02,call_center
B002162,P00038,F0161,A052,Economy,95.83,EUR,2025-09-02,travel_agency
B002163,P00417,F0007,A015,Economy,112.82,EUR,2025-09-02,website
B002164,P00769,F0016,A008,Economy,190.87,USD,2025-09-02,website
B002165,P00560,F0305,A044,Business,1305.54,EUR,2025-09-02,website
B002166,P01115,F0028,A011,Economy,89.38,GBP,2025-09-02,mobile_app
B002167,P01092,F0073,A026,Premium Economy,456.36,USD,2025-09-02,website
B002168,P01039,F0072,A014,Premium Economy,313.6,GBP,2025-09-02,website
B002169,P00801,F0001,A042,Economy,89.73,USD,2025-09-02,mobile_app
B002170,P01398,F0036,A017,Economy,112.92,EUR,2025-09-02,website
B002171,P00395,F0189,A020,Economy,123.86,EUR,2025-09-02,call_center
B002172,P00036,F0181,A061,First,1136.51,EUR,2025-09-02,mobile_app
B002173,P00286,F0411,A053,Economy,141.51,EUR,2025-09-02,mobile_app
B002174,P00143,F0364,A018,Economy,151.17,USD,2025-09-02,call_center
B002175,P00588,F0182,A023,Economy,155.86,GBP,2025-09-02,website
B002176,P01220,F0017,A063,Economy,93.78,EUR,2025-09-02,website
B002177,P00262,F0013,A078,Economy,142.76,USD,2025-09-02,mobile_app
B002178,P01788,F0016,A008,Economy,165.95,EUR,2025-09-02,call_center
B002179,P01272,F0067,A060,Economy,125.83,EUR,2025-09-02,website
B002180,P01078,F0347,A072,Business,1170.95,EUR,2025-09-02,mobile_app
B002181,P00460,F0229,A065,Premium Economy,470.36,USD,2025-09-02,mobile_app
B002182,P00782,F0401,A060,Economy,163.4,GBP,2025-09-02,website
B002183,P01801,F0092,A080,Business,901.26,EUR,2025-09-02,mobile_app
B002184,P00052,F0202,A064,Premium Economy,208.98,EUR,2025-09-02,website
B002185,P01510,F0193,A074,Economy,172.62,GBP,2025-09-02,call_center
B002186,P00305,F0161,A052,Economy,104.69,EUR,2025-09-02,call_center
B002187,P00840,F0044,A069,Economy,139.38,EUR,2025-09-02,website
B002188,P00259,F0053,A031,Premium Economy,430.42,USD,2025-09-02,website
B002189,P01031,F0238,A060,First,1888.29,EUR,2025-09-02,travel_agency
B002190,P01591,F0184,A043,Business,884.17,EUR,2025-09-02,website
B002191,P01260,F0041,A032,Business,1320.18,GBP,2025-09-02,website
B002192,P01741,F0287,A049,Economy,178.38,USD,2025-09-02,website
B002193,P01344,F0247,A052,Premium Economy,225.17,EUR,2025-09-02,website
B002194,P00223,F0008,A059,Economy,173.59,EUR,2025-09-02,mobile_app
B002195,P00258,F0157,A065,First,1581.18,GBP,2025-09-02,travel_agency
B002196,P01474,F0160,A035,Economy,124.83,USD,2025-09-02,website
B002197,P00309,F0080,A034,Business,599.06,USD,2025-09-02,website
B002198,P01526,F0132,A070,Economy,116.89,EUR,2025-09-02,mobile_app
B002199,P00819,F0090,A063,Economy,155.15,EUR,2025-09-02,website
B002200,P00208,F0047,A069,Premium Economy,382.54,USD,2025-09-02,travel_agency
B002201,P01075,F0287,A049,Economy,90.49,EUR,2025-09-02,travel_agency
B002202,P00462,F0226,A012,Economy,114.51,USD,2025-09-02,website
B002203,P01470,F0265,A026,Premium Economy,195.95,USD,2025-09-02,mobile_app
B002204,P00830,F0220,A015,Economy,123.05,GBP,2025-09-02,website
B002205,P00090,F0052,A022,Premium Economy,231.98,EUR,2025-09-02,travel_agency
B002206,P01523,F0163,A011,Economy,107.15,USD,2025-09-02,website
B002207,P00823,F0016,A008,Economy,78.42,USD,2025-09-02,call_center
B002208,P00491,F0223,A045,Economy,134.58,EUR,2025-09-02,mobile_app
B002209,P00120,F0266,A069,Economy,97.53,EUR,2025-09-02,mobile_app
B002210,P01115,F0055,A052,Economy,176.34,USD,2025-09-02,travel_agency
B002211,P01641,F0026,A068,Economy,106.78,GBP,2025-09-02,website
B002212,P00493,F0251,A040,Premium Economy,208.94,USD,2025-09-02,mobile_app
B002213,P01548,F0309,A079,Premium Economy,376.89,EUR,2025-09-02,travel_agency
B002214,P01539,F0055,A052,Business,873.04,GBP,2025-09-02,travel_agency
B002215,P01251,F0186,A051,Premium Economy,477.15,GBP,2025-09-02,mobile_app
B002216,P01315,F0135,A048,Economy,107.9,GBP,2025-09-02,mobile_app
B002217,P00747,F0276,A059,Economy,188.08,USD,2025-09-02,website
B002218,P00692,F0231,A017,Economy,138.79,USD,2025-09-02,website
B002219,P01372,F0087,A023,Economy,181.27,EUR,2025-09-02,mobile_app
B002220,P00946,F0249,A079,Economy,147.44,EUR,2025-09-02,website
B002221,P00217,F0059,A067,Business,908.34,USD,2025-09-02,mobile_app
B002222,P01697,F0414,A039,Economy,91.48,GBP,2025-09-02,mobile_app
B002223,P00787,F0403,A076,Economy,103.67,EUR,2025-09-02,website
B002224,P01703,F0103,A045,Economy,100.56,EUR,2025-09-02,website
B002225,P00015,F0056,A023,Business,685.68,EUR,2025-09-02,website
B002226,P00751,F0384,A025,Premium Economy,417.59,EUR,2025-09-02,call_center
B002227,P01321,F0017,A063,Economy,104.37,GBP,2025-09-02,website
B002228,P01782,F0409,A041,Economy,121.8,EUR,2025-09-02,call_center
B002229,P00078,F0064,A078,Economy,171.46,EUR,2025-09-02,mobile_app
B002230,P01722,F0201,A039,Economy,129.44,EUR,2025-09-02,mobile_app
B002231,P01385,F0205,A065,Premium Economy,386.25,EUR,2025-09-02,mobile_app
B002232,P01728,F0062,A008,Economy,195.8,GBP,2025-09-02,mobile_app
B002233,P00113,F0074,A077,Economy,164.71,USD,2025-09-02,travel_agency
B002234,P00010,F0076,A059,Economy,132.52,EUR,2025-09-02,website
B002235,P01653,F0024,A055,First,2391.6,USD,2025-09-02,travel_agency
B002236,P00434,F0082,A063,Economy,160.55,USD,2025-09-02,mobile_app
B002237,P00591,F0116,A020,Economy,140.27,EUR,2025-09-02,website
B002238,P00220,F0013,A078,Economy,165.06,USD,2025-09-02,travel_agency
B002239,P00469,F0008,A059,Economy,77.9,EUR,2025-09-02,travel_agency
B002240,P00747,F0199,A061,Economy,168.22,USD,2025-09-02,call_center
B002241,P01448,F0370,A059,Economy,172.07,EUR,2025-09-02,travel_agency
B002242,P00477,F0325,A058,Business,801.97,EUR,2025-09-02,website
B002243,P01791,F0009,A065,Premium Economy,410.4,GBP,2025-09-02,website
B002244,P00992,F0409,A041,First,2110.91,USD,2025-09-02,travel_agency
B002245,P00506,F0064,A078,Economy,141.53,EUR,2025-09-02,travel_agency
B002246,P01565,F0058,A071,Economy,81.62,EUR,2025-09-02,mobile_app
B002247,P01200,F0052,A022,Economy,118.89,USD,2025-09-02,mobile_app
B002248,P00317,F0179,A048,Economy,119.42,GBP,2025-09-02,website
B002249,P00933,F0355,A024,Premium Economy,225.52,USD,2025-09-02,website
B002250,P00892,F0154,A061,Premium Economy,409.58,USD,2025-09-02,website
B002251,P00935,F0146,A034,Economy,131.04,EUR,2025-09-02,website
B002252,P00417,F0054,A079,Economy,79.7,USD,2025-09-02,website
B002253,P01533,F0202,A064,Premium Economy,376.92,USD,2025-09-02,mobile_app
B002254,P01468,F0120,A080,Economy,79.71,EUR,2025-09-02,website
B002255,P01577,F0119,A043,Economy,95.4,EUR,2025-09-02,travel_agency
B002256,P00665,F0157,A065,Economy,160.92,USD,2025-09-02,website
B002257,P00681,F0084,A046,Economy,104.7,USD,2025-09-02,mobile_app
B002258,P00911,F0212,A064,First,1484.44,USD,2025-09-02,website
B002259,P00878,F0024,A055,Economy,103.58,EUR,2025-09-02,mobile_app
B002260,P00295,F0199,A061,Premium Economy,323.3,EUR,2025-09-02,travel_agency
B002261,P00427,F0107,A035,Business,1181.23,GBP,2025-09-02,website
B002262,P00734,F0219,A010,Premium Economy,361.95,EUR,2025-09-02,mobile_app
B002263,P00961,F0383,A078,Economy,148.53,EUR,2025-09-02,mobile_app
B002264,P01046,F0016,A008,Premium Economy,458.9,USD,2025-09-02,website
B002265,P00118,F0360,A059,Economy,159.43,USD,2025-09-02,travel_agency
B002266,P01602,F0135,A048,Economy,75.2,USD,2025-09-02,travel_agency
B002267,P00410,F0411,A053,Economy,144.79,USD,2025-09-02,call_center
B002268,P00908,F0172,A014,Economy,126.06,EUR,2025-09-02,website
B002269,P01499,F0100,A006,Premium Economy,275.07,EUR,2025-09-02,mobile_app
B002270,P00936,F0264,A018,Economy,134.98,EUR,2025-09-02,website
B002271,P01189,F0230,A029,Business,1161.06,EUR,2025-09-02,travel_agency
B002272,P01718,F0277,A028,Economy,94.8,EUR,2025-09-02,website
B002273,P00423,F0068,A044,Economy,94.71,USD,2025-09-02,website
B002274,P00212,F0341,A066,Economy,85.41,EUR,2025-09-02,mobile_app
B002275,P00991,F0195,A014,Premium Economy,307.19,EUR,2025-09-02,mobile_app
B002276,P01584,F0222,A018,Economy,109.11,USD,2025-09-02,mobile_app
B002277,P01702,F0060,A043,Economy,141.61,USD,2025-09-02,website
B002278,P00213,F0197,A007,Economy,177.28,GBP,2025-09-02,website
B002279,P00367,F0307,A005,Business,690.33,GBP,2025-09-02,mobile_app
B002280,P00029,F0299,A027,Premium Economy,205.46,GBP,2025-09-02,website
B002281,P01002,F0360,A059,Economy,176.43,EUR,2025-09-02,mobile_app
B002282,P01797,F0038,A056,Economy,183.77,EUR,2025-09-02,website
B002283,P00398,F0043,A043,Economy,128.15,USD,2025-09-02,travel_agency
B002284,P00068,F0363,A016,Economy,108.69,EUR,2025-09-02,website
B002285,P00573,F0241,A051,Economy,119.47,EUR,2025-09-02,website
B002286,P00571,F0232,A020,Economy,170.6,EUR,2025-09-02,website
B002287,P00456,F0292,A019,Economy,192.7,EUR,2025-09-02,website
B002288,P00321,F0171,A052,Economy,183.0,USD,2025-09-02,mobile_app
B002289,P01419,F0289,A077,Economy,148.06,USD,2025-09-02,website
B002290,P01540,F0244,A052,Premium Economy,327.92,USD,2025-09-02,website
B002291,P00794,F0301,A060,Economy,100.0,USD,2025-09-02,website
B002292,P00880,F0411,A053,Economy,79.5,USD,2025-09-02,mobile_app
B002293,P00679,F0238,A060,Economy,175.83,EUR,2025-09-02,website
B002294,P00421,F0341,A066,Economy,146.1,EUR,2025-09-02,mobile_app
B002295,P00915,F0308,A020,Economy,163.07,USD,2025-09-02,mobile_app
B002296,P00858,F0157,A065,Premium Economy,406.44,GBP,2025-09-02,travel_agency
B002297,P01105,F0012,A069,Economy,73.29,USD,2025-09-02,website
B002298,P00340,F0089,A057,Economy,95.46,EUR,2025-09-02,website
B002299,P00488,F0156,A046,Business,1083.92,EUR,2025-09-02,mobile_app
B002300,P00356,F0018,A061,Economy,185.24,EUR,2025-09-02,website
B002301,P00344,F0107,A035,Economy,102.83,EUR,2025-09-02,website
B002302,P01637,F0197,A007,Business,821.56,GBP,2025-09-02,website
B002303,P00464,F0327,A050,Business,1420.27,EUR,2025-09-02,travel_agency
B002304,P00463,F0362,A014,Business,1298.34,USD,2025-09-02,travel_agency
B002305,P01592,F0294,A054,Economy,98.23,EUR,2025-09-02,travel_agency
B002306,P00604,F0100,A006,Business,1293.32,EUR,2025-09-02,website
B002307,P01650,F0224,A047,Economy,139.71,EUR,2025-09-02,mobile_app
B002308,P00473,F0283,A008,First,1360.0,USD,2025-09-02,travel_agency
B002309,P00332,F0400,A065,Economy,182.84,EUR,2025-09-02,travel_agency
B002310,P00642,F0399,A042,Economy,186.37,USD,2025-09-02,mobile_app
B002311,P00498,F0029,A041,Economy,193.84,EUR,2025-09-02,website
B002312,P00762,F0242,A037,Economy,107.01,EUR,2025-09-02,website
B002313,P01763,F0095,A001,Economy,105.79,EUR,2025-09-02,website
B002314,P01619,F0236,A062,Economy,84.32,EUR,2025-09-02,website
B002315,P00205,F0040,A021,Premium Economy,324.34,EUR,2025-09-02,website
B002316,P00562,F0222,A018,Business,950.84,EUR,2025-09-02,travel_agency
B002317,P00516,F0334,A032,Business,868.62,GBP,2025-09-02,website
B002318,P00872,F0014,A048,Business,629.62,USD,2025-09-02,website
B002319,P00325,F0003,A018,Economy,155.14,GBP,2025-09-02,travel_agency
B002320,P00554,F0166,A040,Business,575.59,EUR,2025-09-02,website
B002321,P01749,F0186,A051,Premium Economy,278.21,EUR,2025-09-02,website
B002322,P00286,F0110,A035,Premium Economy,206.91,USD,2025-09-02,website
B002323,P01047,F0353,A011,Business,1294.73,EUR,2025-09-02,mobile_app
B002324,P00942,F0338,A069,Economy,148.29,EUR,2025-09-02,mobile_app
B002325,P00315,F0131,A017,Business,1403.38,USD,2025-09-02,website
B002326,P01371,F0133,A038,Economy,112.49,GBP,2025-09-02,travel_agency
B002327,P00016,F0311,A023,Economy,110.12,USD,2025-09-02,mobile_app
B002328,P00783,F0227,A053,Economy,176.52,EUR,2025-09-02,website
B002329,P01194,F0123,A073,Premium Economy,357.59,USD,2025-09-02,website
B002330,P00118,F0189,A020,Business,671.0,EUR,2025-09-02,mobile_app
B002331,P00564,F0151,A038,First,1232.37,USD,2025-09-02,mobile_app
B002332,P01493,F0418,A043,Premium Economy,338.41,EUR,2025-09-02,mobile_app
B002333,P00657,F0089,A057,First,2490.96,USD,2025-09-02,mobile_app
B002334,P00037,F0213,A078,Premium Economy,403.81,EUR,2025-09-02,mobile_app
B002335,P00345,F0349,A001,Economy,117.66,GBP,2025-09-02,travel_agency
B002336,P01497,F0338,A069,Business,859.64,USD,2025-09-02,website
B002337,P00376,F0292,A019,Economy,181.57,EUR,2025-09-02,website
B002338,P01617,F0095,A001,Economy,155.62,USD,2025-09-02,website
B002339,P01119,F0156,A046,Economy,123.81,USD,2025-09-02,website
B002340,P00186,F0094,A028,Economy,179.24,EUR,2025-09-02,website
B002341,P01154,F0143,A009,Economy,144.25,USD,2025-09-02,travel_agency
B002342,P00856,F0319,A050,Premium Economy,297.48,USD,2025-09-02,website
B002343,P00001,F0070,A026,Economy,105.05,USD,2025-09-02,website
B002344,P00740,F0027,A031,First,1963.4,EUR,2025-09-02,mobile_app
B002345,P00039,F0148,A067,Economy,162.36,USD,2025-09-02,website
B002346,P00450,F0405,A049,Economy,102.95,USD,2025-09-02,mobile_app
B002347,P00611,F0092,A080,Economy,177.38,EUR,2025-09-02,call_center
B002348,P00012,F0116,A020,Economy,159.55,EUR,2025-09-02,website
B002349,P00983,F0278,A073,Economy,155.04,EUR,2025-09-02,website
B002350,P01520,F0058,A071,Business,900.37,USD,2025-09-02,mobile_app
B002351,P00801,F0230,A029,Business,776.06,USD,2025-09-02,mobile_app
B002352,P01160,F0186,A051,Economy,113.02,EUR,2025-09-02,website
B002353,P01679,F0222,A018,Economy,125.63,EUR,2025-09-02,website
B002354,P01764,F0058,A071,Economy,183.64,USD,2025-09-02,website
B002355,P01252,F0341,A066,Business,755.67,USD,2025-09-02,call_center
B002356,P00410,F0156,A046,Economy,162.14,EUR,2025-09-02,website
B002357,P01521,F0150,A036,Economy,96.78,EUR,2025-09-02,mobile_app
B002358,P00964,F0204,A024,Economy,191.83,GBP,2025-09-02,travel_agency
B002359,P00427,F0222,A018,Business,1238.94,USD,2025-09-02,website
B002360,P01790,F0024,A055,Premium Economy,308.0,EUR,2025-09-02,website
B002361,P01115,F0179,A048,Economy,127.61,GBP,2025-09-02,travel_agency
B002362,P01144,F0261,A057,Economy,95.79,EUR,2025-09-02,website
B002363,P00449,F0088,A038,Economy,128.11,EUR,2025-09-02,website
B002364,P00449,F0409,A041,Economy,105.85,EUR,2025-09-02,website
B002365,P00797,F0102,A067,Economy,144.15,EUR,2025-09-02,travel_agency
B002366,P01778,F0006,A050,Economy,108.97,USD,2025-09-02,mobile_app
B002367,P00281,F0199,A061,Business,900.4,USD,2025-09-02,website
B002368,P01044,F0247,A052,Economy,126.67,USD,2025-09-02,website
B002369,P00007,F0007,A015,First,2287.42,EUR,2025-09-02,travel_agency
B002370,P00974,F0332,A077,Business,1195.15,EUR,2025-09-02,website
B002371,P00658,F0385,A031,Economy,170.31,USD,2025-09-02,travel_agency
B002372,P00452,F0017,A063,Economy,132.1,EUR,2025-09-02,mobile_app
B002373,P01721,F0026,A068,Economy,153.59,EUR,2025-09-02,website
B002374,P01058,F0116,A020,Economy,105.0,EUR,2025-09-02,website
B002375,P01098,F0386,A050,Economy,166.81,USD,2025-09-02,call_center
B002376,P00526,F0184,A043,Business,1335.45,USD,2025-09-02,website
B002377,P00828,F0204,A024,Premium Economy,346.46,USD,2025-09-02,call_center
B002378,P00609,F0035,A033,Economy,183.17,EUR,2025-09-02,website
B002379,P01157,F0272,A032,Premium Economy,186.34,EUR,2025-09-02,mobile_app
B002380,P01714,F0369,A036,Economy,85.86,USD,2025-09-02,website
B002381,P01318,F0021,A024,Premium Economy,435.11,USD,2025-09-02,website
B002382,P01529,F0123,A073,Economy,183.17,EUR,2025-09-02,travel_agency
B002383,P01810,F0119,A043,Premium Economy,258.24,EUR,2025-09-02,mobile_app
B002384,P00977,F0111,A025,Economy,153.22,USD,2025-09-02,website
B002385,P01608,F0213,A078,Economy,183.85,EUR,2025-09-02,call_center
B002386,P00862,F0095,A001,Premium Economy,302.38,GBP,2025-09-02,travel_agency
B002387,P00167,F0340,A073,Economy,149.4,USD,2025-09-02,mobile_app
B002388,P00674,F0343,A014,Economy,99.47,USD,2025-09-02,mobile_app
B002389,P01526,F0024,A055,Economy,97.86,EUR,2025-09-02,website
B002390,P01408,F0088,A038,Premium Economy,366.32,USD,2025-09-02,travel_agency
B002391,P01716,F0210,A033,Economy,111.68,GBP,2025-09-02,website
B002392,P01292,F0012,A069,Business,795.44,EUR,2025-09-02,travel_agency
B002393,P00538,F0368,A035,Economy,153.64,USD,2025-09-02,travel_agency
B002394,P01758,F0407,A011,Economy,122.59,USD,2025-09-02,website
B002395,P01706,F0206,A003,Economy,79.71,EUR,2025-09-02,travel_agency
B002396,P01372,F0303,A029,Business,1335.65,EUR,2025-09-02,website
B002397,P01558,F0305,A044,Economy,177.46,USD,2025-09-02,website
B002398,P00328,F0298,A078,Premium Economy,327.09,USD,2025-09-02,website
B002399,P01563,F0170,A041,First,1519.98,USD,2025-09-02,mobile_app
B002400,P00013,F0241,A051,Premium Economy,340.44,USD,2025-09-02,website
B002401,P01190,F0137,A039,Economy,108.78,EUR,2025-09-02,mobile_app
B002402,P01349,F0311,A023,Economy,101.54,GBP,2025-09-02,mobile_app
B002403,P00620,F0124,A031,Business,1145.25,USD,2025-09-02,mobile_app
B002404,P01575,F0059,A067,Economy,143.26,GBP,2025-09-02,website
B002405,P00131,F0200,A028,Economy,149.73,USD,2025-09-02,website
B002406,P01231,F0002,A073,Economy,138.84,GBP,2025-09-02,website
B002407,P01508,F0295,A029,Business,1225.95,USD,2025-09-02,website
B002408,P01591,F0028,A011,Premium Economy,444.44,USD,2025-09-02,mobile_app
B002409,P00229,F0246,A051,Premium Economy,303.6,USD,2025-09-02,travel_agency
B002410,P01300,F0203,A019,Economy,106.16,EUR,2025-09-02,website
B002411,P01756,F0342,A051,Economy,167.21,GBP,2025-09-02,website
B002412,P00518,F0200,A028,Premium Economy,447.81,USD,2025-09-02,mobile_app
B002413,P01327,F0074,A077,Business,985.01,EUR,2025-09-02,website
B002414,P00235,F0236,A062,Premium Economy,322.59,GBP,2025-09-02,call_center
B002415,P00088,F0217,A057,Economy,128.23,EUR,2025-09-02,website
B002416,P01048,F0334,A032,Economy,152.72,GBP,2025-09-02,travel_agency
B002417,P00308,F0239,A050,Economy,138.62,USD,2025-09-02,website
B002418,P01565,F0091,A073,Premium Economy,267.16,EUR,2025-09-02,mobile_app
B002419,P01340,F0400,A065,Business,1294.1,EUR,2025-09-02,mobile_app
B002420,P00695,F0349,A001,Economy,191.88,EUR,2025-09-02,mobile_app
B002421,P00155,F0335,A076,Economy,124.79,EUR,2025-09-02,call_center
B002422,P01216,F0363,A016,Economy,183.45,EUR,2025-09-02,website
B002423,P00272,F0249,A079,Economy,73.96,EUR,2025-09-02,website
B002424,P00246,F0009,A065,Economy,129.49,USD,2025-09-02,travel_agency
B002425,P01795,F0221,A034,Economy,105.33,EUR,2025-09-02,website
B002426,P01321,F0313,A032,Economy,95.17,EUR,2025-09-02,call_center
B002427,P00980,F0361,A070,Premium Economy,453.2,EUR,2025-09-02,website
B002428,P01343,F0397,A074,Economy,189.24,EUR,2025-09-02,website
B002429,P01209,F0197,A007,Economy,74.34,EUR,2025-09-02,travel_agency
B002430,P00510,F0117,A057,Economy,73.13,USD,2025-09-02,website
B002431,P01659,F0238,A060,Economy,188.78,EUR,2025-09-02,mobile_app
B002432,P00002,F0344,A044,Premium Economy,216.61,USD,2025-09-02,website
B002433,P01554,F0167,A028,Economy,184.32,EUR,2025-09-02,website
B002434,P00871,F0116,A020,Premium Economy,254.8,USD,2025-09-02,mobile_app
B002435,P01583,F0232,A020,Premium Economy,466.02,USD,2025-09-02,call_center
B002436,P00558,F0210,A033,Premium Economy,434.84,GBP,2025-09-02,mobile_app
B002437,P01456,F0062,A008,Economy,143.81,GBP,2025-09-02,website
B002438,P01446,F0195,A014,Economy,122.41,EUR,2025-09-02,website
B002439,P00079,F0067,A060,Economy,120.03,USD,2025-09-02,mobile_app
B002440,P00836,F0330,A064,First,1676.06,EUR,2025-09-02,website
B002441,P00980,F0161,A052,Economy,193.94,GBP,2025-09-02,mobile_app
B002442,P00104,F0091,A073,Economy,191.87,EUR,2025-09-02,mobile_app
B002443,P00842,F0096,A037,Economy,143.02,EUR,2025-09-02,website
B002444,P00917,F0209,A006,Economy,191.53,USD,2025-09-02,website
B002445,P00773,F0098,A022,Business,1075.35,USD,2025-09-02,travel_agency
B002446,P00317,F0316,A073,Premium Economy,357.1,USD,2025-09-02,travel_agency
B002447,P00442,F0389,A052,Economy,112.4,USD,2025-09-02,mobile_app
B002448,P00938,F0210,A033,Economy,161.47,EUR,2025-09-02,website
B002449,P00617,F0415,A013,Economy,87.3,EUR,2025-09-02,website
B002450,P01641,F0275,A016,Business,748.84,USD,2025-09-02,website
B002451,P01069,F0172,A014,Economy,166.0,GBP,2025-09-02,mobile_app
B002452,P00825,F0081,A025,First,1139.29,EUR,2025-09-02,website
B002453,P01336,F0155,A017,Economy,160.0,GBP,2025-09-02,website
B002454,P00138,F0326,A071,Premium Economy,470.63,EUR,2025-09-02,mobile_app
B002455,P01771,F0119,A043,Business,778.66,GBP,2025-09-02,website
B002456,P00419,F0156,A046,Economy,137.09,USD,2025-09-02,website
B002457,P00950,F0337,A020,Business,640.48,USD,2025-09-02,mobile_app
B002458,P01362,F0341,A066,Economy,120.35,EUR,2025-09-02,travel_agency
B002459,P00024,F0370,A059,Economy,113.52,GBP,2025-09-02,mobile_app
B002460,P00479,F0029,A041,Economy,114.44,EUR,2025-09-02,mobile_app
B002461,P00877,F0256,A049,First,2312.92,USD,2025-09-02,mobile_app
B002462,P01258,F0136,A004,Economy,122.49,GBP,2025-09-02,mobile_app
B002463,P01660,F0413,A042,Economy,76.28,GBP,2025-09-02,website
B002464,P00009,F0281,A073,Economy,82.73,USD,2025-09-02,website
B002465,P00837,F0002,A073,Economy,123.54,GBP,2025-09-02,website
B002466,P00314,F0175,A019,First,2605.08,USD,2025-09-02,mobile_app
B002467,P01721,F0410,A018,Economy,72.85,EUR,2025-09-02,call_center
B002468,P01443,F0259,A072,Economy,92.58,EUR,2025-09-02,website
B002469,P01255,F0101,A074,Economy,111.78,EUR,2025-09-02,website
B002470,P00403,F0262,A035,Economy,152.94,EUR,2025-09-02,call_center
B002471,P00859,F0184,A043,Economy,82.86,USD,2025-09-02,mobile_app
B002472,P00684,F0024,A055,Economy,177.0,USD,2025-09-02,mobile_app
B002473,P00407,F0383,A078,Economy,136.97,EUR,2025-09-02,mobile_app
B002474,P00377,F0099,A039,Economy,174.11,GBP,2025-09-02,website
B002475,P01235,F0236,A062,Economy,72.01,EUR,2025-09-02,website
B002476,P01082,F0234,A004,Premium Economy,304.12,EUR,2025-09-02,website
B002477,P01800,F0034,A037,Business,524.68,USD,2025-09-02,website
B002478,P01233,F0041,A032,Premium Economy,197.96,EUR,2025-09-02,website
B002479,P01587,F0365,A069,Economy,194.85,EUR,2025-09-02,mobile_app
B002480,P01090,F0348,A056,Economy,146.73,EUR,2025-09-02,website
B002481,P00076,F0100,A006,First,2305.84,EUR,2025-09-02,travel_agency
B002482,P00710,F0268,A059,Economy,140.62,EUR,2025-09-02,mobile_app
B002483,P01698,F0050,A073,Economy,128.94,EUR,2025-09-02,travel_agency
B002484,P00510,F0206,A003,Premium Economy,361.5,EUR,2025-09-02,website
B002485,P00956,F0343,A014,Economy,72.34,EUR,2025-09-02,mobile_app
B002486,P00654,F0007,A015,Premium Economy,450.98,EUR,2025-09-02,website
B002487,P00510,F0010,A001,First,2304.25,USD,2025-09-02,mobile_app
B002488,P01093,F0093,A040,Economy,75.04,EUR,2025-09-02,website
B002489,P01500,F0409,A041,Economy,164.15,EUR,2025-09-02,website
B002490,P01389,F0286,A001,Economy,191.51,USD,2025-09-02,mobile_app
B002491,P01081,F0011,A008,Premium Economy,342.47,EUR,2025-09-02,website
B002492,P00186,F0320,A030,Premium Economy,475.01,EUR,2025-09-02,mobile_app
B002493,P01763,F0376,A062,Economy,97.67,EUR,2025-09-02,mobile_app
B002494,P00389,F0069,A070,Economy,148.22,EUR,2025-09-02,website
B002495,P01026,F0011,A008,Economy,185.4,USD,2025-09-02,travel_agency
B002496,P01462,F0257,A034,Economy,193.58,USD,2025-09-02,call_center
B002497,P00085,F0022,A070,Economy,195.36,USD,2025-09-02,mobile_app
B002498,P01706,F0325,A058,Economy,163.08,USD,2025-09-02,travel_agency
B002499,P00162,F0147,A047,Business,603.61,USD,2025-09-02,travel_agency
B002500,P00198,F0205,A065,Economy,114.25,EUR,2025-09-02,website
B002501,P01627,F0025,A070,Economy,122.32,EUR,2025-09-02,website
B002502,P00067,F0313,A032,Premium Economy,266.94,EUR,2025-09-02,mobile_app
B002503,P00643,F0083,A075,Economy,100.46,GBP,2025-09-02,mobile_app
B002504,P00559,F0251,A040,Economy,117.78,EUR,2025-09-02,mobile_app
B002505,P00117,F0370,A059,Business,1305.82,USD,2025-09-02,mobile_app
B002506,P00403,F0072,A014,Business,592.73,USD,2025-09-02,website
B002507,P01252,F0396,A008,Economy,144.11,USD,2025-09-02,mobile_app
B002508,P00983,F0221,A034,Business,1251.55,GBP,2025-09-02,website
B002509,P00670,F0214,A038,Economy,160.59,USD,2025-09-02,travel_agency
B002510,P00028,F0192,A037,Economy,89.37,EUR,2025-09-02,mobile_app
B002511,P00766,F0157,A065,Economy,133.26,USD,2025-09-02,website
B002512,P01046,F0113,A063,Business,885.17,EUR,2025-09-02,travel_agency
B002513,P00812,F0207,A043,Economy,121.87,EUR,2025-09-02,website
B002514,P01075,F0023,A052,Economy,183.77,EUR,2025-09-02,mobile_app
B002515,P01265,F0139,A076,Business,1015.97,EUR,2025-09-02,travel_agency
B002516,P00243,F0308,A020,Economy,196.54,EUR,2025-09-02,mobile_app
B002517,P00748,F0339,A011,Economy,89.04,USD,2025-09-02,website
B002518,P00930,F0365,A069,Economy,167.38,USD,2025-09-02,mobile_app
B002519,P00230,F0193,A074,Economy,144.38,USD,2025-09-02,call_center
B002520,P01455,F0022,A070,Economy,139.21,EUR,2025-09-02,travel_agency
B002521,P01656,F0245,A050,Economy,191.39,GBP,2025-09-02,mobile_app
B002522,P01278,F0134,A072,Premium Economy,357.89,EUR,2025-09-02,website
B002523,P01226,F0397,A074,Economy,107.47,EUR,2025-09-02,website
B002524,P01129,F0271,A042,Economy,74.05,USD,2025-09-02,mobile_app
B002525,P01276,F0313,A032,Economy,116.15,EUR,2025-09-02,travel_agency
B002526,P00816,F0147,A047,Premium Economy,477.95,EUR,2025-09-02,website
B002527,P00306,F0422,A018,Premium Economy,213.99,USD,2025-09-02,website
B002528,P00025,F0371,A035,Economy,101.58,USD,2025-09-02,website
B002529,P00635,F0221,A034,Business,1013.0,EUR,2025-09-02,website
B002530,P00316,F0236,A062,Business,1209.57,GBP,2025-09-02,website
B002531,P01625,F0069,A070,Economy,197.28,EUR,2025-09-02,website
B002532,P00408,F0038,A056,Economy,157.79,EUR,2025-09-02,website
B002533,P00185,F0385,A031,Economy,125.32,USD,2025-09-02,website
B002534,P01802,F0028,A011,Economy,144.08,EUR,2025-09-02,website
B002535,P00503,F0157,A065,Economy,146.43,EUR,2025-09-02,mobile_app
B002536,P00542,F0029,A041,Premium Economy,401.43,EUR,2025-09-02,website
B002537,P00945,F0168,A056,Premium Economy,355.73,EUR,2025-09-02,mobile_app
B002538,P00164,F0301,A060,Business,1210.21,GBP,2025-09-02,mobile_app
B002539,P01510,F0280,A012,Economy,190.03,USD,2025-09-02,website
B002540,P00796,F0112,A065,Economy,183.53,USD,2025-09-02,website
B002541,P01001,F0170,A041,Premium Economy,257.26,USD,2025-09-02,mobile_app
B002542,P00767,F0288,A015,Business,1144.86,EUR,2025-09-02,website
B002543,P01409,F0127,A062,First,2057.41,EUR,2025-09-02,mobile_app
B002544,P01740,F0285,A045,Economy,72.75,USD,2025-09-02,mobile_app
B002545,P00738,F0085,A016,Economy,126.49,EUR,2025-09-02,website
B002546,P01224,F0075,A065,Premium Economy,391.17,EUR,2025-09-02,mobile_app
B002547,P01750,F0110,A035,Economy,123.01,EUR,2025-09-02,website
B002548,P00660,F0295,A029,Business,738.47,EUR,2025-09-02,website
B002549,P01748,F0242,A037,Economy,146.81,EUR,2025-09-02,website
B002550,P01261,F0250,A073,Business,1369.08,EUR,2025-09-02,mobile_app
B002551,P00096,F0178,A008,Premium Economy,218.09,USD,2025-09-02,website
B002552,P00001,F0050,A073,Economy,80.22,USD,2025-09-02,website
B002553,P00601,F0091,A073,Economy,89.43,GBP,2025-09-02,mobile_app
B002554,P01063,F0038,A056,Economy,90.82,USD,2025-09-02,travel_agency
B002555,P00658,F0255,A061,Economy,180.61,EUR,2025-09-02,website
B002556,P00797,F0180,A060,Economy,79.25,GBP,2025-09-02,website
B002557,P01262,F0299,A027,Premium Economy,197.39,USD,2025-09-02,website
B002558,P01692,F0016,A008,Economy,121.56,EUR,2025-09-02,website
B002559,P01572,F0356,A037,Economy,167.55,GBP,2025-09-02,mobile_app
B002560,P00997,F0079,A049,Business,928.95,EUR,2025-09-02,website
B002561,P01474,F0040,A021,Economy,135.79,GBP,2025-09-02,call_center
B002562,P01483,F0211,A048,Business,955.11,GBP,2025-09-02,website
B002563,P00108,F0109,A029,Economy,101.99,USD,2025-09-02,website
B002564,P01019,F0164,A055,Economy,172.31,EUR,2025-09-02,website
B002565,P01299,F0386,A050,Premium Economy,321.66,USD,2025-09-02,mobile_app
B002566,P00554,F0069,A070,Business,536.84,USD,2025-09-02,website
B002567,P01024,F0416,A026,Premium Economy,227.44,EUR,2025-09-02,website
B002568,P01712,F0299,A027,Business,1362.61,USD,2025-09-02,website
B002569,P00830,F0021,A024,Economy,96.05,USD,2025-09-02,call_center
B002570,P01646,F0336,A038,Business,1378.89,GBP,2025-09-02,travel_agency
B002571,P00580,F0216,A052,Premium Economy,352.69,EUR,2025-09-02,mobile_app
B002572,P00214,F0342,A051,Economy,137.86,EUR,2025-09-02,mobile_app
B002573,P00980,F0410,A018,Economy,166.32,USD,2025-09-02,mobile_app
B002574,P00528,F0315,A056,Premium Economy,360.41,USD,2025-09-02,website
B002575,P01821,F0309,A079,Premium Economy,273.02,EUR,2025-09-02,travel_agency
B002576,P01343,F0314,A049,Premium Economy,239.92,USD,2025-09-02,travel_agency
B002577,P00262,F0230,A029,Economy,88.61,EUR,2025-09-02,mobile_app
B002578,P00207,F0201,A039,Economy,91.78,USD,2025-09-02,mobile_app
B002579,P00153,F0281,A073,Premium Economy,379.44,GBP,2025-09-02,website
B002580,P00696,F0150,A036,Economy,100.73,EUR,2025-09-02,mobile_app
B002581,P00895,F0095,A001,Premium Economy,404.32,GBP,2025-09-02,travel_agency
B002582,P01660,F0072,A014,Business,1058.34,USD,2025-09-02,travel_agency
B002583,P01681,F0262,A035,Economy,184.08,USD,2025-09-02,website
B002584,P01020,F0380,A028,Economy,159.71,EUR,2025-09-02,mobile_app
B002585,P00264,F0264,A018,Economy,97.83,USD,2025-09-02,mobile_app
B002586,P01334,F0255,A061,Economy,140.88,USD,2025-09-02,website
B002587,P01416,F0275,A016,Economy,81.71,USD,2025-09-02,mobile_app
B002588,P00758,F0133,A038,Economy,122.5,EUR,2025-09-02,call_center
B002589,P01769,F0315,A056,Economy,194.04,EUR,2025-09-02,travel_agency
B002590,P01394,F0171,A052,Economy,127.92,EUR,2025-09-02,travel_agency
B002591,P01377,F0204,A024,Economy,140.24,GBP,2025-09-02,travel_agency
B002592,P00809,F0234,A004,Economy,173.3,EUR,2025-09-02,mobile_app
B002593,P00855,F0301,A060,Business,596.14,EUR,2025-09-02,website
B002594,P00653,F0220,A015,Economy,164.29,USD,2025-09-02,website
B002595,P01350,F0145,A004,Economy,188.78,GBP,2025-09-02,website
B002596,P01820,F0399,A042,Premium Economy,328.01,EUR,2025-09-02,call_center
B002597,P00563,F0133,A038,Economy,72.72,EUR,2025-09-02,mobile_app
B002598,P01645,F0177,A041,Economy,124.28,USD,2025-09-02,website
B002599,P00147,F0362,A014,Economy,124.26,EUR,2025-09-02,website
B002600,P00526,F0080,A034,Economy,180.56,EUR,2025-09-02,travel_agency
B002601,P00607,F0309,A079,Economy,72.62,USD,2025-09-02,travel_agency
B002602,P01082,F0105,A042,Economy,197.76,EUR,2025-09-02,travel_agency
B002603,P01764,F0167,A028,Premium Economy,188.9,EUR,2025-09-02,website
B002604,P00094,F0128,A038,Economy,183.12,EUR,2025-09-02,call_center
B002605,P01037,F0080,A034,Business,1105.12,EUR,2025-09-02,website
B002606,P00100,F0368,A035,Economy,140.11,USD,2025-09-02,website
B002607,P00570,F0320,A030,Premium Economy,405.99,EUR,2025-09-02,mobile_app
B002608,P00888,F0007,A015,Economy,152.38,USD,2025-09-02,mobile_app
B002609,P01669,F0256,A049,Business,1334.74,GBP,2025-09-02,website
B002610,P00314,F0142,A028,Economy,141.96,EUR,2025-09-02,website
B002611,P00027,F0322,A075,Economy,109.65,GBP,2025-09-02,mobile_app
B002612,P00774,F0186,A051,Premium Economy,407.55,EUR,2025-09-02,call_center
B002613,P01008,F0008,A059,Economy,152.67,GBP,2025-09-02,mobile_app
B002614,P00690,F0359,A029,Economy,145.64,USD,2025-09-02,mobile_app
B002615,P00886,F0073,A026,Premium Economy,176.34,USD,2025-09-02,website
B002616,P01644,F0077,A069,Premium Economy,439.84,USD,2025-09-02,call_center
B002617,P01217,F0186,A051,Business,1407.21,EUR,2025-09-02,mobile_app
B002618,P00036,F0322,A075,Business,946.47,USD,2025-09-02,website
B002619,P01511,F0119,A043,Economy,127.44,EUR,2025-09-02,website
B002620,P01236,F0230,A029,Economy,118.03,GBP,2025-09-02,mobile_app
B002621,P00872,F0035,A033,Economy,164.96,GBP,2025-09-02,mobile_app
B002622,P00008,F0383,A078,Economy,135.11,USD,2025-09-02,website
B002623,P01301,F0319,A050,Economy,137.52,EUR,2025-09-02,mobile_app
B002624,P00861,F0144,A077,Economy,92.06,USD,2025-09-02,website
B002625,P01304,F0226,A012,Economy,117.43,USD,2025-09-02,mobile_app
B002626,P00928,F0402,A026,Economy,124.92,EUR,2025-09-02,travel_agency
B002627,P01809,F0110,A035,Economy,96.25,EUR,2025-09-02,website
B002628,P01303,F0311,A023,Economy,187.26,EUR,2025-09-02,website
B002629,P01622,F0279,A022,Business,1215.56,EUR,2025-09-02,mobile_app
B002630,P01814,F0153,A013,Premium Economy,293.5,EUR,2025-09-02,website
B002631,P01111,F0163,A011,Economy,146.81,EUR,2025-09-02,website
B002632,P00930,F0080,A034,Economy,163.34,EUR,2025-09-02,mobile_app
B002633,P01174,F0237,A045,Economy,75.4,EUR,2025-09-02,website
B002634,P01161,F0249,A079,Premium Economy,193.44,USD,2025-09-02,travel_agency
B002635,P00559,F0226,A012,Economy,181.99,USD,2025-09-02,mobile_app
B002636,P01820,F0236,A062,Economy,141.58,USD,2025-09-02,call_center
B002637,P00532,F0305,A044,Economy,80.9,USD,2025-09-02,website
B002638,P01203,F0164,A055,Economy,138.13,GBP,2025-09-02,travel_agency
B002639,P01391,F0286,A001,Economy,77.01,EUR,2025-09-02,website
B002640,P01182,F0271,A042,Economy,80.17,EUR,2025-09-02,website
B002641,P01032,F0305,A044,Economy,196.43,USD,2025-09-02,mobile_app
B002642,P01114,F0087,A023,Economy,98.47,EUR,2025-09-02,mobile_app
B002643,P00047,F0216,A052,Economy,180.52,GBP,2025-09-02,mobile_app
B002644,P00488,F0210,A033,Economy,146.8,USD,2025-09-02,website
B002645,P01222,F0335,A076,Premium Economy,184.58,USD,2025-09-02,mobile_app
B002646,P01107,F0288,A015,Business,610.79,GBP,2025-09-02,mobile_app
B002647,P00793,F0284,A054,Economy,178.76,USD,2025-09-02,website
B002648,P01643,F0408,A073,Economy,75.35,USD,2025-09-02,website
B002649,P01545,F0211,A048,Economy,179.08,USD,2025-09-02,travel_agency
B002650,P00271,F0025,A070,Economy,99.65,USD,2025-09-02,mobile_app
B002651,P01230,F0075,A065,Economy,184.58,EUR,2025-09-02,travel_agency
B002652,P01727,F0269,A015,Premium Economy,310.49,EUR,2025-09-02,travel_agency
B002653,P00648,F0024,A055,Economy,77.57,EUR,2025-09-02,mobile_app
B002654,P01050,F0325,A058,Economy,170.65,GBP,2025-09-02,call_center
B002655,P01402,F0099,A039,Economy,128.21,USD,2025-09-02,website
B002656,P00350,F0392,A059,Economy,177.82,USD,2025-09-02,travel_agency
B002657,P00697,F0053,A031,Economy,151.65,USD,2025-09-02,travel_agency
B002658,P00068,F0232,A020,Premium Economy,286.1,USD,2025-09-02,mobile_app
B002659,P01784,F0327,A050,Economy,165.13,USD,2025-09-02,mobile_app
B002660,P00638,F0146,A034,Economy,118.32,USD,2025-09-02,website
B002661,P00632,F0041,A032,Economy,183.86,GBP,2025-09-02,mobile_app
B002662,P00313,F0372,A063,Economy,189.96,GBP,2025-09-02,travel_agency
B002663,P01085,F0026,A068,Economy,196.8,EUR,2025-09-02,mobile_app
B002664,P01578,F0207,A043,Premium Economy,340.42,EUR,2025-09-02,website
B002665,P01775,F0339,A011,Economy,128.74,EUR,2025-09-02,website
B002666,P00620,F0074,A077,Economy,173.34,USD,2025-09-02,website
B002667,P00844,F0270,A044,Economy,195.02,USD,2025-09-02,website
B002668,P01666,F0405,A049,First,2633.42,USD,2025-09-02,website
B002669,P00136,F0155,A017,Premium Economy,309.06,GBP,2025-09-02,mobile_app
B002670,P01009,F0253,A032,Economy,135.76,EUR,2025-09-02,website
B002671,P00750,F0306,A046,Business,932.24,GBP,2025-09-02,mobile_app
B002672,P01344,F0373,A021,Premium Economy,311.27,EUR,2025-09-02,website
B002673,P00427,F0294,A054,Premium Economy,394.89,EUR,2025-09-02,travel_agency
B002674,P01432,F0174,A066,Economy,155.4,USD,2025-09-02,call_center
B002675,P00615,F0119,A043,Economy,83.4,GBP,2025-09-02,mobile_app
B002676,P01271,F0036,A017,Economy,165.1,USD,2025-09-02,mobile_app
B002677,P00943,F0205,A065,Economy,186.71,EUR,2025-09-02,travel_agency
B002678,P00797,F0249,A079,Premium Economy,230.42,EUR,2025-09-02,mobile_app
B002679,P00581,F0301,A060,Economy,153.94,GBP,2025-09-02,mobile_app
B002680,P01236,F0394,A048,Business,624.56,EUR,2025-09-02,website
B002681,P00340,F0007,A015,Business,590.0,USD,2025-09-02,website
B002682,P01696,F0290,A006,Economy,190.79,GBP,2025-09-02,website
B002683,P01703,F0419,A051,Premium Economy,260.22,EUR,2025-09-02,mobile_app
B002684,P00523,F0030,A010,Premium Economy,427.73,EUR,2025-09-02,mobile_app
B002685,P01495,F0237,A045,Economy,197.52,USD,2025-09-02,mobile_app
B002686,P00592,F0066,A051,Economy,155.72,GBP,2025-09-02,call_center
B002687,P01650,F0410,A018,Business,657.92,GBP,2025-09-02,mobile_app
B002688,P01474,F0398,A061,Economy,153.37,EUR,2025-09-02,travel_agency
B002689,P00387,F0061,A020,Economy,124.37,EUR,2025-09-02,website
B002690,P00851,F0397,A074,Economy,124.15,GBP,2025-09-02,website
B002691,P00493,F0164,A055,Premium Economy,261.59,USD,2025-09-02,travel_agency
B002692,P01704,F0070,A026,Premium Economy,215.43,USD,2025-09-02,call_center
B002693,P01102,F0140,A048,Economy,76.99,GBP,2025-09-02,website
B002694,P01122,F0231,A017,First,1552.59,EUR,2025-09-02,website
B002695,P00959,F0394,A048,Economy,180.89,USD,2025-09-02,website
B002696,P01655,F0337,A020,Economy,122.85,EUR,2025-09-02,website
B002697,P01579,F0086,A076,Economy,180.15,EUR,2025-09-02,website
B002698,P00890,F0208,A062,Business,1322.33,EUR,2025-09-02,travel_agency
B002699,P00786,F0027,A031,Economy,103.04,USD,2025-09-02,website
B002700,P01590,F0035,A033,Economy,166.56,USD,2025-09-02,mobile_app
B002701,P00730,F0323,A020,Economy,145.41,EUR,2025-09-02,website
B002702,P01730,F0363,A016,Economy,182.98,USD,2025-09-02,website
B002703,P01745,F0024,A055,Economy,194.06,GBP,2025-09-02,mobile_app
B002704,P01509,F0002,A073,First,2691.1,EUR,2025-09-02,mobile_app
B002705,P01589,F0109,A029,Business,1401.37,USD,2025-09-02,travel_agency
B002706,P00818,F0133,A038,Business,957.81,EUR,2025-09-02,travel_agency
B002707,P00616,F0120,A080,Economy,131.07,EUR,2025-09-02,website
B002708,P00566,F0132,A070,Business,863.95,USD,2025-09-02,website
B002709,P01176,F0364,A018,Economy,176.51,EUR,2025-09-02,website
B002710,P01192,F0136,A004,Premium Economy,317.06,USD,2025-09-02,mobile_app
B002711,P00275,F0167,A028,Economy,182.23,EUR,2025-09-02,website
B002712,P01803,F0169,A046,Economy,134.44,EUR,2025-09-02,website
B002713,P01070,F0101,A074,Economy,173.35,USD,2025-09-02,website
B002714,P00971,F0384,A025,Premium Economy,473.23,EUR,2025-09-02,website
B002715,P00133,F0045,A014,Economy,103.52,EUR,2025-09-02,mobile_app
B002716,P01626,F0089,A057,Economy,73.86,USD,2025-09-02,website
B002717,P01247,F0240,A021,Economy,156.59,USD,2025-09-02,website
B002718,P01546,F0157,A065,Economy,129.22,EUR,2025-09-02,mobile_app
B002719,P00293,F0345,A058,Business,1305.99,USD,2025-09-02,mobile_app
B002720,P01465,F0128,A038,Business,585.61,GBP,2025-09-02,website
B002721,P00828,F0395,A009,Economy,76.19,EUR,2025-09-02,website
B002722,P00687,F0265,A026,Economy,195.08,USD,2025-09-02,website
B002723,P00669,F0369,A036,Economy,187.35,EUR,2025-09-02,website
B002724,P01602,F0050,A073,Economy,91.33,EUR,2025-09-02,mobile_app
B002725,P00525,F0054,A079,Economy,112.29,USD,2025-09-02,website
B002726,P00823,F0050,A073,First,1951.85,EUR,2025-09-02,travel_agency
B002727,P00278,F0273,A075,Economy,179.46,EUR,2025-09-02,website
B002728,P01190,F0168,A056,Economy,88.44,USD,2025-09-02,website
B002729,P00057,F0199,A061,Economy,84.05,USD,2025-09-02,mobile_app
B002730,P00234,F0024,A055,Business,1209.93,EUR,2025-09-02,website
B002731,P00395,F0117,A057,Economy,100.71,EUR,2025-09-02,website
B002732,P00240,F0199,A061,Business,1244.91,EUR,2025-09-02,mobile_app
B002733,P01749,F0133,A038,Economy,123.88,EUR,2025-09-02,website
B002734,P00819,F0158,A072,Economy,109.6,USD,2025-09-02,mobile_app
B002735,P00355,F0226,A012,Premium Economy,257.22,USD,2025-09-02,website
B002736,P00112,F0140,A048,Economy,163.94,USD,2025-09-02,website
B002737,P01291,F0230,A029,Premium Economy,382.37,USD,2025-09-02,travel_agency
B002738,P01161,F0127,A062,Economy,141.32,USD,2025-09-02,website
B002739,P00730,F0249,A079,Business,888.34,USD,2025-09-02,website
B002740,P00828,F0092,A080,First,1847.02,EUR,2025-09-02,travel_agency
B002741,P00799,F0139,A076,Economy,193.02,EUR,2025-09-02,website
B002742,P01256,F0339,A011,Economy,187.43,EUR,2025-09-02,website
B002743,P00757,F0250,A073,Premium Economy,243.51,EUR,2025-09-02,mobile_app
B002744,P01786,F0195,A014,Economy,127.63,GBP,2025-09-02,website
B002745,P01461,F0407,A011,Economy,112.04,EUR,2025-09-02,website
B002746,P01421,F0305,A044,Premium Economy,461.19,EUR,2025-09-02,mobile_app
B002747,P01820,F0408,A073,Economy,114.72,EUR,2025-09-02,website
B002748,P00796,F0375,A040,Premium Economy,328.11,USD,2025-09-02,website
B002749,P00321,F0178,A008,Economy,152.76,GBP,2025-09-02,mobile_app
B002750,P01513,F0220,A015,Business,1089.02,GBP,2025-09-02,website
B002751,P00587,F0111,A025,Business,893.85,EUR,2025-09-02,mobile_app
B002752,P00054,F0129,A064,Premium Economy,303.19,EUR,2025-09-02,mobile_app
B002753,P00951,F0077,A069,Economy,146.37,EUR,2025-09-02,mobile_app
B002754,P01334,F0403,A076,Economy,81.72,EUR,2025-09-02,travel_agency
B002755,P00171,F0356,A037,Business,612.37,GBP,2025-09-02,mobile_app
B002756,P00182,F0102,A067,Premium Economy,185.0,EUR,2025-09-02,travel_agency
B002757,P00121,F0250,A073,Economy,131.41,EUR,2025-09-02,travel_agency
B002758,P00561,F0003,A018,Business,1008.04,EUR,2025-09-02,mobile_app
B002759,P00040,F0291,A038,Business,1025.9,EUR,2025-09-02,mobile_app
B002760,P00270,F0301,A060,Economy,195.38,GBP,2025-09-02,website
B002761,P00610,F0102,A067,Economy,170.66,EUR,2025-09-02,website
B002762,P00296,F0340,A073,Economy,166.33,GBP,2025-09-02,mobile_app
B002763,P00608,F0204,A024,Business,833.47,EUR,2025-09-02,travel_agency
B002764,P00930,F0099,A039,Economy,89.48,GBP,2025-09-02,travel_agency
B002765,P00616,F0309,A079,Economy,73.43,EUR,2025-09-02,mobile_app
B002766,P00164,F0266,A069,Business,1424.06,EUR,2025-09-02,mobile_app
B002767,P01459,F0372,A063,Business,785.84,EUR,2025-09-02,mobile_app
B002768,P00053,F0238,A060,First,1926.92,GBP,2025-09-02,website
B002769,P00228,F0173,A040,Economy,76.14,GBP,2025-09-02,website
B002770,P01157,F0184,A043,Premium Economy,184.48,EUR,2025-09-02,mobile_app
B002771,P01485,F0298,A078,Economy,145.72,USD,2025-09-02,website
B002772,P00557,F0118,A020,Economy,99.15,GBP,2025-09-02,website
B002773,P00421,F0254,A054,Premium Economy,470.76,EUR,2025-09-02,travel_agency
B002774,P01141,F0147,A047,Economy,140.73,USD,2025-09-02,website
B002775,P01759,F0032,A057,Business,915.09,USD,2025-09-02,website
B002776,P00187,F0131,A017,Business,614.39,EUR,2025-09-02,website
B002777,P01345,F0347,A072,Premium Economy,378.57,USD,2025-09-02,website
B002778,P00331,F0163,A011,Premium Economy,451.24,EUR,2025-09-02,mobile_app
B002779,P00244,F0219,A010,Business,887.82,USD,2025-09-02,website
B002780,P01221,F0039,A032,Business,556.0,EUR,2025-09-02,website
B002781,P01015,F0410,A018,Economy,184.81,GBP,2025-09-02,website
B002782,P00123,F0136,A004,Business,710.67,EUR,2025-09-02,website
B002783,P01362,F0369,A036,Economy,84.12,USD,2025-09-02,travel_agency
B002784,P01101,F0053,A031,Economy,120.15,EUR,2025-09-02,travel_agency
B002785,P01797,F0052,A022,Business,598.63,EUR,2025-09-02,website
B002786,P00201,F0071,A028,Premium Economy,355.55,EUR,2025-09-02,travel_agency
B002787,P00622,F0009,A065,First,2896.18,USD,2025-09-02,website
B002788,P01329,F0274,A016,Economy,83.12,EUR,2025-09-02,website
B002789,P01282,F0281,A073,Economy,109.68,EUR,2025-09-02,mobile_app
B002790,P01232,F0369,A036,Economy,98.85,EUR,2025-09-02,travel_agency
B002791,P00604,F0194,A026,Economy,180.38,EUR,2025-09-02,website
B002792,P00164,F0291,A038,Premium Economy,187.55,USD,2025-09-02,website
B002793,P00777,F0058,A071,Premium Economy,213.61,USD,2025-09-02,website
B002794,P00244,F0130,A018,Economy,115.89,GBP,2025-09-02,website
B002795,P00688,F0124,A031,Economy,99.44,EUR,2025-09-02,mobile_app
B002796,P00380,F0228,A067,First,1881.53,EUR,2025-09-02,website
B002797,P00662,F0181,A061,Economy,94.11,USD,2025-09-02,mobile_app
B002798,P01284,F0040,A021,Economy,117.77,EUR,2025-09-02,travel_agency
B002799,P01099,F0375,A040,Economy,147.25,USD,2025-09-02,mobile_app
B002800,P01226,F0189,A020,Economy,107.57,USD,2025-09-02,call_center
B002801,P00063,F0116,A020,First,1843.72,USD,2025-09-02,mobile_app
B002802,P00912,F0388,A008,Economy,115.83,USD,2025-09-02,website
B002803,P01021,F0193,A074,Economy,109.33,EUR,2025-09-02,call_center
B002804,P00177,F0236,A062,Economy,129.42,EUR,2025-09-02,website
B002805,P00752,F0346,A044,Economy,75.26,EUR,2025-09-02,website
B002806,P00170,F0012,A069,Premium Economy,266.57,GBP,2025-09-02,travel_agency
B002807,P00011,F0058,A071,Business,1418.01,EUR,2025-09-02,mobile_app
B002808,P00534,F0221,A034,Business,556.88,USD,2025-09-02,website
B002809,P00008,F0054,A079,Business,1401.26,GBP,2025-09-02,website
B002810,P01364,F0285,A045,Economy,106.26,GBP,2025-09-02,travel_agency
B002811,P00289,F0256,A049,Economy,72.97,EUR,2025-09-02,website
B002812,P00720,F0382,A018,Economy,181.64,USD,2025-09-02,website
B002813,P00371,F0075,A065,Economy,94.05,EUR,2025-09-02,website
B002814,P01762,F0145,A004,Economy,91.6,EUR,2025-09-02,call_center
B002815,P00066,F0311,A023,Economy,72.16,EUR,2025-09-02,mobile_app
B002816,P01227,F0291,A038,Economy,173.12,EUR,2025-09-02,travel_agency
B002817,P00505,F0054,A079,Premium Economy,282.89,EUR,2025-09-02,travel_agency
B002818,P00653,F0412,A016,Economy,193.86,GBP,2025-09-02,travel_agency
B002819,P01074,F0086,A076,Premium Economy,358.35,GBP,2025-09-02,website
B002820,P01297,F0230,A029,Economy,160.23,USD,2025-09-02,call_center
B002821,P01214,F0292,A019,First,2607.97,USD,2025-09-02,website
B002822,P00150,F0284,A054,Economy,74.99,EUR,2025-09-02,mobile_app
B002823,P00497,F0378,A012,Business,794.17,USD,2025-09-02,travel_agency
B002824,P01033,F0066,A051,Premium Economy,410.37,EUR,2025-09-02,mobile_app
B002825,P00840,F0150,A036,Economy,172.78,EUR,2025-09-02,travel_agency
B002826,P00359,F0067,A060,Economy,82.71,USD,2025-09-02,mobile_app
B002827,P00790,F0322,A075,Economy,99.97,EUR,2025-09-02,call_center
B002828,P00052,F0294,A054,Economy,156.88,EUR,2025-09-02,mobile_app
B002829,P00299,F0411,A053,Economy,84.27,USD,2025-09-02,mobile_app
B002830,P00491,F0381,A013,Economy,175.57,EUR,2025-09-02,mobile_app
B002831,P01119,F0168,A056,Premium Economy,275.53,EUR,2025-09-02,mobile_app
B002832,P00627,F0196,A066,Economy,159.93,EUR,2025-09-02,travel_agency
B002833,P01496,F0097,A015,Economy,72.08,EUR,2025-09-02,call_center
B002834,P01400,F0298,A078,Economy,109.55,GBP,2025-09-02,mobile_app
B002835,P00773,F0286,A001,Economy,80.4,EUR,2025-09-02,website
B002836,P00914,F0242,A037,Economy,167.27,EUR,2025-09-02,travel_agency
B002837,P00295,F0044,A069,Economy,127.96,EUR,2025-09-02,website
B002838,P00613,F0351,A063,Economy,146.06,USD,2025-09-02,website
B002839,P01036,F0115,A030,Economy,107.32,EUR,2025-09-02,website
B002840,P01243,F0325,A058,Economy,178.96,EUR,2025-09-02,website
B002841,P01748,F0412,A016,Business,1347.55,EUR,2025-09-02,travel_agency
B002842,P01371,F0005,A007,Economy,95.21,USD,2025-09-02,travel_agency
B002843,P01037,F0091,A073,Economy,72.6,EUR,2025-09-02,website
B002844,P00227,F0376,A062,Economy,162.74,EUR,2025-09-02,call_center
B002845,P00671,F0209,A006,Economy,139.36,EUR,2025-09-02,website
B002846,P00787,F0307,A005,Business,678.45,EUR,2025-09-02,travel_agency
B002847,P00337,F0008,A059,Economy,118.48,EUR,2025-09-02,call_center
B002848,P00296,F0112,A065,Economy,150.19,EUR,2025-09-02,mobile_app
B002849,P00456,F0189,A020,Economy,178.89,EUR,2025-09-02,mobile_app
B002850,P00464,F0073,A026,Economy,77.81,EUR,2025-09-02,travel_agency
B002851,P00377,F0318,A010,Economy,186.01,USD,2025-09-02,mobile_app
B002852,P00982,F0233,A006,Economy,109.23,EUR,2025-09-02,website
B002853,P00179,F0069,A070,Economy,123.32,USD,2025-09-02,travel_agency
B002854,P00494,F0063,A062,Economy,146.38,GBP,2025-09-02,website
B002855,P01696,F0110,A035,Economy,72.62,EUR,2025-09-02,website
B002856,P00442,F0186,A051,Premium Economy,213.3,EUR,2025-09-02,website
B002857,P01585,F0024,A055,Economy,190.14,EUR,2025-09-02,website
B002858,P01363,F0024,A055,Economy,145.71,EUR,2025-09-02,website
B002859,P01255,F0127,A062,Economy,100.44,USD,2025-09-02,website
B002860,P01311,F0032,A057,Economy,74.73,USD,2025-09-02,mobile_app
B002861,P00300,F0227,A053,Economy,95.21,EUR,2025-09-02,mobile_app
B002862,P00996,F0359,A029,Economy,80.06,USD,2025-09-02,website
B002863,P01477,F0316,A073,Economy,128.64,GBP,2025-09-02,travel_agency
B002864,P00586,F0075,A065,Economy,172.03,EUR,2025-09-02,travel_agency
B002865,P00480,F0114,A070,Economy,82.44,EUR,2025-09-02,mobile_app
B002866,P01082,F0246,A051,Business,1219.23,EUR,2025-09-02,website
B002867,P01703,F0232,A020,Premium Economy,251.48,EUR,2025-09-02,mobile_app
B002868,P01538,F0325,A058,Economy,116.45,USD,2025-09-02,mobile_app
B002869,P01360,F0055,A052,Business,930.74,EUR,2025-09-02,call_center
B002870,P00120,F0378,A012,Economy,115.42,USD,2025-09-02,mobile_app
B002871,P00257,F0403,A076,Economy,75.34,USD,2025-09-02,mobile_app
B002872,P00964,F0371,A035,Economy,140.98,EUR,2025-09-02,website
B002873,P00320,F0383,A078,Economy,88.64,EUR,2025-09-02,website
B002874,P01380,F0252,A007,Economy,188.85,EUR,2025-09-02,mobile_app
B002875,P00419,F0252,A007,Economy,114.25,EUR,2025-09-02,website
B002876,P00729,F0256,A049,Economy,145.81,EUR,2025-09-02,website
B002877,P00583,F0337,A020,Economy,153.54,EUR,2025-09-02,website
B002878,P00586,F0262,A035,Economy,178.57,USD,2025-09-02,website
B002879,P01516,F0021,A024,Economy,102.85,USD,2025-09-02,travel_agency
B002880,P01089,F0128,A038,Economy,143.14,USD,2025-09-02,travel_agency
B002881,P00425,F0372,A063,Premium Economy,220.11,EUR,2025-09-02,mobile_app
B002882,P00779,F0332,A077,Economy,119.88,EUR,2025-09-02,call_center
B002883,P01449,F0401,A060,First,1625.4,EUR,2025-09-02,mobile_app
B002884,P00702,F0362,A014,Economy,143.84,GBP,2025-09-02,website
B002885,P00286,F0110,A035,Business,557.53,EUR,2025-09-02,website
B002886,P01634,F0016,A008,Premium Economy,284.75,USD,2025-09-02,website
B002887,P01761,F0096,A037,Economy,171.92,EUR,2025-09-02,travel_agency
B002888,P00987,F0033,A014,Premium Economy,232.39,EUR,2025-09-02,call_center
B002889,P00510,F0115,A030,First,2078.46,USD,2025-09-02,mobile_app
B002890,P00791,F0164,A055,Business,1078.37,GBP,2025-09-02,website
B002891,P01193,F0232,A020,Economy,125.66,EUR,2025-09-02,travel_agency
B002892,P00753,F0303,A029,Economy,176.64,EUR,2025-09-02,website
B002893,P00847,F0072,A014,Economy,144.9,GBP,2025-09-02,website
B002894,P00684,F0202,A064,Economy,180.2,EUR,2025-09-02,mobile_app
B002895,P01525,F0221,A034,Premium Economy,313.77,EUR,2025-09-02,mobile_app
B002896,P01502,F0314,A049,Business,810.81,EUR,2025-09-02,website
B002897,P01390,F0414,A039,Economy,182.54,GBP,2025-09-02,website
B002898,P00896,F0302,A013,Economy,181.45,USD,2025-09-02,travel_agency
B002899,P00402,F0097,A015,Economy,108.88,EUR,2025-09-02,mobile_app
B002900,P01420,F0366,A066,Business,1128.0,USD,2025-09-02,website
B002901,P01468,F0181,A061,First,2231.79,GBP,2025-09-02,website
B002902,P00597,F0061,A020,Business,1155.28,EUR,2025-09-02,website
B002903,P01072,F0120,A080,Economy,88.88,EUR,2025-09-02,mobile_app
B002904,P00396,F0075,A065,Premium Economy,312.97,USD,2025-09-02,website
B002905,P01418,F0029,A041,Business,1159.88,EUR,2025-09-02,mobile_app
B002906,P01556,F0208,A062,Economy,163.96,EUR,2025-09-02,website
B002907,P00288,F0334,A032,Economy,178.94,USD,2025-09-02,travel_agency
B002908,P00232,F0224,A047,Economy,80.49,EUR,2025-09-02,travel_agency
B002909,P01710,F0079,A049,Economy,78.18,GBP,2025-09-02,mobile_app
B002910,P00550,F0152,A028,Economy,87.94,USD,2025-09-02,travel_agency
B002911,P01529,F0286,A001,Economy,98.78,USD,2025-09-02,mobile_app
B002912,P01605,F0201,A039,Economy,136.2,GBP,2025-09-02,mobile_app
B002913,P01470,F0318,A010,Economy,165.25,EUR,2025-09-02,website
B002914,P01298,F0005,A007,Business,1136.23,USD,2025-09-02,website
B002915,P01215,F0229,A065,Business,641.1,USD,2025-09-02,website
B002916,P01452,F0220,A015,Economy,177.08,EUR,2025-09-02,website
B002917,P01551,F0136,A004,Economy,181.26,GBP,2025-09-02,call_center
B002918,P01325,F0197,A007,Economy,194.11,GBP,2025-09-02,website
B002919,P00225,F0174,A066,Economy,131.87,USD,2025-09-02,mobile_app
B002920,P01303,F0366,A066,Business,574.61,GBP,2025-09-02,website
B002921,P01169,F0276,A059,Premium Economy,372.79,USD,2025-09-02,website
B002922,P00126,F0133,A038,Economy,107.51,EUR,2025-09-02,website
B002923,P01030,F0213,A078,Economy,114.83,USD,2025-09-02,travel_agency
B002924,P01328,F0099,A039,Economy,84.98,USD,2025-09-02,website
B002925,P00722,F0161,A052,Economy,135.72,EUR,2025-09-02,mobile_app
B002926,P00826,F0007,A015,Economy,137.06,EUR,2025-09-02,website
B002927,P01658,F0058,A071,Economy,128.8,EUR,2025-09-02,website
B002928,P01820,F0320,A030,Economy,130.29,GBP,2025-09-02,website
B002929,P01132,F0319,A050,Economy,153.38,EUR,2025-09-02,mobile_app
B002930,P00750,F0230,A029,Economy,137.01,EUR,2025-09-02,call_center
B002931,P00232,F0272,A032,First,1286.97,USD,2025-09-02,travel_agency
B002932,P01174,F0203,A019,Economy,164.72,USD,2025-09-02,mobile_app
B002933,P00963,F0083,A075,Economy,181.59,USD,2025-09-02,travel_agency
B002934,P01086,F0175,A019,First,1526.46,EUR,2025-09-02,website
B002935,P00713,F0284,A054,Economy,125.17,EUR,2025-09-02,website
B002936,P00491,F0195,A014,Economy,196.41,USD,2025-09-02,mobile_app
B002937,P00579,F0405,A049,Economy,92.06,EUR,2025-09-02,website
B002938,P01422,F0247,A052,Business,958.6,USD,2025-09-02,website
B002939,P00549,F0174,A066,Economy,189.06,EUR,2025-09-02,mobile_app
B002940,P01779,F0109,A029,Economy,169.82,EUR,2025-09-02,travel_agency
B002941,P01679,F0179,A048,Economy,130.22,EUR,2025-09-02,website
B002942,P01313,F0312,A033,Economy,99.97,EUR,2025-09-02,mobile_app
B002943,P00338,F0392,A059,Premium Economy,274.54,GBP,2025-09-02,website
B002944,P00489,F0156,A046,Economy,72.56,USD,2025-09-02,travel_agency
B002945,P01143,F0004,A075,Economy,188.41,EUR,2025-09-02,mobile_app
B002946,P01555,F0005,A007,Economy,176.41,USD,2025-09-02,mobile_app
B002947,P01612,F0087,A023,Business,952.36,EUR,2025-09-02,mobile_app
B002948,P01787,F0401,A060,Economy,167.75,EUR,2025-09-02,website
B002949,P01324,F0367,A019,Premium Economy,331.22,EUR,2025-09-02,website
B002950,P01807,F0317,A005,Economy,186.33,EUR,2025-09-02,website
B002951,P00571,F0074,A077,Premium Economy,219.37,EUR,2025-09-02,website
B002952,P00107,F0113,A063,Business,837.41,USD,2025-09-02,travel_agency
B002953,P00949,F0367,A019,Premium Economy,204.93,USD,2025-09-02,travel_agency
B002954,P00247,F0378,A012,Business,1136.85,USD,2025-09-02,mobile_app
B002955,P01237,F0198,A004,Economy,126.75,USD,2025-09-02,website
B002956,P00084,F0240,A021,Economy,148.51,USD,2025-09-02,website
B002957,P01583,F0123,A073,Economy,105.52,EUR,2025-09-02,mobile_app
B002958,P01675,F0079,A049,Economy,177.79,GBP,2025-09-02,call_center
B002959,P00747,F0200,A028,Premium Economy,236.45,EUR,2025-09-02,website
B002960,P01703,F0368,A035,Economy,83.12,EUR,2025-09-02,website
B002961,P00927,F0330,A064,Premium Economy,182.55,USD,2025-09-02,mobile_app
B002962,P01549,F0127,A062,Economy,86.37,EUR,2025-09-02,mobile_app
B002963,P00674,F0060,A043,Economy,76.68,USD,2025-09-02,website
B002964,P00311,F0209,A006,Premium Economy,305.07,EUR,2025-09-02,website
B002965,P01159,F0211,A048,Economy,162.44,USD,2025-09-02,travel_agency
B002966,P01756,F0177,A041,Economy,142.09,GBP,2025-09-02,website
B002967,P01449,F0150,A036,Economy,98.08,EUR,2025-09-02,website
B002968,P01156,F0097,A015,Economy,122.77,USD,2025-09-02,travel_agency
B002969,P01443,F0202,A064,Economy,135.68,EUR,2025-09-02,mobile_app
B002970,P00492,F0148,A067,Premium Economy,426.19,EUR,2025-09-02,website
B002971,P01661,F0261,A057,Premium Economy,378.48,EUR,2025-09-02,website
B002972,P00805,F0273,A075,Economy,139.88,EUR,2025-09-02,travel_agency
B002973,P01008,F0087,A023,First,2432.83,EUR,2025-09-02,website
B002974,P01492,F0018,A061,Premium Economy,383.99,EUR,2025-09-02,mobile_app
B002975,P00623,F0352,A045,Economy,155.98,EUR,2025-09-02,website
B002976,P01133,F0046,A015,Economy,168.48,EUR,2025-09-02,travel_agency
B002977,P00821,F0261,A057,Business,1388.47,EUR,2025-09-02,website
B002978,P00406,F0342,A051,Premium Economy,480.41,EUR,2025-09-02,website
B002979,P00782,F0347,A072,Business,1064.43,USD,2025-09-02,travel_agency
B002980,P00120,F0007,A015,Economy,79.16,EUR,2025-09-02,website
B002981,P00136,F0313,A032,Economy,141.68,USD,2025-09-02,mobile_app
B002982,P01076,F0161,A052,Business,1400.13,EUR,2025-09-02,mobile_app
B002983,P00571,F0121,A013,Economy,80.12,USD,2025-09-02,call_center
B002984,P01386,F0402,A026,Economy,78.37,USD,2025-09-02,website
B002985,P01285,F0137,A039,Premium Economy,312.59,EUR,2025-09-02,website
B002986,P01081,F0219,A010,Economy,187.44,EUR,2025-09-02,travel_agency
B002987,P00281,F0044,A069,Economy,156.97,EUR,2025-09-02,website
B002988,P01585,F0405,A049,Economy,129.82,USD,2025-09-02,website
B002989,P01773,F0241,A051,Business,836.21,USD,2025-09-02,website
B002990,P00715,F0047,A069,Economy,157.79,GBP,2025-09-02,mobile_app
B002991,P01753,F0394,A048,Economy,149.22,EUR,2025-09-02,website
B002992,P00595,F0236,A062,Economy,195.32,EUR,2025-09-02,mobile_app
B002993,P00287,F0065,A044,Premium Economy,381.52,USD,2025-09-02,mobile_app
B002994,P00730,F0214,A038,Premium Economy,375.47,USD,2025-09-02,website
B002995,P01401,F0256,A049,Economy,181.21,USD,2025-09-02,mobile_app
B002996,P01099,F0066,A051,Premium Economy,425.63,EUR,2025-09-02,travel_agency
B002997,P01349,F0228,A067,Economy,156.01,EUR,2025-09-02,mobile_app
B002998,P01590,F0209,A006,Business,1102.29,EUR,2025-09-02,website
B002999,P00871,F0312,A033,Economy,126.46,EUR,2025-09-02,travel_agency
B003000,P01420,F0271,A042,Economy,158.66,EUR,2025-09-02,website
B003001,P00666,F0208,A062,First,1451.26,USD,2025-09-02,mobile_app
B003002,P01089,F0359,A029,Business,1400.38,EUR,2025-09-02,website
B003003,P00652,F0306,A046,Economy,143.27,EUR,2025-09-02,website
B003004,P00940,F0329,A036,Economy,91.19,EUR,2025-09-02,mobile_app
B003005,P00052,F0261,A057,Economy,141.18,EUR,2025-09-02,mobile_app
B003006,P00650,F0394,A048,Economy,75.7,EUR,2025-09-02,mobile_app
B003007,P01803,F0151,A038,Economy,85.78,GBP,2025-09-02,website
B003008,P00386,F0255,A061,Economy,144.03,GBP,2025-09-02,website
B003009,P00719,F0185,A078,Business,1249.3,USD,2025-09-02,website
B003010,P00632,F0343,A014,Economy,138.22,EUR,2025-09-02,travel_agency
B003011,P00009,F0190,A044,Premium Economy,397.27,EUR,2025-09-02,website
B003012,P01058,F0373,A021,Economy,191.43,USD,2025-09-02,travel_agency
B003013,P00102,F0183,A047,Economy,150.93,USD,2025-09-02,travel_agency
B003014,P00253,F0309,A079,Economy,84.81,GBP,2025-09-02,website
B003015,P01026,F0007,A015,Economy,121.32,USD,2025-09-02,mobile_app
B003016,P00048,F0089,A057,Economy,122.59,USD,2025-09-02,website
B003017,P01730,F0094,A028,Economy,95.82,USD,2025-09-02,travel_agency
B003018,P00788,F0336,A038,Economy,93.19,EUR,2025-09-02,travel_agency
B003019,P00041,F0263,A068,Economy,190.49,USD,2025-09-02,travel_agency
B003020,P00868,F0203,A019,Premium Economy,218.78,USD,2025-09-02,mobile_app
B003021,P01611,F0192,A037,Economy,164.58,EUR,2025-09-02,website
B003022,P01589,F0172,A014,Economy,158.99,USD,2025-09-02,travel_agency
B003023,P01346,F0159,A080,Economy,193.09,EUR,2025-09-02,website
B003024,P00524,F0413,A042,Business,565.23,EUR,2025-09-02,travel_agency
B003025,P01310,F0419,A051,Economy,110.3,GBP,2025-09-02,website
B003026,P00575,F0174,A066,Premium Economy,293.29,EUR,2025-09-02,mobile_app
B003027,P00858,F0282,A001,Premium Economy,285.01,GBP,2025-09-02,website
B003028,P01025,F0397,A074,Business,700.45,EUR,2025-09-02,mobile_app
B003029,P00724,F0120,A080,Premium Economy,377.71,GBP,2025-09-02,mobile_app
B003030,P00443,F0219,A010,Business,915.1,EUR,2025-09-02,website
B003031,P00061,F0164,A055,Economy,180.45,USD,2025-09-02,mobile_app
B003032,P01028,F0276,A059,Economy,185.54,EUR,2025-09-02,website
B003033,P01634,F0345,A058,Economy,148.87,EUR,2025-09-02,travel_agency
B003034,P01772,F0131,A017,Economy,194.9,EUR,2025-09-02,mobile_app
B003035,P00065,F0177,A041,Business,843.99,USD,2025-09-02,travel_agency
B003036,P00740,F0168,A056,Premium Economy,482.31,EUR,2025-09-02,website
B003037,P00339,F0140,A048,Economy,164.33,EUR,2025-09-02,mobile_app
B003038,P01540,F0146,A034,Economy,148.04,EUR,2025-09-02,website
B003039,P01500,F0247,A052,Economy,133.74,EUR,2025-09-02,call_center
B003040,P01602,F0166,A040,Economy,188.18,USD,2025-09-02,call_center
B003041,P00059,F0003,A018,Economy,79.99,EUR,2025-09-02,mobile_app
B003042,P00079,F0184,A043,Economy,157.25,USD,2025-09-02,mobile_app
B003043,P00048,F0156,A046,First,2409.55,GBP,2025-09-02,website
B003044,P01799,F0110,A035,Economy,80.16,GBP,2025-09-02,mobile_app
B003045,P01364,F0411,A053,Premium Economy,386.84,USD,2025-09-02,travel_agency
B003046,P01541,F0328,A018,Business,820.86,EUR,2025-09-02,mobile_app
B003047,P00490,F0053,A031,Economy,154.76,USD,2025-09-02,website
B003048,P00379,F0087,A023,Economy,183.5,USD,2025-09-02,website
B003049,P00779,F0229,A065,Business,1344.56,USD,2025-09-02,website
B003050,P00745,F0367,A019,Economy,134.48,USD,2025-09-02,mobile_app
B003051,P00600,F0359,A029,Economy,115.12,EUR,2025-09-02,mobile_app
B003052,P01622,F0227,A053,First,2303.11,GBP,2025-09-02,website
B003053,P00161,F0121,A013,Economy,132.06,GBP,2025-09-02,website
B003054,P01389,F0189,A020,Economy,99.71,EUR,2025-09-02,website
B003055,P00958,F0407,A011,Economy,95.5,USD,2025-09-02,website
B003056,P00513,F0104,A064,Economy,120.54,GBP,2025-09-02,website
B003057,P01688,F0046,A015,Premium Economy,322.49,GBP,2025-09-02,mobile_app
B003058,P00342,F0406,A019,Business,1212.56,EUR,2025-09-02,website
B003059,P01040,F0400,A065,Economy,104.45,EUR,2025-09-02,call_center
B003060,P00328,F0347,A072,Economy,73.78,USD,2025-09-02,website
B003061,P01223,F0300,A032,Economy,176.86,EUR,2025-09-02,travel_agency
B003062,P01212,F0123,A073,Business,825.78,EUR,2025-09-02,mobile_app
B003063,P00067,F0031,A065,Economy,161.75,USD,2025-09-02,travel_agency
B003064,P01669,F0284,A054,Economy,87.76,USD,2025-09-02,mobile_app
B003065,P01634,F0232,A020,Economy,84.59,EUR,2025-09-02,travel_agency
B003066,P01683,F0146,A034,Premium Economy,414.82,GBP,2025-09-02,mobile_app
B003067,P00705,F0020,A044,Economy,179.13,EUR,2025-09-02,website
B003068,P00757,F0079,A049,Economy,148.58,EUR,2025-09-02,website
B003069,P00297,F0024,A055,Business,1023.21,USD,2025-09-02,website
B003070,P00953,F0129,A064,Economy,117.59,EUR,2025-09-02,website
B003071,P00131,F0096,A037,Economy,85.89,EUR,2025-09-02,mobile_app
B003072,P00530,F0398,A061,Economy,96.45,EUR,2025-09-02,travel_agency
B003073,P00510,F0105,A042,Economy,126.92,USD,2025-09-02,website
B003074,P00079,F0423,A012,Economy,158.4,GBP,2025-09-02,mobile_app
B003075,P00244,F0307,A005,Economy,157.45,EUR,2025-09-02,website
B003076,P00235,F0077,A069,Premium Economy,468.21,GBP,2025-09-02,mobile_app
B003077,P00696,F0205,A065,Business,1256.1,GBP,2025-09-02,website
B003078,P01712,F0084,A046,Economy,125.85,USD,2025-09-02,website
B003079,P00989,F0028,A011,Premium Economy,246.41,USD,2025-09-02,website
B003080,P00814,F0312,A033,Economy,143.47,EUR,2025-09-02,website
B003081,P00892,F0114,A070,Premium Economy,415.63,EUR,2025-09-02,website
B003082,P01385,F0072,A014,Economy,128.85,EUR,2025-09-02,mobile_app
B003083,P01504,F0182,A023,Business,1083.06,USD,2025-09-02,website
B003084,P00562,F0102,A067,Economy,112.04,EUR,2025-09-02,call_center
B003085,P01311,F0004,A075,Economy,119.54,USD,2025-09-02,website
B003086,P00071,F0261,A057,Economy,183.77,USD,2025-09-02,website
B003087,P00349,F0182,A023,Business,1060.95,USD,2025-09-02,mobile_app
B003088,P01316,F0209,A006,Economy,170.17,EUR,2025-09-02,mobile_app
B003089,P00560,F0382,A018,Premium Economy,301.69,USD,2025-09-02,mobile_app
B003090,P01086,F0155,A017,Economy,161.58,EUR,2025-09-02,travel_agency
B003091,P00092,F0285,A045,Economy,81.52,EUR,2025-09-02,mobile_app
B003092,P00147,F0069,A070,Economy,78.11,USD,2025-09-02,website
B003093,P00124,F0128,A038,Economy,84.67,EUR,2025-09-02,website
B003094,P01334,F0052,A022,Economy,140.91,EUR,2025-09-02,website
B003095,P01503,F0017,A063,Premium Economy,236.67,USD,2025-09-02,travel_agency
B003096,P00249,F0356,A037,Economy,163.18,USD,2025-09-02,website
B003097,P01145,F0005,A007,Economy,157.27,USD,2025-09-02,mobile_app
B003098,P00503,F0372,A063,Economy,165.02,USD,2025-09-02,mobile_app
B003099,P00628,F0269,A015,Economy,153.65,EUR,2025-09-02,website
B003100,P00266,F0022,A070,Economy,82.18,USD,2025-09-02,website
B003101,P00019,F0026,A068,First,2015.23,EUR,2025-09-02,website
B003102,P00057,F0192,A037,Business,1242.95,USD,2025-09-02,travel_agency
B003103,P00444,F0169,A046,Economy,129.81,USD,2025-09-02,website
B003104,P01184,F0058,A071,Business,1205.66,USD,2025-09-02,travel_agency
B003105,P00745,F0158,A072,Economy,124.96,EUR,2025-09-02,mobile_app
B003106,P01672,F0181,A061,Economy,86.48,EUR,2025-09-02,website
B003107,P00901,F0042,A026,Economy,164.53,USD,2025-09-02,mobile_app
B003108,P00851,F0358,A063,Economy,166.51,USD,2025-09-02,website
B003109,P00276,F0186,A051,Economy,165.52,USD,2025-09-02,website
B003110,P00449,F0413,A042,Economy,190.43,EUR,2025-09-02,mobile_app
B003111,P01103,F0241,A051,Economy,178.6,USD,2025-09-02,mobile_app
B003112,P00287,F0024,A055,Economy,99.39,USD,2025-09-02,mobile_app
B003113,P00141,F0150,A036,Premium Economy,268.99,USD,2025-09-02,travel_agency
B003114,P00420,F0092,A080,Economy,163.67,EUR,2025-09-02,call_center
B003115,P00924,F0058,A071,Economy,124.43,EUR,2025-09-02,website
B003116,P00768,F0332,A077,Premium Economy,233.16,USD,2025-09-02,website
B003117,P01497,F0209,A006,First,1946.14,GBP,2025-09-02,website
B003118,P00513,F0253,A032,Economy,120.93,EUR,2025-09-02,call_center
B003119,P00977,F0204,A024,Economy,188.8,EUR,2025-09-02,mobile_app
B003120,P00007,F0415,A013,First,1175.48,USD,2025-09-02,mobile_app
B003121,P00467,F0317,A005,Business,885.42,EUR,2025-09-02,travel_agency
B003122,P00371,F0407,A011,Economy,166.1,EUR,2025-09-02,call_center
B003123,P01306,F0313,A032,Economy,93.13,GBP,2025-09-02,website
B003124,P00132,F0315,A056,Economy,77.5,EUR,2025-09-02,website
B003125,P00193,F0364,A018,Economy,82.33,EUR,2025-09-02,website
B003126,P00255,F0082,A063,Economy,137.34,EUR,2025-09-02,mobile_app
B003127,P01570,F0235,A052,Premium Economy,480.58,EUR,2025-09-02,website
B003128,P00905,F0253,A032,Economy,138.25,USD,2025-09-02,travel_agency
B003129,P01693,F0274,A016,Premium Economy,353.58,GBP,2025-09-02,mobile_app
B003130,P00117,F0236,A062,Economy,111.78,GBP,2025-09-02,website
B003131,P00572,F0259,A072,Economy,140.83,EUR,2025-09-02,website
B003132,P01498,F0219,A010,Economy,83.96,USD,2025-09-02,mobile_app
B003133,P00996,F0005,A007,Economy,98.62,USD,2025-09-02,travel_agency
B003134,P01752,F0374,A036,Economy,102.65,GBP,2025-09-02,website
B003135,P00932,F0050,A073,Economy,195.61,EUR,2025-09-02,website
B003136,P01530,F0093,A040,Premium Economy,303.64,EUR,2025-09-02,website
B003137,P01136,F0216,A052,Economy,135.9,EUR,2025-09-02,travel_agency
B003138,P01400,F0111,A025,Economy,161.53,USD,2025-09-02,travel_agency
B003139,P00342,F0028,A011,Economy,159.91,EUR,2025-09-02,website
B003140,P00873,F0007,A015,Economy,196.88,EUR,2025-09-02,travel_agency
B003141,P00797,F0369,A036,Economy,99.95,GBP,2025-09-02,website
B003142,P00496,F0063,A062,Premium Economy,199.68,USD,2025-09-02,mobile_app
B003143,P01532,F0140,A048,Economy,178.83,EUR,2025-09-02,mobile_app
B003144,P01365,F0029,A041,Economy,92.58,EUR,2025-09-02,website
B003145,P01019,F0272,A032,Premium Economy,245.27,USD,2025-09-02,travel_agency
B003146,P01188,F0123,A073,Premium Economy,344.83,USD,2025-09-02,website
B003147,P00447,F0145,A004,First,2303.36,EUR,2025-09-02,travel_agency
B003148,P00701,F0413,A042,First,1327.45,USD,2025-09-02,website
B003149,P00378,F0316,A073,Premium Economy,275.38,GBP,2025-09-02,website
B003150,P01690,F0392,A059,Business,751.2,EUR,2025-09-02,website
B003151,P00218,F0093,A040,Business,1265.2,GBP,2025-09-02,mobile_app
B003152,P00249,F0213,A078,Premium Economy,390.43,EUR,2025-09-02,mobile_app
