booking_id,passenger_id,flight_id,airport_id,seat_class,amount,currency,booking_date,booking_channel
B029667,P00173,F0184,A043,Economy,111.94,USD,2025-09-24,call_center
B029668,P00490,F0449,A030,Economy,141.96,EUR,2025-09-24,mobile_app
B029669,P01152,F0158,A072,Economy,175.23,GBP,2025-09-24,website
B029670,P01401,F0334,A032,Business,826.06,EUR,2025-09-24,website
B029671,P01713,F0482,A004,Economy,155.37,EUR,2025-09-24,travel_agency
B029672,P01845,F0529,A005,Premium Economy,376.71,GBP,2025-09-24,travel_agency
B029673,P01981,F0277,A028,Economy,104.9,EUR,2025-09-24,call_center
B029674,P01094,F0086,A076,Economy,174.07,GBP,2025-09-24,website
B029675,P00975,F0260,A051,Economy,157.73,EUR,2025-09-24,website
B029676,P00137,F0184,A043,Economy,185.81,EUR,2025-09-24,travel_agency
B029677,P01438,F0159,A080,Economy,95.02,EUR,2025-09-24,mobile_app
B029678,P00716,F0350,A069,Economy,175.35,USD,2025-09-24,mobile_app
B029679,P01046,F0091,A073,Premium Economy,287.96,EUR,2025-09-24,travel_agency
B029680,P01684,F0552,A059,Premium Economy,441.88,USD,2025-09-24,mobile_app
B029681,P00677,F0546,A004,Economy,172.1,USD,2025-09-24,website
B029682,P01312,F0501,A050,Premium Economy,222.13,EUR,2025-09-24,travel_agency
B029683,P01176,F0300,A032,Economy,103.63,EUR,2025-09-24,website
B029684,P00641,F0512,A026,Business,1108.61,EUR,2025-09-24,mobile_app
B029685,P01016,F0518,A025,Business,791.69,USD,2025-09-24,travel_agency
B029686,P01821,F0442,A007,Business,1049.31,USD,2025-09-24,mobile_app
B029687,P01656,F0500,A026,First,2944.58,USD,2025-09-24,website
B029688,P01293,F0388,A008,Premium Economy,283.79,USD,2025-09-24,website
B029689,P01614,F0118,A020,Economy,115.66,GBP,2025-09-24,mobile_app
B029690,P01697,F0521,A014,Premium Economy,378.71,GBP,2025-09-24,call_center
B029691,P01615,F0563,A061,Economy,114.93,GBP,2025-09-24,website
B029692,P00137,F0500,A026,Economy,154.47,USD,2025-09-24,website
B029693,P00369,F0117,A057,Economy,96.84,EUR,2025-09-24,mobile_app
B029694,P01900,F0009,A065,Economy,197.93,GBP,2025-09-24,website
B029695,P00907,F0118,A020,Economy,90.79,EUR,2025-09-24,mobile_app
B029696,P00399,F0567,A060,Business,793.19,USD,2025-09-24,travel_agency
B029697,P01479,F0465,A019,Economy,115.92,USD,2025-09-24,travel_agency
B029698,P01506,F0026,A068,Economy,122.56,EUR,2025-09-24,website
B029699,P01918,F0540,A001,Economy,149.14,EUR,2025-09-24,mobile_app
B029700,P00878,F0235,A052,Premium Economy,217.4,EUR,2025-09-24,call_center
B029701,P00313,F0316,A073,Premium Economy,225.07,EUR,2025-09-24,travel_agency
B029702,P01700,F0187,A017,Business,1338.41,EUR,2025-09-24,website
B029703,P01756,F0066,A051,Economy,91.36,EUR,2025-09-24,mobile_app
B029704,P00675,F0544,A061,First,1603.57,USD,2025-09-24,website
B029705,P00002,F0463,A058,Economy,110.08,EUR,2025-09-24,mobile_app
B029706,P01863,F0401,A060,Premium Economy,470.75,GBP,2025-09-24,website
B029707,P00055,F0184,A043,Premium Economy,471.25,EUR,2025-09-24,website
B029708,P00095,F0461,A044,Economy,178.22,EUR,2025-09-24,website
B029709,P01118,F0397,A074,Premium Economy,424.2,EUR,2025-09-24,website
B029710,P00651,F0477,A026,Economy,155.82,USD,2025-09-24,mobile_app
B029711,P00601,F0510,A039,Economy,189.82,USD,2025-09-24,mobile_app
B029712,P01827,F0074,A077,Economy,114.62,GBP,2025-09-24,website
B029713,P01618,F0560,A023,Economy,75.65,USD,2025-09-24,mobile_app
B029714,P00225,F0518,A025,Economy,136.2,EUR,2025-09-24,call_center
B029715,P00309,F0528,A054,Economy,94.7,USD,2025-09-24,website
B029716,P00868,F0540,A001,Economy,121.52,EUR,2025-09-24,call_center
B029717,P00970,F0517,A050,Premium Economy,188.93,EUR,2025-09-24,website
B029718,P00511,F0069,A070,Economy,168.0,EUR,2025-09-24,travel_agency
B029719,P01657,F0461,A044,Business,1297.35,USD,2025-09-24,website
B029720,P01917,F0482,A004,Economy,134.41,EUR,2025-09-24,travel_agency
B029721,P00515,F0449,A030,Business,556.19,USD,2025-09-24,website
B029722,P01837,F0447,A022,First,2263.09,USD,2025-09-24,mobile_app
B029723,P02049,F0490,A075,Business,1219.8,EUR,2025-09-24,mobile_app
B029724,P00002,F0465,A019,Economy,188.62,GBP,2025-09-24,website
B029725,P01971,F0350,A069,Business,831.97,EUR,2025-09-24,website
B029726,P01055,F0316,A073,Business,884.7,GBP,2025-09-24,call_center
B029727,P01253,F0449,A030,Economy,150.56,EUR,2025-09-24,mobile_app
B029728,P01097,F0091,A073,Business,887.58,GBP,2025-09-24,website
B029729,P01484,F0010,A001,Premium Economy,416.27,USD,2025-09-24,mobile_app
B029730,P02141,F0144,A077,Economy,122.03,GBP,2025-09-24,website
B029731,P00198,F0503,A060,Economy,128.77,EUR,2025-09-24,mobile_app
B029732,P01829,F0064,A078,Economy,88.6,EUR,2025-09-24,website
B029733,P01516,F0558,A041,Economy,136.47,GBP,2025-09-24,mobile_app
B029734,P01055,F0176,A064,Economy,179.12,EUR,2025-09-24,website
B029735,P00702,F0559,A018,Economy,135.49,USD,2025-09-24,website
B029736,P00533,F0526,A021,Economy,73.41,EUR,2025-09-24,website
B029737,P02116,F0538,A003,Economy,160.24,GBP,2025-09-24,mobile_app
B029738,P00743,F0470,A030,Premium Economy,472.26,EUR,2025-09-24,call_center
B029739,P00760,F0440,A033,Premium Economy,333.97,USD,2025-09-24,website
B029740,P02044,F0173,A040,Premium Economy,331.6,USD,2025-09-24,mobile_app
B029741,P00758,F0381,A013,Business,1221.78,EUR,2025-09-24,mobile_app
B029742,P01294,F0155,A017,Economy,104.23,GBP,2025-09-24,website
B029743,P01036,F0297,A058,Business,950.33,USD,2025-09-24,website
B029744,P02013,F0284,A054,Premium Economy,446.95,USD,2025-09-24,travel_agency
B029745,P01665,F0196,A066,Economy,112.59,EUR,2025-09-24,website
B029746,P02131,F0480,A014,Business,748.43,USD,2025-09-24,mobile_app
B029747,P00869,F0560,A023,Economy,190.47,EUR,2025-09-24,call_center
B029748,P00026,F0330,A064,Business,686.86,USD,2025-09-24,website
B029749,P00016,F0482,A004,Economy,98.74,USD,2025-09-24,mobile_app
B029750,P01449,F0260,A051,Economy,158.0,GBP,2025-09-24,mobile_app
B029751,P01181,F0413,A042,Economy,177.65,USD,2025-09-24,mobile_app
B029752,P01057,F0318,A010,Economy,115.65,EUR,2025-09-24,website
B029753,P00219,F0253,A032,Economy,129.59,USD,2025-09-24,call_center
B029754,P00956,F0556,A042,Economy,97.06,EUR,2025-09-24,mobile_app
B029755,P00685,F0499,A030,Economy,149.91,USD,2025-09-24,website
B029756,P00836,F0546,A004,Premium Economy,440.03,EUR,2025-09-24,travel_agency
B029757,P01376,F0184,A043,Economy,80.7,USD,2025-09-24,mobile_app
B029758,P01606,F0086,A076,Business,871.16,GBP,2025-09-24,travel_agency
B029759,P01520,F0170,A041,Economy,123.57,EUR,2025-09-24,website
B029760,P00474,F0237,A045,Economy,92.77,EUR,2025-09-24,travel_agency
B029761,P01010,F0548,A015,First,2478.2,USD,2025-09-24,travel_agency
B029762,P01729,F0511,A035,Premium Economy,284.09,USD,2025-09-24,website
B029763,P00831,F0277,A028,Economy,145.11,USD,2025-09-24,mobile_app
B029764,P01899,F0114,A070,Economy,95.69,EUR,2025-09-24,mobile_app
B029765,P01672,F0224,A047,First,2806.68,EUR,2025-09-24,website
B029766,P01781,F0187,A017,Business,756.56,EUR,2025-09-24,call_center
B029767,P01019,F0543,A069,Economy,192.7,GBP,2025-09-24,website
B029768,P00311,F0122,A008,Economy,156.08,USD,2025-09-24,mobile_app
B029769,P01491,F0397,A074,Economy,86.9,EUR,2025-09-24,mobile_app
B029770,P01094,F0170,A041,Economy,136.41,EUR,2025-09-24,call_center
B029771,P00520,F0091,A073,Economy,80.3,USD,2025-09-24,travel_agency
B029772,P00282,F0514,A052,Economy,106.49,EUR,2025-09-24,mobile_app
B029773,P01449,F0359,A029,First,2747.4,USD,2025-09-24,mobile_app
B029774,P01703,F0476,A036,Business,587.89,GBP,2025-09-24,website
B029775,P00652,F0557,A063,Economy,170.91,USD,2025-09-24,mobile_app
B029776,P00672,F0350,A069,Economy,94.75,EUR,2025-09-24,travel_agency
B029777,P01343,F0508,A018,Economy,113.73,EUR,2025-09-24,call_center
B029778,P01773,F0554,A033,Economy,110.74,EUR,2025-09-24,website
B029779,P00626,F0541,A010,Economy,151.41,USD,2025-09-24,travel_agency
B029780,P02116,F0546,A004,Economy,173.38,EUR,2025-09-24,travel_agency
B029781,P01394,F0009,A065,Business,1103.74,EUR,2025-09-24,website
B029782,P00623,F0078,A032,Economy,136.65,EUR,2025-09-24,travel_agency
B029783,P01932,F0517,A050,Business,602.87,EUR,2025-09-24,website
B029784,P01171,F0556,A042,Business,535.93,EUR,2025-09-24,mobile_app
B029785,P01731,F0547,A005,Business,1042.18,EUR,2025-09-24,mobile_app
B029786,P00989,F0129,A064,Economy,92.71,EUR,2025-09-24,mobile_app
B029787,P00146,F0297,A058,Economy,161.96,GBP,2025-09-24,mobile_app
B029788,P00824,F0530,A012,Economy,163.76,EUR,2025-09-24,mobile_app
B029789,P00023,F0158,A072,Economy,143.33,USD,2025-09-24,website
B029790,P01946,F0440,A033,Economy,137.95,EUR,2025-09-24,travel_agency
B029791,P01189,F0440,A033,Economy,167.03,EUR,2025-09-24,call_center
B029792,P00706,F0152,A028,Premium Economy,371.36,GBP,2025-09-24,travel_agency
B029793,P00767,F0235,A052,Economy,152.25,USD,2025-09-24,mobile_app
B029794,P01370,F0118,A020,Business,1152.19,GBP,2025-09-24,travel_agency
B029795,P01815,F0005,A007,Economy,116.84,USD,2025-09-24,website
B029796,P01183,F0484,A056,Business,1152.69,EUR,2025-09-24,mobile_app
B029797,P01105,F0536,A069,Economy,183.6,EUR,2025-09-24,mobile_app
B029798,P00576,F0556,A042,Economy,145.88,USD,2025-09-24,website
B029799,P01409,F0511,A035,Economy,145.59,EUR,2025-09-24,travel_agency
B029800,P01292,F0516,A055,Business,1144.77,USD,2025-09-24,website
B029801,P00939,F0457,A032,Economy,145.27,USD,2025-09-24,travel_agency
B029802,P01348,F0469,A007,Premium Economy,196.05,USD,2025-09-24,travel_agency
B029803,P01122,F0118,A020,Business,536.21,EUR,2025-09-24,mobile_app
B029804,P00028,F0118,A020,Economy,187.9,EUR,2025-09-24,mobile_app
B029805,P01257,F0470,A030,Economy,173.76,USD,2025-09-24,call_center
B029806,P01770,F0137,A039,Economy,129.5,USD,2025-09-24,call_center
B029807,P01642,F0482,A004,Economy,133.37,EUR,2025-09-24,website
B029808,P01969,F0475,A069,Economy,158.63,GBP,2025-09-24,website
B029809,P00919,F0191,A080,Economy,91.45,EUR,2025-09-24,mobile_app
B029810,P00357,F0137,A039,Economy,184.0,USD,2025-09-24,mobile_app
B029811,P01404,F0191,A080,Economy,88.49,EUR,2025-09-24,mobile_app
B029812,P01710,F0548,A015,Premium Economy,374.26,GBP,2025-09-24,website
B029813,P01790,F0196,A066,Economy,143.99,GBP,2025-09-24,website
B029814,P01807,F0491,A017,Business,1369.37,GBP,2025-09-24,website
B029815,P01360,F0009,A065,Economy,154.58,USD,2025-09-24,website
B029816,P00261,F0559,A018,First,1147.52,EUR,2025-09-24,travel_agency
B029817,P01596,F0053,A031,Economy,75.38,USD,2025-09-24,website
B029818,P01834,F0534,A076,Economy,81.04,USD,2025-09-24,website
B029819,P01495,F0562,A054,Business,550.19,EUR,2025-09-24,website
B029820,P01678,F0040,A021,Economy,180.36,EUR,2025-09-24,website
B029821,P00639,F0442,A007,First,1280.16,GBP,2025-09-24,website
B029822,P01360,F0091,A073,Premium Economy,481.51,EUR,2025-09-24,mobile_app
B029823,P01869,F0521,A014,Economy,150.54,EUR,2025-09-24,mobile_app
B029824,P01335,F0499,A030,Economy,72.63,EUR,2025-09-24,website
B029825,P01728,F0152,A028,Economy,161.5,EUR,2025-09-24,mobile_app
B029826,P01353,F0515,A070,Premium Economy,377.02,GBP,2025-09-24,website
B029827,P01347,F0536,A069,Economy,166.56,EUR,2025-09-24,travel_agency
B029828,P00208,F0559,A018,Economy,101.92,USD,2025-09-24,website
B029829,P02059,F0547,A005,Business,685.84,USD,2025-09-24,travel_agency
B029830,P01389,F0122,A008,Economy,128.16,USD,2025-09-24,travel_agency
B029831,P00734,F0477,A026,Economy,187.03,EUR,2025-09-24,mobile_app
B029832,P00934,F0540,A001,Business,1322.94,EUR,2025-09-24,travel_agency
B029833,P01637,F0409,A041,Economy,153.07,USD,2025-09-24,travel_agency
B029834,P01295,F0074,A077,Economy,73.49,EUR,2025-09-24,website
B029835,P01548,F0557,A063,Business,1141.3,EUR,2025-09-24,mobile_app
B029836,P00754,F0387,A010,Premium Economy,366.64,EUR,2025-09-24,website
B029837,P01256,F0134,A072,Economy,124.52,EUR,2025-09-24,website
B029838,P00512,F0484,A056,Economy,192.62,GBP,2025-09-24,website
B029839,P01831,F0540,A001,Economy,196.66,EUR,2025-09-24,mobile_app
B029840,P00883,F0077,A069,Economy,169.93,USD,2025-09-24,website
B029841,P01497,F0366,A066,Economy,107.68,USD,2025-09-24,mobile_app
B029842,P02068,F0040,A021,Economy,194.72,USD,2025-09-24,website
B029843,P01005,F0277,A028,Business,1329.24,EUR,2025-09-24,mobile_app
B029844,P01148,F0535,A001,Economy,152.61,EUR,2025-09-24,mobile_app
B029845,P01473,F0173,A040,Economy,109.91,USD,2025-09-24,website
B029846,P01177,F0235,A052,Economy,126.1,USD,2025-09-24,website
B029847,P01895,F0286,A001,Economy,182.03,EUR,2025-09-24,mobile_app
B029848,P01938,F0253,A032,Economy,80.81,USD,2025-09-24,website
B029849,P00497,F0563,A061,Business,1428.95,EUR,2025-09-24,travel_agency
B029850,P01999,F0131,A017,Premium Economy,358.08,EUR,2025-09-24,mobile_app
B029851,P02133,F0270,A044,Economy,162.97,GBP,2025-09-24,website
B029852,P01713,F0359,A029,Economy,101.46,EUR,2025-09-24,travel_agency
B029853,P01971,F0499,A030,Economy,98.28,USD,2025-09-24,mobile_app
B029854,P00983,F0493,A012,Economy,150.54,GBP,2025-09-24,website
B029855,P00178,F0170,A041,Economy,162.91,USD,2025-09-24,mobile_app
B029856,P01746,F0552,A059,Economy,174.48,GBP,2025-09-24,website
B029857,P01268,F0530,A012,First,1139.13,USD,2025-09-24,travel_agency
B029858,P01001,F0224,A047,Economy,190.41,USD,2025-09-24,mobile_app
B029859,P00455,F0537,A076,Premium Economy,408.8,USD,2025-09-24,website
B029860,P01604,F0523,A013,Economy,89.89,USD,2025-09-24,website
B029861,P01719,F0388,A008,Economy,168.2,USD,2025-09-24,call_center
B029862,P00944,F0503,A060,Business,1258.23,EUR,2025-09-24,travel_agency
B029863,P00238,F0122,A008,Economy,96.29,EUR,2025-09-24,travel_agency
B029864,P00724,F0511,A035,First,2564.25,USD,2025-09-24,mobile_app
B029865,P00140,F0117,A057,Economy,188.33,USD,2025-09-24,website
B029866,P00082,F0131,A017,Economy,98.51,EUR,2025-09-24,mobile_app
B029867,P01301,F0053,A031,Economy,81.37,USD,2025-09-24,travel_agency
B029868,P00655,F0475,A069,Premium Economy,190.8,EUR,2025-09-24,website
B029869,P01485,F0513,A033,Economy,117.42,EUR,2025-09-24,website
B029870,P00140,F0237,A045,Economy,103.46,GBP,2025-09-24,website
B029871,P01243,F0544,A061,First,2074.48,USD,2025-09-24,website
B029872,P00820,F0159,A080,Premium Economy,452.22,EUR,2025-09-24,mobile_app
B029873,P02080,F0144,A077,Economy,91.73,EUR,2025-09-24,mobile_app
B029874,P01258,F0465,A019,Economy,157.26,USD,2025-09-24,travel_agency
B029875,P01123,F0114,A070,First,2029.57,USD,2025-09-24,mobile_app
B029876,P00308,F0514,A052,Economy,95.68,EUR,2025-09-24,mobile_app
B029877,P01696,F0370,A059,Business,1411.8,USD,2025-09-24,website
B029878,P00873,F0117,A057,Economy,128.04,EUR,2025-09-24,travel_agency
B029879,P01074,F0523,A013,Economy,83.16,USD,2025-09-24,mobile_app
B029880,P02099,F0447,A022,Business,856.3,EUR,2025-09-24,website
B029881,P01564,F0360,A059,Economy,197.93,EUR,2025-09-24,mobile_app
B029882,P01842,F0549,A041,Economy,142.14,EUR,2025-09-24,mobile_app
B029883,P01789,F0516,A055,Business,534.31,EUR,2025-09-24,website
B029884,P00802,F0114,A070,Business,1398.59,EUR,2025-09-24,mobile_app
B029885,P01161,F0540,A001,Economy,141.61,EUR,2025-09-24,mobile_app
B029886,P00680,F0543,A069,Business,572.76,EUR,2025-09-24,travel_agency
B029887,P00332,F0546,A004,Economy,129.58,EUR,2025-09-24,travel_agency
B029888,P01697,F0381,A013,Premium Economy,426.24,EUR,2025-09-24,website
B029889,P00400,F0456,A024,Premium Economy,309.28,EUR,2025-09-24,mobile_app
B029890,P00832,F0553,A032,Economy,118.94,EUR,2025-09-24,mobile_app
B029891,P02010,F0445,A016,Economy,124.13,EUR,2025-09-24,website
B029892,P00920,F0152,A028,Economy,195.05,GBP,2025-09-24,mobile_app
B029893,P00518,F0490,A075,Economy,119.83,EUR,2025-09-24,website
B029894,P00114,F0531,A020,Economy,167.96,GBP,2025-09-24,website
B029895,P01633,F0566,A040,Economy,135.35,USD,2025-09-24,website
B029896,P00151,F0158,A072,First,2109.79,EUR,2025-09-24,website
B029897,P01474,F0547,A005,Economy,99.72,USD,2025-09-24,website
B029898,P00317,F0449,A030,Economy,165.93,USD,2025-09-24,website
B029899,P00284,F0284,A054,Economy,136.96,GBP,2025-09-24,website
B029900,P00849,F0483,A073,Economy,185.37,GBP,2025-09-24,website
B029901,P00926,F0501,A050,Economy,154.56,EUR,2025-09-24,mobile_app
B029902,P02096,F0119,A043,Economy,174.57,EUR,2025-09-24,mobile_app
B029903,P01002,F0469,A007,Economy,98.41,EUR,2025-09-24,mobile_app
B029904,P01669,F0005,A007,Premium Economy,303.37,USD,2025-09-24,travel_agency
B029905,P01120,F0119,A043,Economy,118.23,USD,2025-09-24,mobile_app
B029906,P00038,F0091,A073,Economy,159.12,EUR,2025-09-24,website
B029907,P00616,F0297,A058,First,1564.4,GBP,2025-09-24,website
B029908,P00670,F0463,A058,Business,1251.16,USD,2025-09-24,mobile_app
B029909,P01287,F0525,A079,Premium Economy,472.34,EUR,2025-09-24,mobile_app
B029910,P00066,F0558,A041,Economy,164.68,EUR,2025-09-24,website
B029911,P01538,F0539,A035,Economy,84.48,EUR,2025-09-24,travel_agency
B029912,P00601,F0112,A065,Economy,164.64,USD,2025-09-24,travel_agency
B029913,P01531,F0053,A031,Economy,84.72,EUR,2025-09-24,mobile_app
B029914,P00788,F0550,A073,Economy,136.55,EUR,2025-09-24,mobile_app
B029915,P00950,F0531,A020,Economy,171.96,EUR,2025-09-24,call_center
B029916,P01355,F0381,A013,Premium Economy,293.17,EUR,2025-09-24,website
B029917,P01476,F0176,A064,Economy,195.9,EUR,2025-09-24,website
B029918,P00717,F0480,A014,Economy,118.44,GBP,2025-09-24,call_center
B029919,P00689,F0544,A061,Economy,120.08,EUR,2025-09-24,mobile_app
B029920,P00573,F0536,A069,Economy,168.67,EUR,2025-09-24,website
B029921,P00402,F0527,A042,Economy,107.76,EUR,2025-09-24,website
B029922,P00370,F0440,A033,Economy,118.39,USD,2025-09-24,travel_agency
B029923,P00659,F0511,A035,Economy,108.89,GBP,2025-09-24,mobile_app
B029924,P02024,F0483,A073,Economy,82.54,EUR,2025-09-24,mobile_app
B029925,P01096,F0366,A066,Economy,122.59,EUR,2025-09-24,mobile_app
B029926,P01445,F0441,A053,Economy,148.1,USD,2025-09-24,call_center
B029927,P00060,F0184,A043,Economy,86.64,GBP,2025-09-24,mobile_app
B029928,P01186,F0350,A069,Business,1358.86,EUR,2025-09-24,website
B029929,P01306,F0133,A038,Economy,105.12,USD,2025-09-24,travel_agency
B029930,P00041,F0318,A010,Economy,93.42,EUR,2025-09-24,mobile_app
B029931,P01764,F0226,A012,Economy,97.19,USD,2025-09-24,travel_agency
B029932,P00310,F0041,A032,Economy,135.69,EUR,2025-09-24,mobile_app
B029933,P00118,F0567,A060,Business,727.11,EUR,2025-09-24,website
B029934,P00198,F0381,A013,Economy,89.94,GBP,2025-09-24,website
B029935,P00680,F0505,A012,Business,779.04,EUR,2025-09-24,website
B029936,P01519,F0144,A077,Premium Economy,341.81,EUR,2025-09-24,website
B029937,P01719,F0053,A031,First,1884.06,EUR,2025-09-24,mobile_app
B029938,P02023,F0137,A039,Economy,141.81,EUR,2025-09-24,mobile_app
B029939,P00888,F0537,A076,Economy,107.65,USD,2025-09-24,website
B029940,P01436,F0485,A022,Economy,182.91,GBP,2025-09-24,call_center
B029941,P01653,F0184,A043,Economy,148.09,EUR,2025-09-24,website
B029942,P00348,F0010,A001,Economy,109.44,USD,2025-09-24,website
B029943,P00293,F0523,A013,Economy,154.28,USD,2025-09-24,travel_agency
B029944,P01882,F0511,A035,Economy,72.28,EUR,2025-09-24,website
B029945,P01166,F0476,A036,Premium Economy,229.0,EUR,2025-09-24,website
B029946,P00766,F0346,A044,Economy,160.05,USD,2025-09-24,website
B029947,P00457,F0540,A001,Economy,80.8,EUR,2025-09-24,travel_agency
B029948,P01869,F0122,A008,Economy,92.85,GBP,2025-09-24,travel_agency
B029949,P00733,F0086,A076,Economy,144.22,EUR,2025-09-24,call_center
B029950,P00794,F0515,A070,Premium Economy,405.45,USD,2025-09-24,mobile_app
B029951,P00328,F0112,A065,Business,1429.26,EUR,2025-09-24,mobile_app
B029952,P01864,F0346,A044,Premium Economy,287.99,EUR,2025-09-24,mobile_app
B029953,P00899,F0490,A075,Business,845.67,USD,2025-09-24,website
B029954,P01498,F0381,A013,Economy,176.46,EUR,2025-09-24,website
B029955,P00983,F0288,A015,Economy,195.91,USD,2025-09-24,website
B029956,P00503,F0286,A001,Economy,164.34,GBP,2025-09-24,mobile_app
B029957,P01469,F0564,A042,Economy,110.17,EUR,2025-09-24,website
B029958,P00774,F0544,A061,Economy,125.61,USD,2025-09-24,mobile_app
B029959,P02052,F0091,A073,Business,1224.49,USD,2025-09-24,travel_agency
B029960,P00283,F0449,A030,Premium Economy,179.88,EUR,2025-09-24,website
B029961,P01837,F0469,A007,Premium Economy,269.71,EUR,2025-09-24,travel_agency
B029962,P00761,F0137,A039,Economy,89.33,EUR,2025-09-24,mobile_app
B029963,P00171,F0563,A061,Premium Economy,347.85,USD,2025-09-24,travel_agency
B029964,P01324,F0547,A005,Economy,108.52,EUR,2025-09-24,website
B029965,P00356,F0531,A020,Premium Economy,201.81,EUR,2025-09-24,website
B029966,P01840,F0041,A032,Economy,128.2,EUR,2025-09-24,mobile_app
B029967,P00251,F0207,A043,Economy,174.1,GBP,2025-09-24,website
B029968,P00089,F0086,A076,Premium Economy,279.76,EUR,2025-09-24,mobile_app
B029969,P02034,F0500,A026,Premium Economy,306.06,GBP,2025-09-24,website
B029970,P02043,F0445,A016,Economy,163.43,EUR,2025-09-24,website
B029971,P01783,F0556,A042,Premium Economy,373.81,USD,2025-09-24,mobile_app
B029972,P00778,F0445,A016,Economy,94.32,EUR,2025-09-24,website
B029973,P00304,F0078,A032,Economy,142.23,EUR,2025-09-24,website
B029974,P00336,F0452,A061,Economy,132.89,USD,2025-09-24,mobile_app
B029975,P00228,F0112,A065,Economy,166.44,USD,2025-09-24,website
B029976,P01947,F0059,A067,Economy,100.16,EUR,2025-09-24,mobile_app
B029977,P01743,F0152,A028,Economy,140.54,USD,2025-09-24,website
B029978,P00114,F0059,A067,Premium Economy,423.98,USD,2025-09-24,website
B029979,P01059,F0552,A059,Business,878.07,EUR,2025-09-24,call_center
B029980,P01119,F0059,A067,Economy,76.32,EUR,2025-09-24,travel_agency
B029981,P00371,F0527,A042,Economy,189.95,EUR,2025-09-24,website
B029982,P01442,F0484,A056,Economy,101.79,EUR,2025-09-24,mobile_app
B029983,P01514,F0444,A046,Economy,168.65,EUR,2025-09-24,mobile_app
B029984,P00032,F0470,A030,Business,696.45,USD,2025-09-24,travel_agency
B029985,P00851,F0277,A028,Premium Economy,462.83,GBP,2025-09-24,mobile_app
B029986,P00083,F0561,A037,Economy,105.66,GBP,2025-09-24,website
B029987,P01632,F0512,A026,Economy,187.89,USD,2025-09-24,mobile_app
B029988,P02066,F0485,A022,Economy,181.18,EUR,2025-09-24,mobile_app
B029989,P00069,F0445,A016,Economy,157.59,GBP,2025-09-24,website
B029990,P00249,F0476,A036,Economy,179.51,USD,2025-09-24,travel_agency
B029991,P01707,F0518,A025,Economy,83.38,USD,2025-09-24,website
B029992,P00369,F0255,A061,Economy,90.12,GBP,2025-09-24,website
B029993,P02132,F0397,A074,Economy,186.69,EUR,2025-09-24,website
B029994,P01426,F0255,A061,Economy,145.53,EUR,2025-09-24,website
B029995,P02076,F0409,A041,Economy,104.09,USD,2025-09-24,call_center
B029996,P00733,F0270,A044,Economy,190.49,USD,2025-09-24,travel_agency
B029997,P00689,F0196,A066,Economy,190.61,USD,2025-09-24,mobile_app
B029998,P02016,F0064,A078,Economy,152.82,EUR,2025-09-24,call_center
B029999,P01716,F0026,A068,Business,722.25,EUR,2025-09-24,website
B030000,P00604,F0484,A056,Premium Economy,183.83,USD,2025-09-24,mobile_app
B030001,P01365,F0129,A064,Economy,76.13,EUR,2025-09-24,mobile_app
B030002,P01518,F0449,A030,Economy,77.82,EUR,2025-09-24,mobile_app
B030003,P01382,F0191,A080,Economy,195.66,EUR,2025-09-24,website
B030004,P00492,F0540,A001,Economy,146.95,GBP,2025-09-24,website
B030005,P00770,F0134,A072,Economy,115.86,USD,2025-09-24,mobile_app
B030006,P00873,F0086,A076,Economy,146.02,USD,2025-09-24,travel_agency
B030007,P01701,F0531,A020,Economy,89.31,EUR,2025-09-24,website
B030008,P00365,F0191,A080,Economy,99.69,USD,2025-09-24,travel_agency
B030009,P01065,F0537,A076,Premium Economy,234.6,EUR,2025-09-24,website
B030010,P01154,F0346,A044,Economy,118.03,EUR,2025-09-24,website
B030011,P00574,F0556,A042,Economy,105.36,EUR,2025-09-24,travel_agency
B030012,P00949,F0461,A044,Economy,127.13,GBP,2025-09-24,call_center
B030013,P00146,F0316,A073,Business,877.9,USD,2025-09-24,website
B030014,P01635,F0556,A042,Economy,139.76,USD,2025-09-24,website
B030015,P00580,F0260,A051,Economy,129.28,USD,2025-09-24,website
B030016,P00737,F0144,A077,Economy,118.7,EUR,2025-09-24,website
B030017,P00796,F0066,A051,Economy,156.81,EUR,2025-09-24,website
B030018,P01487,F0469,A007,First,1498.08,EUR,2025-09-24,travel_agency
B030019,P01491,F0530,A012,Business,640.22,GBP,2025-09-24,call_center
B030020,P00055,F0387,A010,Premium Economy,209.83,USD,2025-09-24,website
B030021,P02006,F0237,A045,Economy,107.12,USD,2025-09-24,website
B030022,P01830,F0557,A063,Premium Economy,218.38,EUR,2025-09-24,travel_agency
B030023,P01554,F0447,A022,Premium Economy,435.99,USD,2025-09-24,website
B030024,P00729,F0500,A026,Premium Economy,248.37,EUR,2025-09-24,travel_agency
B030025,P01041,F0557,A063,Economy,190.1,EUR,2025-09-24,travel_agency
B030026,P01268,F0173,A040,First,1714.82,EUR,2025-09-24,website
B030027,P01818,F0447,A022,Economy,118.53,EUR,2025-09-24,mobile_app
B030028,P00235,F0530,A012,Premium Economy,430.86,EUR,2025-09-24,website
B030029,P00043,F0133,A038,Economy,179.09,USD,2025-09-24,mobile_app
B030030,P01343,F0187,A017,Premium Economy,437.91,EUR,2025-09-24,website
B030031,P00368,F0270,A044,Economy,143.34,GBP,2025-09-24,website
B030032,P00612,F0562,A054,Economy,124.75,EUR,2025-09-24,website
B030033,P00821,F0554,A033,Business,913.95,EUR,2025-09-24,mobile_app
B030034,P01859,F0152,A028,Economy,150.1,EUR,2025-09-24,website
B030035,P01394,F0058,A071,Economy,130.42,GBP,2025-09-24,mobile_app
B030036,P01907,F0117,A057,Economy,181.91,USD,2025-09-24,mobile_app
B030037,P01997,F0381,A013,Economy,184.88,GBP,2025-09-24,mobile_app
B030038,P01098,F0491,A017,Economy,132.66,GBP,2025-09-24,website
B030039,P01779,F0508,A018,Economy,135.58,EUR,2025-09-24,mobile_app
B030040,P01186,F0401,A060,Business,559.96,USD,2025-09-24,mobile_app
B030041,P01071,F0546,A004,Economy,189.5,EUR,2025-09-24,mobile_app
B030042,P01898,F0129,A064,Business,1059.38,USD,2025-09-24,website
B030043,P00270,F0131,A017,Economy,135.81,GBP,2025-09-24,website
B030044,P01526,F0444,A046,Business,593.7,GBP,2025-09-24,travel_agency
B030045,P02112,F0465,A019,Economy,149.19,GBP,2025-09-24,travel_agency
B030046,P01074,F0112,A065,Economy,135.89,GBP,2025-09-24,mobile_app
B030047,P00103,F0470,A030,Premium Economy,479.16,USD,2025-09-24,mobile_app
B030048,P00984,F0144,A077,Economy,124.58,EUR,2025-09-24,website
B030049,P01264,F0176,A064,Economy,141.38,GBP,2025-09-24,mobile_app
B030050,P01804,F0168,A056,Premium Economy,367.55,USD,2025-09-24,website
B030051,P00395,F0026,A068,Economy,113.84,EUR,2025-09-24,website
B030052,P00451,F0463,A058,Economy,131.11,GBP,2025-09-24,travel_agency
B030053,P01436,F0449,A030,Economy,177.07,EUR,2025-09-24,website
B030054,P01726,F0523,A013,Economy,112.02,USD,2025-09-24,website
B030055,P00214,F0168,A056,Economy,123.29,EUR,2025-09-24,travel_agency
B030056,P01954,F0519,A075,Economy,163.56,EUR,2025-09-24,website
B030057,P01710,F0539,A035,Premium Economy,281.81,USD,2025-09-24,website
B030058,P00113,F0452,A061,Premium Economy,336.98,EUR,2025-09-24,website
B030059,P01682,F0444,A046,Economy,114.78,EUR,2025-09-24,website
B030060,P01286,F0538,A003,Premium Economy,201.79,EUR,2025-09-24,mobile_app
B030061,P01388,F0235,A052,Economy,154.1,EUR,2025-09-24,website
B030062,P00734,F0069,A070,Economy,188.86,USD,2025-09-24,mobile_app
B030063,P01687,F0069,A070,Economy,82.44,GBP,2025-09-24,website
B030064,P01177,F0419,A051,Business,644.69,EUR,2025-09-24,website
B030065,P01176,F0463,A058,Premium Economy,318.23,EUR,2025-09-24,travel_agency
B030066,P00723,F0484,A056,Economy,148.38,EUR,2025-09-24,website
B030067,P00293,F0510,A039,Economy,126.87,USD,2025-09-24,mobile_app
B030068,P01738,F0129,A064,Economy,195.27,EUR,2025-09-24,website
B030069,P01233,F0370,A059,First,1939.31,EUR,2025-09-24,website
B030070,P00165,F0226,A012,Economy,177.25,EUR,2025-09-24,website
B030071,P01914,F0505,A012,Business,703.57,USD,2025-09-24,website
B030072,P01034,F0173,A040,Premium Economy,264.76,EUR,2025-09-24,mobile_app
B030073,P01081,F0114,A070,Economy,183.3,GBP,2025-09-24,travel_agency
B030074,P00074,F0468,A012,Premium Economy,395.55,USD,2025-09-24,mobile_app
B030075,P02064,F0440,A033,Economy,122.67,USD,2025-09-24,mobile_app
B030076,P00261,F0086,A076,Economy,136.0,USD,2025-09-24,travel_agency
B030077,P01303,F0155,A017,Economy,171.06,USD,2025-09-24,mobile_app
B030078,P01274,F0457,A032,Premium Economy,312.52,EUR,2025-09-24,mobile_app
B030079,P00512,F0541,A010,Economy,72.06,EUR,2025-09-24,website
B030080,P01797,F0112,A065,Premium Economy,316.58,EUR,2025-09-24,website
B030081,P02080,F0041,A032,Economy,170.04,EUR,2025-09-24,website
B030082,P00253,F0483,A073,Business,1109.71,EUR,2025-09-24,call_center
B030083,P01954,F0565,A006,Economy,152.34,GBP,2025-09-24,mobile_app
B030084,P00498,F0465,A019,Economy,181.33,USD,2025-09-24,mobile_app
B030085,P01511,F0461,A044,Economy,143.33,GBP,2025-09-24,mobile_app
B030086,P01245,F0297,A058,Economy,150.49,GBP,2025-09-24,website
B030087,P01767,F0509,A013,Business,1063.09,USD,2025-09-24,website
B030088,P00700,F0091,A073,Economy,135.8,EUR,2025-09-24,website
B030089,P01268,F0566,A040,Premium Economy,483.02,EUR,2025-09-24,mobile_app
B030090,P00445,F0387,A010,Economy,194.33,USD,2025-09-24,website
B030091,P00137,F0387,A010,Premium Economy,298.46,EUR,2025-09-24,website
B030092,P00098,F0540,A001,Premium Economy,187.46,EUR,2025-09-24,website
B030093,P00125,F0270,A044,Economy,133.2,EUR,2025-09-24,mobile_app
B030094,P01475,F0477,A026,Premium Economy,270.81,EUR,2025-09-24,mobile_app
B030095,P01212,F0316,A073,Economy,193.2,GBP,2025-09-24,website
B030096,P00074,F0546,A004,Premium Economy,312.81,USD,2025-09-24,travel_agency
B030097,P01098,F0260,A051,Economy,97.97,EUR,2025-09-24,travel_agency
B030098,P01664,F0350,A069,Business,1202.56,EUR,2025-09-24,website
B030099,P00828,F0224,A047,Economy,107.17,EUR,2025-09-24,website
B030100,P01220,F0067,A060,Economy,86.67,EUR,2025-09-24,mobile_app
B030101,P01029,F0453,A042,Economy,79.62,GBP,2025-09-24,travel_agency
B030102,P00491,F0544,A061,Economy,130.09,EUR,2025-09-24,mobile_app
B030103,P02142,F0300,A032,Economy,176.31,EUR,2025-09-24,website
B030104,P00171,F0533,A013,Economy,155.06,USD,2025-09-24,website
B030105,P02092,F0118,A020,Economy,185.25,USD,2025-09-24,website
B030106,P01381,F0288,A015,Economy,173.93,EUR,2025-09-24,mobile_app
B030107,P01592,F0491,A017,Economy,155.71,EUR,2025-09-24,travel_agency
B030108,P01207,F0066,A051,Economy,120.56,USD,2025-09-24,website
B030109,P00292,F0010,A001,Economy,179.78,EUR,2025-09-24,mobile_app
B030110,P00050,F0449,A030,Economy,171.15,USD,2025-09-24,website
B030111,P01196,F0401,A060,Premium Economy,418.39,USD,2025-09-24,website
B030112,P01638,F0388,A008,Premium Economy,257.79,USD,2025-09-24,travel_agency
B030113,P00461,F0484,A056,Economy,112.94,GBP,2025-09-24,mobile_app
B030114,P00043,F0350,A069,Economy,190.76,EUR,2025-09-24,travel_agency
B030115,P00768,F0447,A022,First,3038.45,EUR,2025-09-24,website
B030116,P01460,F0191,A080,Economy,152.77,EUR,2025-09-24,website
B030117,P01524,F0541,A010,Economy,85.48,EUR,2025-09-24,call_center
B030118,P01002,F0297,A058,Economy,161.53,EUR,2025-09-24,mobile_app
B030119,P01692,F0224,A047,Economy,106.76,USD,2025-09-24,website
B030120,P01652,F0523,A013,Premium Economy,331.17,EUR,2025-09-24,travel_agency
B030121,P00195,F0191,A080,Business,820.43,USD,2025-09-24,travel_agency
B030122,P01550,F0491,A017,Economy,160.73,GBP,2025-09-24,website
B030123,P00182,F0546,A004,Economy,137.61,EUR,2025-09-24,mobile_app
B030124,P01994,F0441,A053,Economy,130.56,USD,2025-09-24,website
B030125,P02110,F0158,A072,Economy,117.07,EUR,2025-09-24,website
B030126,P01647,F0520,A024,First,1698.0,USD,2025-09-24,mobile_app
B030127,P00210,F0528,A054,Premium Economy,201.5,EUR,2025-09-24,mobile_app
B030128,P00988,F0440,A033,Economy,133.32,GBP,2025-09-24,website
B030129,P01640,F0226,A012,Business,720.05,GBP,2025-09-24,website
B030130,P00647,F0477,A026,Economy,99.97,EUR,2025-09-24,website
B030131,P01452,F0122,A008,Economy,179.57,GBP,2025-09-24,travel_agency
B030132,P01061,F0012,A069,Economy,187.18,GBP,2025-09-24,website
B030133,P00113,F0091,A073,Economy,113.55,USD,2025-09-24,travel_agency
B030134,P01555,F0557,A063,Economy,177.62,USD,2025-09-24,mobile_app
B030135,P00505,F0508,A018,Economy,123.27,USD,2025-09-24,website
B030136,P01219,F0452,A061,Economy,124.96,EUR,2025-09-24,website
B030137,P00543,F0405,A049,Premium Economy,432.46,EUR,2025-09-24,travel_agency
B030138,P00055,F0456,A024,Premium Economy,405.54,USD,2025-09-24,travel_agency
B030139,P01235,F0508,A018,Economy,106.58,USD,2025-09-24,website
B030140,P01068,F0387,A010,Economy,194.92,EUR,2025-09-24,travel_agency
B030141,P01998,F0311,A023,Economy,121.88,GBP,2025-09-24,website
B030142,P00643,F0550,A073,Economy,175.58,USD,2025-09-24,travel_agency
B030143,P00338,F0554,A033,Economy,112.21,EUR,2025-09-24,travel_agency
B030144,P01923,F0010,A001,Economy,119.11,USD,2025-09-24,website
B030145,P02124,F0277,A028,Economy,170.39,EUR,2025-09-24,mobile_app
B030146,P01425,F0538,A003,Premium Economy,405.94,EUR,2025-09-24,mobile_app
B030147,P00890,F0455,A079,Premium Economy,326.13,USD,2025-09-24,website
B030148,P01396,F0561,A037,Economy,140.81,GBP,2025-09-24,travel_agency
B030149,P01845,F0207,A043,Economy,77.87,EUR,2025-09-24,travel_agency
B030150,P01374,F0457,A032,Premium Economy,265.08,USD,2025-09-24,mobile_app
B030151,P00683,F0005,A007,Premium Economy,380.95,EUR,2025-09-24,website
B030152,P00999,F0155,A017,Economy,116.72,GBP,2025-09-24,website
B030153,P01303,F0490,A075,Economy,174.64,USD,2025-09-24,website
B030154,P00319,F0053,A031,Premium Economy,182.45,USD,2025-09-24,website
B030155,P01850,F0277,A028,Economy,185.16,EUR,2025-09-24,travel_agency
B030156,P00614,F0058,A071,Economy,193.86,GBP,2025-09-24,website
B030157,P01747,F0004,A075,Business,934.98,EUR,2025-09-24,website
B030158,P01634,F0539,A035,Economy,85.12,EUR,2025-09-24,mobile_app
B030159,P00009,F0552,A059,Business,708.25,USD,2025-09-24,website
B030160,P02122,F0442,A007,Premium Economy,311.72,GBP,2025-09-24,travel_agency
B030161,P00533,F0490,A075,Economy,145.29,EUR,2025-09-24,mobile_app
B030162,P01804,F0086,A076,Economy,74.96,GBP,2025-09-24,travel_agency
B030163,P01115,F0477,A026,First,3031.56,EUR,2025-09-24,travel_agency
B030164,P00343,F0311,A023,Business,1408.18,EUR,2025-09-24,website
B030165,P02083,F0545,A042,Business,792.49,USD,2025-09-24,website
B030166,P00268,F0534,A076,Premium Economy,303.52,EUR,2025-09-24,mobile_app
B030167,P01400,F0004,A075,Economy,150.05,GBP,2025-09-24,mobile_app
B030168,P00291,F0306,A046,Economy,82.78,USD,2025-09-24,mobile_app
B030169,P01817,F0168,A056,Economy,92.64,USD,2025-09-24,website
B030170,P01174,F0545,A042,Economy,158.17,EUR,2025-09-24,website
B030171,P00374,F0534,A076,Economy,78.43,EUR,2025-09-24,mobile_app
B030172,P01334,F0224,A047,Premium Economy,276.13,EUR,2025-09-24,website
B030173,P01819,F0512,A026,Economy,105.37,USD,2025-09-24,travel_agency
B030174,P00631,F0530,A012,Economy,177.16,EUR,2025-09-24,website
B030175,P01904,F0041,A032,Economy,157.47,EUR,2025-09-24,website
B030176,P01853,F0300,A032,Economy,152.74,USD,2025-09-24,website
B030177,P01324,F0515,A070,Economy,114.77,EUR,2025-09-24,website
B030178,P00643,F0513,A033,First,1395.6,EUR,2025-09-24,mobile_app
B030179,P00181,F0500,A026,Economy,102.17,GBP,2025-09-24,website
B030180,P00759,F0010,A001,Economy,91.69,USD,2025-09-24,travel_agency
B030181,P00230,F0170,A041,Economy,163.99,EUR,2025-09-24,mobile_app
B030182,P02070,F0551,A060,Economy,137.24,USD,2025-09-24,mobile_app
B030183,P00458,F0226,A012,Economy,197.69,EUR,2025-09-24,mobile_app
B030184,P00552,F0041,A032,Economy,142.71,EUR,2025-09-24,mobile_app
B030185,P00921,F0158,A072,Economy,168.2,EUR,2025-09-24,mobile_app
B030186,P00174,F0131,A017,Economy,123.57,USD,2025-09-24,mobile_app
B030187,P00538,F0318,A010,Premium Economy,190.4,USD,2025-09-24,website
B030188,P01986,F0158,A072,Business,807.97,USD,2025-09-24,mobile_app
B030189,P00409,F0134,A072,Economy,181.29,GBP,2025-09-24,mobile_app
B030190,P01052,F0559,A018,Economy,138.04,USD,2025-09-24,call_center
B030191,P01058,F0260,A051,Business,701.69,USD,2025-09-24,website
B030192,P01338,F0491,A017,Economy,134.5,USD,2025-09-24,call_center
B030193,P01255,F0306,A046,Premium Economy,419.02,GBP,2025-09-24,website
B030194,P01972,F0360,A059,Economy,167.09,EUR,2025-09-24,website
B030195,P01077,F0350,A069,Economy,181.92,EUR,2025-09-24,mobile_app
B030196,P00879,F0077,A069,Business,838.04,EUR,2025-09-24,travel_agency
B030197,P01646,F0530,A012,Economy,75.74,EUR,2025-09-24,mobile_app
B030198,P01494,F0253,A032,Premium Economy,231.72,USD,2025-09-24,mobile_app
B030199,P02073,F0482,A004,Economy,103.93,EUR,2025-09-24,mobile_app
B030200,P00908,F0026,A068,Premium Economy,368.53,USD,2025-09-24,mobile_app
B030201,P01875,F0086,A076,Economy,118.3,EUR,2025-09-24,website
B030202,P00200,F0159,A080,Economy,134.28,GBP,2025-09-24,mobile_app
B030203,P02014,F0117,A057,Premium Economy,474.84,USD,2025-09-24,travel_agency
B030204,P00345,F0549,A041,Economy,135.62,EUR,2025-09-24,mobile_app
B030205,P01268,F0067,A060,Economy,114.12,EUR,2025-09-24,website
B030206,P01642,F0170,A041,Economy,77.07,EUR,2025-09-24,website
B030207,P00997,F0122,A008,Economy,189.68,EUR,2025-09-24,travel_agency
B030208,P01443,F0005,A007,Economy,90.98,EUR,2025-09-24,call_center
B030209,P00619,F0554,A033,Premium Economy,444.35,GBP,2025-09-24,mobile_app
B030210,P00584,F0379,A018,Economy,98.23,EUR,2025-09-24,travel_agency
B030211,P00319,F0397,A074,Business,1060.5,USD,2025-09-24,website
B030212,P01949,F0176,A064,Business,885.65,EUR,2025-09-24,website
B030213,P00993,F0508,A018,Economy,111.13,EUR,2025-09-24,website
B030214,P01611,F0397,A074,Premium Economy,290.88,EUR,2025-09-24,website
B030215,P01779,F0549,A041,Economy,187.13,EUR,2025-09-24,mobile_app
B030216,P01280,F0284,A054,Economy,91.57,USD,2025-09-24,mobile_app
B030217,P00363,F0114,A070,Economy,125.24,EUR,2025-09-24,website
B030218,P00136,F0366,A066,Economy,125.35,GBP,2025-09-24,mobile_app
B030219,P01346,F0159,A080,Economy,84.65,EUR,2025-09-24,website
B030220,P00292,F0518,A025,Economy,172.57,USD,2025-09-24,website
B030221,P00306,F0058,A071,Business,992.75,EUR,2025-09-24,website
B030222,P00912,F0509,A013,Business,1338.56,EUR,2025-09-24,website
B030223,P01292,F0440,A033,Economy,192.79,USD,2025-09-24,website
B030224,P00333,F0387,A010,Economy,141.6,GBP,2025-09-24,website
B030225,P00946,F0168,A056,Economy,91.92,USD,2025-09-24,website
B030226,P01985,F0413,A042,Economy,177.58,USD,2025-09-24,website
B030227,P00115,F0366,A066,Economy,124.91,USD,2025-09-24,mobile_app
B030228,P02027,F0485,A022,Premium Economy,207.78,USD,2025-09-24,call_center
B030229,P01483,F0442,A007,Economy,170.69,USD,2025-09-24,mobile_app
B030230,P01066,F0290,A006,Economy,148.9,EUR,2025-09-24,website
B030231,P01316,F0515,A070,Economy,86.71,EUR,2025-09-24,travel_agency
B030232,P00341,F0558,A041,Economy,86.63,EUR,2025-09-24,call_center
B030233,P01788,F0554,A033,Economy,189.09,USD,2025-09-24,website
B030234,P01749,F0529,A005,Economy,145.78,USD,2025-09-24,mobile_app
B030235,P00404,F0493,A012,Premium Economy,314.21,EUR,2025-09-24,travel_agency
B030236,P00004,F0387,A010,Economy,156.52,EUR,2025-09-24,website
B030237,P00878,F0235,A052,First,2996.31,GBP,2025-09-24,website
B030238,P00164,F0318,A010,Economy,147.51,USD,2025-09-24,travel_agency
B030239,P00121,F0405,A049,Premium Economy,252.65,EUR,2025-09-24,mobile_app
B030240,P01698,F0005,A007,Economy,84.88,EUR,2025-09-24,website
B030241,P00408,F0445,A016,Economy,78.27,USD,2025-09-24,call_center
B030242,P00015,F0184,A043,Economy,149.5,USD,2025-09-24,website
B030243,P01901,F0168,A056,Economy,104.19,EUR,2025-09-24,website
B030244,P01058,F0557,A063,Economy,187.4,EUR,2025-09-24,website
B030245,P01053,F0540,A001,Business,872.06,EUR,2025-09-24,mobile_app
B030246,P01474,F0170,A041,Economy,194.47,USD,2025-09-24,mobile_app
B030247,P00721,F0489,A067,Economy,97.91,EUR,2025-09-24,mobile_app
B030248,P02094,F0067,A060,Economy,167.28,EUR,2025-09-24,travel_agency
B030249,P01252,F0527,A042,Economy,75.58,EUR,2025-09-24,website
B030250,P00750,F0455,A079,Premium Economy,190.9,EUR,2025-09-24,travel_agency
B030251,P01611,F0474,A045,Economy,107.69,USD,2025-09-24,mobile_app
B030252,P00914,F0537,A076,Economy,188.68,USD,2025-09-24,website
B030253,P00795,F0546,A004,Economy,144.21,EUR,2025-09-24,website
B030254,P00102,F0475,A069,Economy,93.54,USD,2025-09-24,website
B030255,P00693,F0419,A051,Economy,187.25,EUR,2025-09-24,call_center
B030256,P01113,F0444,A046,Economy,119.25,GBP,2025-09-24,mobile_app
B030257,P01974,F0552,A059,Economy,81.93,USD,2025-09-24,mobile_app
B030258,P00976,F0456,A024,Economy,119.72,EUR,2025-09-24,travel_agency
B030259,P02047,F0485,A022,Economy,85.42,GBP,2025-09-24,website
B030260,P01296,F0564,A042,Business,711.65,EUR,2025-09-24,website
B030261,P00997,F0069,A070,Economy,185.4,EUR,2025-09-24,website
B030262,P01906,F0168,A056,Premium Economy,187.59,USD,2025-09-24,mobile_app
B030263,P01494,F0224,A047,Economy,88.4,EUR,2025-09-24,mobile_app
B030264,P00601,F0350,A069,Business,807.96,USD,2025-09-24,travel_agency
B030265,P00989,F0297,A058,Economy,125.42,USD,2025-09-24,travel_agency
B030266,P00397,F0413,A042,Economy,100.71,USD,2025-09-24,mobile_app
B030267,P00782,F0191,A080,Economy,108.45,EUR,2025-09-24,website
B030268,P01535,F0565,A006,Premium Economy,251.64,GBP,2025-09-24,website
B030269,P00590,F0513,A033,Economy,183.22,USD,2025-09-24,call_center
B030270,P01409,F0537,A076,Economy,125.17,EUR,2025-09-24,travel_agency
B030271,P00381,F0501,A050,Premium Economy,418.88,USD,2025-09-24,travel_agency
B030272,P00917,F0059,A067,Business,1427.44,EUR,2025-09-24,website
B030273,P00045,F0480,A014,Economy,160.36,GBP,2025-09-24,travel_agency
B030274,P00602,F0360,A059,Economy,141.56,USD,2025-09-24,call_center
B030275,P00812,F0554,A033,First,2135.99,EUR,2025-09-24,call_center
B030276,P00571,F0447,A022,Economy,95.4,EUR,2025-09-24,travel_agency
B030277,P00240,F0457,A032,Premium Economy,276.4,USD,2025-09-24,website
B030278,P01956,F0069,A070,Economy,103.85,GBP,2025-09-24,mobile_app
B030279,P01402,F0469,A007,Premium Economy,337.93,GBP,2025-09-24,mobile_app
B030280,P00393,F0533,A013,Economy,135.68,USD,2025-09-24,call_center
B030281,P01915,F0476,A036,Economy,114.27,GBP,2025-09-24,website
B030282,P00131,F0053,A031,Economy,72.67,USD,2025-09-24,website
B030283,P01499,F0457,A032,Economy,157.27,EUR,2025-09-24,website
B030284,P00803,F0551,A060,Business,713.87,EUR,2025-09-24,website
B030285,P01458,F0409,A041,Premium Economy,407.43,EUR,2025-09-24,website
B030286,P00007,F0519,A075,Premium Economy,237.22,USD,2025-09-24,travel_agency
B030287,P02021,F0538,A003,Economy,106.85,EUR,2025-09-24,travel_agency
B030288,P00842,F0553,A032,Economy,120.01,EUR,2025-09-24,website
B030289,P01972,F0010,A001,Business,1131.82,USD,2025-09-24,call_center
B030290,P00578,F0529,A005,Economy,146.28,EUR,2025-09-24,website
B030291,P00522,F0535,A001,Economy,188.11,EUR,2025-09-24,mobile_app
B030292,P01500,F0131,A017,Economy,193.88,EUR,2025-09-24,mobile_app
B030293,P01189,F0536,A069,Economy,138.32,USD,2025-09-24,website
B030294,P01450,F0486,A005,Business,666.27,EUR,2025-09-24,mobile_app
B030295,P02079,F0521,A014,Premium Economy,357.4,EUR,2025-09-24,mobile_app
B030296,P02103,F0405,A049,Business,896.96,EUR,2025-09-24,travel_agency
B030297,P01276,F0372,A063,Economy,95.72,EUR,2025-09-24,website
B030298,P02116,F0388,A008,Economy,165.06,EUR,2025-09-24,website
B030299,P01105,F0453,A042,Premium Economy,371.94,EUR,2025-09-24,website
B030300,P00083,F0330,A064,Economy,128.07,USD,2025-09-24,website
B030301,P00067,F0456,A024,Business,1086.34,EUR,2025-09-24,website
B030302,P01059,F0508,A018,Economy,139.69,USD,2025-09-24,website
B030303,P01789,F0503,A060,Economy,106.57,EUR,2025-09-24,website
B030304,P01475,F0306,A046,First,1292.33,EUR,2025-09-24,travel_agency
B030305,P00178,F0520,A024,Economy,126.52,USD,2025-09-24,website
B030306,P00011,F0547,A005,Business,1419.11,EUR,2025-09-24,website
B030307,P01393,F0475,A069,Premium Economy,304.98,EUR,2025-09-24,travel_agency
B030308,P01224,F0516,A055,Economy,112.18,EUR,2025-09-24,website
B030309,P00462,F0550,A073,Economy,123.43,EUR,2025-09-24,call_center
B030310,P01236,F0413,A042,Economy,144.45,EUR,2025-09-24,mobile_app
B030311,P01196,F0519,A075,Premium Economy,181.0,USD,2025-09-24,mobile_app
B030312,P01302,F0086,A076,Economy,149.33,GBP,2025-09-24,website
B030313,P02011,F0401,A060,Premium Economy,208.57,EUR,2025-09-24,travel_agency
B030314,P01254,F0300,A032,Economy,103.66,USD,2025-09-24,website
B030315,P00901,F0366,A066,Economy,186.31,USD,2025-09-24,website
B030316,P00239,F0561,A037,Economy,75.4,USD,2025-09-24,mobile_app
B030317,P00247,F0546,A004,Economy,80.62,EUR,2025-09-24,website
B030318,P00706,F0531,A020,Premium Economy,330.96,EUR,2025-09-24,travel_agency
B030319,P02114,F0401,A060,Economy,153.27,EUR,2025-09-24,website
B030320,P01512,F0330,A064,Economy,99.15,USD,2025-09-24,call_center
B030321,P01438,F0521,A014,Economy,149.85,EUR,2025-09-24,website
B030322,P00327,F0026,A068,Economy,173.5,USD,2025-09-24,website
B030323,P01061,F0529,A005,Economy,107.97,EUR,2025-09-24,mobile_app
B030324,P01559,F0557,A063,Economy,106.7,EUR,2025-09-24,website
B030325,P00979,F0553,A032,Business,554.34,EUR,2025-09-24,website
B030326,P00425,F0334,A032,Economy,105.7,EUR,2025-09-24,website
B030327,P00650,F0539,A035,Premium Economy,196.72,EUR,2025-09-24,website
B030328,P00117,F0074,A077,Premium Economy,414.2,USD,2025-09-24,website
B030329,P01189,F0552,A059,Economy,150.63,EUR,2025-09-24,website
B030330,P01037,F0445,A016,Premium Economy,368.94,EUR,2025-09-24,mobile_app
B030331,P01959,F0012,A069,Business,1348.22,USD,2025-09-24,website
B030332,P02056,F0077,A069,Economy,176.58,EUR,2025-09-24,mobile_app
B030333,P01351,F0533,A013,Economy,191.93,GBP,2025-09-24,website
B030334,P00716,F0129,A064,Business,707.04,USD,2025-09-24,call_center
B030335,P01079,F0026,A068,Economy,120.88,USD,2025-09-24,website
B030336,P00226,F0469,A007,First,2533.9,USD,2025-09-24,website
B030337,P01904,F0565,A006,Premium Economy,179.36,EUR,2025-09-24,call_center
B030338,P01302,F0484,A056,Economy,108.37,GBP,2025-09-24,mobile_app
B030339,P01899,F0555,A059,Business,1377.49,USD,2025-09-24,travel_agency
B030340,P01292,F0559,A018,Economy,195.08,USD,2025-09-24,website
B030341,P00544,F0567,A060,Business,1374.62,EUR,2025-09-24,website
B030342,P01580,F0155,A017,Economy,155.72,EUR,2025-09-24,website
B030343,P00682,F0306,A046,First,1155.75,EUR,2025-09-24,mobile_app
B030344,P00288,F0444,A046,Premium Economy,402.35,EUR,2025-09-24,travel_agency
B030345,P01783,F0562,A054,Business,685.7,GBP,2025-09-24,mobile_app
B030346,P00673,F0557,A063,First,1807.24,USD,2025-09-24,mobile_app
B030347,P00731,F0370,A059,Premium Economy,254.33,USD,2025-09-24,website
B030348,P00328,F0528,A054,Premium Economy,178.36,USD,2025-09-24,travel_agency
B030349,P00056,F0566,A040,Economy,109.9,EUR,2025-09-24,website
B030350,P00281,F0564,A042,Economy,186.54,EUR,2025-09-24,mobile_app
B030351,P01470,F0067,A060,Economy,176.34,GBP,2025-09-24,call_center
B030352,P00659,F0475,A069,Economy,84.08,GBP,2025-09-24,mobile_app
B030353,P00182,F0091,A073,Economy,109.14,EUR,2025-09-24,website
B030354,P01100,F0566,A040,Economy,134.06,EUR,2025-09-24,website
B030355,P00788,F0444,A046,Premium Economy,388.4,USD,2025-09-24,travel_agency
B030356,P00787,F0277,A028,Business,1429.1,EUR,2025-09-24,website
B030357,P00143,F0026,A068,Economy,195.95,GBP,2025-09-24,mobile_app
B030358,P01189,F0528,A054,Economy,165.87,EUR,2025-09-24,travel_agency
B030359,P02002,F0133,A038,Business,910.75,USD,2025-09-24,website
B030360,P01900,F0449,A030,Business,524.09,EUR,2025-09-24,mobile_app
B030361,P00256,F0497,A074,Business,1343.27,USD,2025-09-24,mobile_app
B030362,P01129,F0074,A077,Economy,108.71,EUR,2025-09-24,call_center
B030363,P01028,F0567,A060,Economy,80.34,EUR,2025-09-24,website
B030364,P00668,F0452,A061,Premium Economy,469.88,USD,2025-09-24,travel_agency
B030365,P01068,F0565,A006,Economy,192.5,USD,2025-09-24,website
B030366,P00442,F0511,A035,Economy,73.09,USD,2025-09-24,mobile_app
B030367,P01362,F0064,A078,Economy,160.57,USD,2025-09-24,mobile_app
B030368,P01477,F0512,A026,Economy,127.32,GBP,2025-09-24,mobile_app
B030369,P02130,F0491,A017,Business,1393.46,GBP,2025-09-24,travel_agency
B030370,P00418,F0476,A036,Economy,130.77,EUR,2025-09-24,call_center
B030371,P00725,F0512,A026,Economy,98.34,EUR,2025-09-24,website
B030372,P01100,F0300,A032,Economy,106.92,EUR,2025-09-24,travel_agency
B030373,P01104,F0067,A060,Economy,144.4,EUR,2025-09-24,travel_agency
B030374,P00254,F0114,A070,Economy,149.62,USD,2025-09-24,website
B030375,P01403,F0482,A004,Business,664.33,GBP,2025-09-24,website
B030376,P00672,F0237,A045,Economy,179.1,EUR,2025-09-24,mobile_app
B030377,P01638,F0520,A024,Economy,161.78,EUR,2025-09-24,mobile_app
B030378,P00533,F0388,A008,Business,722.66,EUR,2025-09-24,website
B030379,P01183,F0118,A020,Economy,99.36,USD,2025-09-24,website
B030380,P00724,F0477,A026,Economy,128.11,USD,2025-09-24,website
B030381,P00298,F0173,A040,Economy,197.91,USD,2025-09-24,mobile_app
B030382,P01616,F0513,A033,Economy,166.42,EUR,2025-09-24,mobile_app
B030383,P01523,F0561,A037,Economy,188.97,EUR,2025-09-24,website
B030384,P01036,F0490,A075,Economy,181.65,EUR,2025-09-24,website
B030385,P01264,F0144,A077,Economy,174.56,USD,2025-09-24,website
B030386,P01307,F0129,A064,Economy,76.59,GBP,2025-09-24,mobile_app
B030387,P00434,F0531,A020,First,1574.1,USD,2025-09-24,website
B030388,P01060,F0567,A060,Economy,146.52,EUR,2025-09-24,mobile_app
B030389,P00029,F0118,A020,Economy,96.78,GBP,2025-09-24,website
B030390,P01574,F0543,A069,Economy,191.29,GBP,2025-09-24,mobile_app
B030391,P02075,F0196,A066,Economy,196.57,GBP,2025-09-24,website
B030392,P01886,F0260,A051,Economy,94.16,EUR,2025-09-24,mobile_app
B030393,P00555,F0176,A064,First,2238.02,GBP,2025-09-24,travel_agency
B030394,P01898,F0133,A038,Business,1192.73,GBP,2025-09-24,website
B030395,P00054,F0005,A007,Premium Economy,228.89,EUR,2025-09-24,mobile_app
B030396,P00070,F0155,A017,Economy,76.69,USD,2025-09-24,mobile_app
B030397,P00638,F0449,A030,Economy,189.15,EUR,2025-09-24,travel_agency
B030398,P00250,F0503,A060,Economy,151.51,USD,2025-09-24,website
B030399,P00439,F0546,A004,Economy,81.71,USD,2025-09-24,mobile_app
B030400,P00544,F0226,A012,Premium Economy,343.36,EUR,2025-09-24,website
B030401,P02101,F0078,A032,Economy,195.79,EUR,2025-09-24,travel_agency
B030402,P00095,F0457,A032,Economy,114.19,EUR,2025-09-24,website
B030403,P00771,F0159,A080,Economy,163.51,EUR,2025-09-24,travel_agency
B030404,P01296,F0131,A017,Economy,78.92,EUR,2025-09-24,call_center
B030405,P02114,F0538,A003,Economy,88.49,USD,2025-09-24,call_center
B030406,P00425,F0474,A045,First,1325.13,USD,2025-09-24,website
B030407,P01963,F0539,A035,Economy,171.19,EUR,2025-09-24,travel_agency
B030408,P01431,F0381,A013,Economy,72.89,GBP,2025-09-24,mobile_app
B030409,P01958,F0196,A066,Premium Economy,355.23,GBP,2025-09-24,mobile_app
B030410,P01644,F0449,A030,Economy,100.44,EUR,2025-09-24,website
B030411,P01170,F0521,A014,Economy,157.8,USD,2025-09-24,website
B030412,P00982,F0497,A074,First,2047.3,EUR,2025-09-24,mobile_app
B030413,P02074,F0558,A041,Business,659.16,EUR,2025-09-24,call_center
B030414,P00612,F0334,A032,Economy,153.58,EUR,2025-09-24,travel_agency
B030415,P01276,F0520,A024,Economy,119.75,EUR,2025-09-24,website
B030416,P00608,F0512,A026,Economy,96.89,EUR,2025-09-24,mobile_app
B030417,P00713,F0137,A039,Economy,184.29,USD,2025-09-24,website
B030418,P01793,F0456,A024,Economy,113.76,GBP,2025-09-24,website
B030419,P00442,F0144,A077,Economy,195.6,USD,2025-09-24,mobile_app
B030420,P00709,F0441,A053,Economy,183.0,USD,2025-09-24,mobile_app
B030421,P01317,F0346,A044,Economy,105.88,USD,2025-09-24,mobile_app
B030422,P01165,F0553,A032,Economy,145.45,EUR,2025-09-24,website
B030423,P00359,F0474,A045,Economy,108.73,EUR,2025-09-24,website
B030424,P00928,F0553,A032,Business,574.73,USD,2025-09-24,mobile_app
B030425,P00237,F0059,A067,Economy,87.93,EUR,2025-09-24,website
B030426,P01020,F0546,A004,Business,996.95,USD,2025-09-24,website
B030427,P00329,F0537,A076,Economy,128.86,USD,2025-09-24,website
B030428,P00466,F0359,A029,Premium Economy,210.84,USD,2025-09-24,website
B030429,P00725,F0491,A017,Economy,166.38,EUR,2025-09-24,website
B030430,P00316,F0527,A042,Economy,72.39,USD,2025-09-24,call_center
B030431,P00451,F0117,A057,Economy,90.57,EUR,2025-09-24,website
B030432,P00237,F0554,A033,Economy,179.35,USD,2025-09-24,website
B030433,P01159,F0548,A015,First,1670.11,EUR,2025-09-24,mobile_app
B030434,P01959,F0144,A077,Economy,104.73,GBP,2025-09-24,call_center
B030435,P00560,F0260,A051,Business,1052.67,USD,2025-09-24,website
B030436,P01387,F0484,A056,Premium Economy,194.1,USD,2025-09-24,mobile_app
B030437,P00124,F0004,A075,Economy,87.85,USD,2025-09-24,mobile_app
B030438,P00064,F0401,A060,Economy,191.97,USD,2025-09-24,website
B030439,P02123,F0453,A042,Economy,141.36,USD,2025-09-24,mobile_app
B030440,P00887,F0489,A067,First,1892.86,EUR,2025-09-24,website
B030441,P00308,F0519,A075,Premium Economy,179.82,EUR,2025-09-24,website
B030442,P00007,F0004,A075,Premium Economy,434.11,USD,2025-09-24,mobile_app
B030443,P01059,F0478,A053,Economy,189.61,EUR,2025-09-24,mobile_app
B030444,P00828,F0366,A066,Economy,128.02,EUR,2025-09-24,mobile_app
B030445,P00600,F0134,A072,Business,644.03,EUR,2025-09-24,mobile_app
B030446,P00881,F0010,A001,Business,587.93,GBP,2025-09-24,website
B030447,P01677,F0137,A039,Premium Economy,334.03,EUR,2025-09-24,website
B030448,P00117,F0497,A074,Economy,186.09,EUR,2025-09-24,website
B030449,P00548,F0552,A059,Economy,124.72,USD,2025-09-24,website
B030450,P01109,F0332,A077,Economy,193.46,USD,2025-09-24,travel_agency
B030451,P00077,F0372,A063,Premium Economy,478.6,EUR,2025-09-24,website
B030452,P01912,F0086,A076,Economy,86.26,EUR,2025-09-24,call_center
B030453,P01284,F0523,A013,Business,1026.27,USD,2025-09-24,call_center
B030454,P00238,F0370,A059,Business,766.25,USD,2025-09-24,travel_agency
B030455,P00002,F0253,A032,Business,1383.4,EUR,2025-09-24,website
B030456,P01938,F0477,A026,Economy,192.13,GBP,2025-09-24,mobile_app
B030457,P01639,F0297,A058,Economy,165.32,EUR,2025-09-24,mobile_app
B030458,P00883,F0397,A074,Economy,156.35,EUR,2025-09-24,mobile_app
B030459,P01668,F0187,A017,Premium Economy,387.87,USD,2025-09-24,mobile_app
B030460,P01636,F0173,A040,Business,1413.18,EUR,2025-09-24,call_center
B030461,P00405,F0540,A001,Economy,138.23,USD,2025-09-24,mobile_app
B030462,P00687,F0360,A059,Economy,140.89,GBP,2025-09-24,mobile_app
B030463,P00454,F0468,A012,Economy,78.84,EUR,2025-09-24,mobile_app
B030464,P00657,F0346,A044,Economy,196.77,USD,2025-09-24,website
B030465,P00356,F0563,A061,Economy,120.96,USD,2025-09-24,mobile_app
B030466,P00021,F0058,A071,Economy,75.43,EUR,2025-09-24,website
B030467,P01670,F0567,A060,First,2983.94,GBP,2025-09-24,website
B030468,P01051,F0191,A080,Economy,142.78,EUR,2025-09-24,website
B030469,P00939,F0540,A001,Economy,193.18,EUR,2025-09-24,mobile_app
B030470,P01334,F0196,A066,Business,1150.81,EUR,2025-09-24,website
B030471,P00788,F0556,A042,First,2825.43,EUR,2025-09-24,mobile_app
B030472,P01657,F0379,A018,Business,1427.36,USD,2025-09-24,website
B030473,P02127,F0550,A073,Economy,100.34,GBP,2025-09-24,website
B030474,P00464,F0490,A075,Premium Economy,422.28,EUR,2025-09-24,mobile_app
B030475,P00432,F0529,A005,Economy,116.49,USD,2025-09-24,mobile_app
B030476,P02036,F0509,A013,Premium Economy,436.9,GBP,2025-09-24,website
B030477,P01302,F0191,A080,First,2100.03,GBP,2025-09-24,call_center
B030478,P00089,F0260,A051,Economy,133.41,USD,2025-09-24,mobile_app
B030479,P01719,F0086,A076,Economy,110.84,USD,2025-09-24,mobile_app
B030480,P01673,F0553,A032,Economy,192.44,USD,2025-09-24,website
B030481,P00902,F0564,A042,Economy,118.79,USD,2025-09-24,mobile_app
B030482,P01991,F0152,A028,Premium Economy,383.21,GBP,2025-09-24,website
B030483,P01459,F0360,A059,Business,1288.04,EUR,2025-09-24,travel_agency
B030484,P01609,F0558,A041,Economy,72.47,GBP,2025-09-24,travel_agency
B030485,P00032,F0483,A073,First,1944.85,USD,2025-09-24,call_center
B030486,P01199,F0005,A007,Business,1185.8,EUR,2025-09-24,mobile_app
B030487,P01971,F0306,A046,Business,761.35,USD,2025-09-24,mobile_app
B030488,P01046,F0397,A074,Economy,183.5,USD,2025-09-24,travel_agency
B030489,P01162,F0381,A013,Economy,91.11,USD,2025-09-24,mobile_app
B030490,P01221,F0112,A065,Economy,140.61,USD,2025-09-24,mobile_app
B030491,P01760,F0485,A022,Economy,104.48,GBP,2025-09-24,call_center
B030492,P01860,F0493,A012,Business,829.82,EUR,2025-09-24,website
B030493,P01634,F0559,A018,Economy,81.01,EUR,2025-09-24,website
B030494,P00870,F0505,A012,Premium Economy,479.54,USD,2025-09-24,travel_agency
B030495,P00308,F0330,A064,Economy,178.43,USD,2025-09-24,travel_agency
B030496,P01881,F0058,A071,Economy,155.47,GBP,2025-09-24,website
B030497,P00098,F0122,A008,Economy,182.2,USD,2025-09-24,travel_agency
B030498,P00270,F0086,A076,Economy,144.64,EUR,2025-09-24,travel_agency
B030499,P00699,F0508,A018,Business,529.24,EUR,2025-09-24,mobile_app
B030500,P01911,F0316,A073,Premium Economy,466.55,USD,2025-09-24,mobile_app
B030501,P00002,F0155,A017,Economy,80.25,EUR,2025-09-24,website
B030502,P01433,F0078,A032,Economy,85.92,GBP,2025-09-24,travel_agency
B030503,P01659,F0419,A051,Premium Economy,437.17,EUR,2025-09-24,website
B030504,P00340,F0565,A006,Economy,159.78,GBP,2025-09-24,mobile_app
B030505,P02025,F0270,A044,Economy,94.4,EUR,2025-09-24,mobile_app
B030506,P01839,F0067,A060,Economy,130.7,USD,2025-09-24,website
B030507,P00642,F0122,A008,Premium Economy,293.34,EUR,2025-09-24,call_center
B030508,P01111,F0359,A029,Business,923.04,GBP,2025-09-24,website
B030509,P01174,F0447,A022,Economy,115.26,EUR,2025-09-24,travel_agency
B030510,P01695,F0480,A014,Economy,174.5,EUR,2025-09-24,mobile_app
B030511,P02132,F0499,A030,Economy,191.13,EUR,2025-09-24,travel_agency
B030512,P00570,F0476,A036,Premium Economy,357.15,GBP,2025-09-24,website
B030513,P00814,F0509,A013,Business,726.9,USD,2025-09-24,mobile_app
B030514,P00301,F0482,A004,Premium Economy,222.62,GBP,2025-09-24,mobile_app
B030515,P00702,F0441,A053,Economy,80.12,GBP,2025-09-24,website
B030516,P01513,F0112,A065,Premium Economy,195.37,USD,2025-09-24,call_center
B030517,P00019,F0489,A067,Economy,164.48,EUR,2025-09-24,mobile_app
B030518,P00823,F0533,A013,Business,735.03,USD,2025-09-24,website
B030519,P01014,F0359,A029,Premium Economy,290.19,USD,2025-09-24,travel_agency
B030520,P00109,F0514,A052,Economy,128.89,USD,2025-09-24,travel_agency
B030521,P01998,F0078,A032,Economy,150.37,EUR,2025-09-24,mobile_app
B030522,P01505,F0288,A015,Economy,139.8,EUR,2025-09-24,travel_agency
B030523,P00157,F0058,A071,Economy,175.33,USD,2025-09-24,mobile_app
B030524,P01075,F0548,A015,Economy,110.02,EUR,2025-09-24,website
B030525,P01153,F0523,A013,Economy,186.2,EUR,2025-09-24,website
B030526,P00410,F0539,A035,Economy,179.82,EUR,2025-09-24,website
B030527,P01050,F0513,A033,Premium Economy,322.31,EUR,2025-09-24,website
B030528,P01319,F0491,A017,First,1743.67,EUR,2025-09-24,website
B030529,P01975,F0514,A052,Premium Economy,246.16,EUR,2025-09-24,website
B030530,P01488,F0493,A012,Economy,182.26,USD,2025-09-24,travel_agency
B030531,P00519,F0567,A060,Economy,93.09,EUR,2025-09-24,website
B030532,P00760,F0413,A042,Economy,130.88,EUR,2025-09-24,website
B030533,P01696,F0284,A054,Business,1154.23,EUR,2025-09-24,travel_agency
B030534,P01981,F0493,A012,Economy,122.67,EUR,2025-09-24,mobile_app
B030535,P01651,F0517,A050,Economy,152.62,EUR,2025-09-24,mobile_app
B030536,P00744,F0474,A045,Economy,135.28,EUR,2025-09-24,call_center
B030537,P01280,F0277,A028,Economy,176.88,EUR,2025-09-24,travel_agency
B030538,P01861,F0078,A032,Economy,93.59,USD,2025-09-24,mobile_app
B030539,P00413,F0226,A012,Economy,168.97,GBP,2025-09-24,mobile_app
B030540,P01481,F0444,A046,Premium Economy,191.27,GBP,2025-09-24,mobile_app
B030541,P00701,F0129,A064,Economy,72.5,USD,2025-09-24,website
B030542,P00150,F0484,A056,Economy,129.66,USD,2025-09-24,website
B030543,P00334,F0449,A030,Economy,99.29,EUR,2025-09-24,mobile_app
B030544,P00791,F0077,A069,Economy,114.74,GBP,2025-09-24,travel_agency
B030545,P00858,F0508,A018,Business,954.38,USD,2025-09-24,website
B030546,P00003,F0497,A074,Premium Economy,224.39,EUR,2025-09-24,website
B030547,P00011,F0505,A012,Economy,108.53,GBP,2025-09-24,website
B030548,P00410,F0009,A065,Premium Economy,442.18,USD,2025-09-24,travel_agency
B030549,P01473,F0503,A060,Business,566.48,GBP,2025-09-24,website
B030550,P00051,F0556,A042,Economy,110.24,EUR,2025-09-24,mobile_app
B030551,P01802,F0260,A051,Premium Economy,185.2,USD,2025-09-24,mobile_app
B030552,P01544,F0485,A022,Economy,140.21,USD,2025-09-24,mobile_app
B030553,P00766,F0058,A071,Economy,153.23,EUR,2025-09-24,mobile_app
B030554,P01391,F0004,A075,Economy,113.29,USD,2025-09-24,mobile_app
B030555,P01793,F0540,A001,Economy,97.99,EUR,2025-09-24,travel_agency
B030556,P01547,F0041,A032,Business,1151.51,EUR,2025-09-24,mobile_app
B030557,P00481,F0255,A061,Premium Economy,368.42,USD,2025-09-24,mobile_app
B030558,P00120,F0489,A067,Economy,189.59,GBP,2025-09-24,mobile_app
B030559,P01272,F0409,A041,Economy,141.1,EUR,2025-09-24,mobile_app
B030560,P01837,F0152,A028,Business,1107.84,USD,2025-09-24,mobile_app
B030561,P00290,F0069,A070,Economy,108.91,EUR,2025-09-24,travel_agency
B030562,P00157,F0548,A015,Premium Economy,356.29,USD,2025-09-24,mobile_app
B030563,P00194,F0561,A037,Business,1331.97,USD,2025-09-24,mobile_app
B030564,P02085,F0144,A077,Economy,105.61,EUR,2025-09-24,travel_agency
B030565,P01333,F0173,A040,Economy,136.73,GBP,2025-09-24,website
B030566,P01680,F0561,A037,Business,1051.12,EUR,2025-09-24,website
B030567,P00286,F0187,A017,Premium Economy,280.83,EUR,2025-09-24,mobile_app
B030568,P01755,F0379,A018,Economy,175.21,GBP,2025-09-24,mobile_app
B030569,P01592,F0053,A031,Business,977.8,GBP,2025-09-24,website
B030570,P00555,F0559,A018,Economy,164.27,EUR,2025-09-24,website
B030571,P00829,F0541,A010,Economy,79.45,EUR,2025-09-24,mobile_app
B030572,P01361,F0478,A053,Economy,107.08,EUR,2025-09-24,mobile_app
B030573,P01645,F0489,A067,Economy,192.26,EUR,2025-09-24,travel_agency
B030574,P00798,F0482,A004,Premium Economy,456.73,EUR,2025-09-24,website
B030575,P01321,F0512,A026,Premium Economy,249.27,USD,2025-09-24,website
B030576,P01099,F0441,A053,Business,537.91,USD,2025-09-24,mobile_app
B030577,P00298,F0519,A075,Economy,180.85,EUR,2025-09-24,website
B030578,P00220,F0557,A063,Business,1251.58,EUR,2025-09-24,call_center
B030579,P01216,F0058,A071,Economy,95.22,EUR,2025-09-24,mobile_app
B030580,P01671,F0566,A040,Economy,129.85,EUR,2025-09-24,website
B030581,P00650,F0235,A052,Premium Economy,433.89,EUR,2025-09-24,travel_agency
B030582,P01837,F0560,A023,Economy,155.71,GBP,2025-09-24,website
B030583,P02047,F0565,A006,Economy,118.18,EUR,2025-09-24,call_center
B030584,P02019,F0114,A070,First,1568.15,GBP,2025-09-24,website
B030585,P00441,F0133,A038,Business,1427.46,USD,2025-09-24,travel_agency
B030586,P01130,F0539,A035,Premium Economy,270.69,EUR,2025-09-24,travel_agency
B030587,P01578,F0483,A073,Economy,95.17,USD,2025-09-24,mobile_app
B030588,P00064,F0112,A065,Premium Economy,279.01,EUR,2025-09-24,call_center
B030589,P00305,F0553,A032,Economy,153.7,EUR,2025-09-24,website
B030590,P00093,F0387,A010,Business,775.15,EUR,2025-09-24,website
B030591,P00272,F0544,A061,Economy,85.29,USD,2025-09-24,website
B030592,P01874,F0455,A079,Business,915.17,GBP,2025-09-24,mobile_app
B030593,P00080,F0465,A019,Economy,159.91,EUR,2025-09-24,website
B030594,P00044,F0482,A004,Business,1020.51,USD,2025-09-24,website
B030595,P01616,F0465,A019,Economy,186.21,USD,2025-09-24,mobile_app
B030596,P01318,F0556,A042,Economy,113.4,EUR,2025-09-24,website
B030597,P01908,F0513,A033,Economy,111.71,EUR,2025-09-24,website
B030598,P00866,F0409,A041,Economy,158.44,EUR,2025-09-24,call_center
B030599,P00858,F0518,A025,Economy,190.99,USD,2025-09-24,website
B030600,P00233,F0499,A030,Premium Economy,375.37,USD,2025-09-24,mobile_app
B030601,P00342,F0513,A033,Economy,174.13,EUR,2025-09-24,website
B030602,P01059,F0158,A072,Premium Economy,298.2,EUR,2025-09-24,mobile_app
B030603,P01204,F0419,A051,Premium Economy,414.94,EUR,2025-09-24,travel_agency
B030604,P00064,F0366,A066,Economy,162.15,USD,2025-09-24,mobile_app
B030605,P00044,F0514,A052,Business,868.43,USD,2025-09-24,website
B030606,P01684,F0523,A013,Economy,192.79,USD,2025-09-24,website
B030607,P00467,F0173,A040,Economy,172.99,USD,2025-09-24,call_center
B030608,P00660,F0465,A019,Business,559.62,EUR,2025-09-24,travel_agency
B030609,P01888,F0026,A068,Economy,115.66,EUR,2025-09-24,mobile_app
B030610,P01453,F0253,A032,Economy,160.9,EUR,2025-09-24,website
B030611,P01721,F0531,A020,Economy,112.33,EUR,2025-09-24,website
B030612,P01156,F0567,A060,Economy,133.04,USD,2025-09-24,website
B030613,P00592,F0300,A032,Economy,75.85,EUR,2025-09-24,travel_agency
B030614,P00818,F0515,A070,Economy,131.94,EUR,2025-09-24,travel_agency
B030615,P01564,F0514,A052,Economy,89.0,EUR,2025-09-24,website
B030616,P00014,F0387,A010,Economy,103.46,USD,2025-09-24,website
B030617,P00364,F0112,A065,Economy,127.84,USD,2025-09-24,travel_agency
B030618,P00217,F0526,A021,Business,743.79,GBP,2025-09-24,website
B030619,P00389,F0316,A073,Economy,159.92,EUR,2025-09-24,mobile_app
B030620,P00747,F0452,A061,Economy,127.14,USD,2025-09-24,mobile_app
B030621,P00419,F0440,A033,Economy,177.49,EUR,2025-09-24,mobile_app
B030622,P01302,F0525,A079,Premium Economy,414.23,USD,2025-09-24,website
B030623,P01214,F0119,A043,Economy,119.26,EUR,2025-09-24,mobile_app
B030624,P01196,F0330,A064,Economy,157.73,EUR,2025-09-24,website
B030625,P00337,F0480,A014,First,1974.98,EUR,2025-09-24,website
B030626,P01565,F0359,A029,Economy,156.78,EUR,2025-09-24,mobile_app
B030627,P00715,F0350,A069,Premium Economy,272.39,EUR,2025-09-24,call_center
B030628,P01204,F0078,A032,Economy,141.92,EUR,2025-09-24,website
B030629,P00146,F0545,A042,Economy,127.76,EUR,2025-09-24,website
B030630,P00988,F0538,A003,Economy,72.66,EUR,2025-09-24,mobile_app
B030631,P00955,F0311,A023,Economy,128.33,EUR,2025-09-24,mobile_app
B030632,P01603,F0159,A080,Economy,113.36,EUR,2025-09-24,mobile_app
B030633,P01273,F0463,A058,Economy,79.54,USD,2025-09-24,mobile_app
B030634,P01495,F0445,A016,Business,910.19,EUR,2025-09-24,website
B030635,P01498,F0508,A018,Premium Economy,395.57,USD,2025-09-24,travel_agency
B030636,P00763,F0482,A004,Premium Economy,409.87,USD,2025-09-24,mobile_app
B030637,P00280,F0527,A042,Economy,113.54,USD,2025-09-24,travel_agency
B030638,P01105,F0564,A042,Business,889.74,EUR,2025-09-24,mobile_app
B030639,P01763,F0490,A075,Economy,75.31,EUR,2025-09-24,website
B030640,P00547,F0284,A054,First,1322.84,EUR,2025-09-24,travel_agency
B030641,P01461,F0253,A032,Economy,82.34,USD,2025-09-24,travel_agency
B030642,P00845,F0372,A063,Economy,157.32,GBP,2025-09-24,website
B030643,P01986,F0461,A044,First,1467.46,USD,2025-09-24,travel_agency
B030644,P01372,F0489,A067,Economy,118.2,USD,2025-09-24,website
B030645,P00818,F0010,A001,Economy,72.62,USD,2025-09-24,website
B030646,P00424,F0554,A033,Economy,125.64,GBP,2025-09-24,website
B030647,P01121,F0550,A073,Economy,89.46,USD,2025-09-24,website
B030648,P00596,F0519,A075,Business,932.56,USD,2025-09-24,website
B030649,P01838,F0350,A069,Economy,85.43,USD,2025-09-24,website
B030650,P00185,F0346,A044,Business,1129.59,EUR,2025-09-24,website
B030651,P00530,F0078,A032,Economy,131.42,EUR,2025-09-24,website
B030652,P01222,F0318,A010,Economy,180.69,GBP,2025-09-24,call_center
B030653,P01905,F0555,A059,Economy,106.09,EUR,2025-09-24,mobile_app
B030654,P00283,F0511,A035,Business,772.57,EUR,2025-09-24,website
B030655,P01084,F0131,A017,Economy,123.0,USD,2025-09-24,website
B030656,P01739,F0500,A026,Premium Economy,438.43,EUR,2025-09-24,travel_agency
B030657,P00301,F0207,A043,Economy,144.65,USD,2025-09-24,website
B030658,P01437,F0253,A032,Business,1271.82,USD,2025-09-24,travel_agency
B030659,P01675,F0537,A076,First,1753.24,USD,2025-09-24,mobile_app
B030660,P02067,F0119,A043,Economy,108.86,EUR,2025-09-24,mobile_app
B030661,P00977,F0144,A077,Economy,138.39,USD,2025-09-24,mobile_app
B030662,P00152,F0559,A018,Economy,118.32,USD,2025-09-24,mobile_app
B030663,P00984,F0366,A066,Economy,165.21,EUR,2025-09-24,mobile_app
B030664,P01375,F0461,A044,Premium Economy,332.35,GBP,2025-09-24,website
B030665,P00289,F0545,A042,First,2828.99,EUR,2025-09-24,website
B030666,P01634,F0468,A012,Economy,165.12,GBP,2025-09-24,mobile_app
B030667,P00363,F0550,A073,Economy,75.53,EUR,2025-09-24,website
B030668,P00947,F0086,A076,Economy,98.52,EUR,2025-09-24,website
B030669,P01138,F0501,A050,Economy,92.81,EUR,2025-09-24,mobile_app
B030670,P00320,F0290,A006,Economy,142.14,USD,2025-09-24,travel_agency
B030671,P00714,F0170,A041,Economy,126.75,USD,2025-09-24,mobile_app
B030672,P00418,F0520,A024,Economy,156.36,EUR,2025-09-24,website
B030673,P00790,F0058,A071,Economy,183.34,EUR,2025-09-24,mobile_app
B030674,P01156,F0009,A065,Premium Economy,473.03,EUR,2025-09-24,travel_agency
B030675,P01008,F0555,A059,Economy,154.25,USD,2025-09-24,website
B030676,P00346,F0476,A036,Premium Economy,281.24,USD,2025-09-24,website
B030677,P01401,F0463,A058,Economy,103.03,EUR,2025-09-24,call_center
B030678,P00166,F0550,A073,Economy,153.27,EUR,2025-09-24,website
B030679,P01261,F0474,A045,Economy,108.32,USD,2025-09-24,website
B030680,P01659,F0537,A076,Economy,126.82,EUR,2025-09-24,mobile_app
B030681,P02122,F0170,A041,Economy,115.34,USD,2025-09-24,website
B030682,P01399,F0041,A032,Premium Economy,321.75,USD,2025-09-24,mobile_app
B030683,P00241,F0297,A058,Economy,164.79,GBP,2025-09-24,website
B030684,P00022,F0235,A052,Economy,85.13,USD,2025-09-24,mobile_app
B030685,P00117,F0535,A001,Economy,157.89,USD,2025-09-24,travel_agency
B030686,P00100,F0346,A044,Business,1232.04,EUR,2025-09-24,mobile_app
B030687,P00024,F0525,A079,Economy,158.08,USD,2025-09-24,website
B030688,P01507,F0541,A010,Economy,114.03,EUR,2025-09-24,mobile_app
B030689,P01718,F0508,A018,Premium Economy,429.82,EUR,2025-09-24,website
B030690,P01123,F0270,A044,Economy,118.01,EUR,2025-09-24,travel_agency
B030691,P01324,F0521,A014,Economy,170.37,EUR,2025-09-24,website
B030692,P00576,F0566,A040,Business,833.66,GBP,2025-09-24,call_center
B030693,P00988,F0286,A001,Economy,81.76,GBP,2025-09-24,website
B030694,P00550,F0559,A018,Premium Economy,463.77,USD,2025-09-24,website
B030695,P01958,F0334,A032,Economy,128.39,EUR,2025-09-24,mobile_app
B030696,P01992,F0119,A043,Economy,149.68,GBP,2025-09-24,mobile_app
B030697,P01450,F0066,A051,Premium Economy,285.48,USD,2025-09-24,mobile_app
B030698,P01059,F0560,A023,Economy,72.9,GBP,2025-09-24,mobile_app
B030699,P01822,F0026,A068,Economy,155.1,EUR,2025-09-24,website
B030700,P01952,F0360,A059,Premium Economy,460.3,EUR,2025-09-24,mobile_app
B030701,P00442,F0508,A018,Business,1166.22,USD,2025-09-24,mobile_app
B030702,P01335,F0059,A067,Premium Economy,200.19,EUR,2025-09-24,website
B030703,P01179,F0379,A018,Business,636.0,EUR,2025-09-24,mobile_app
B030704,P01427,F0173,A040,Economy,120.78,EUR,2025-09-24,travel_agency
B030705,P01813,F0207,A043,Business,672.2,USD,2025-09-24,mobile_app
B030706,P00973,F0526,A021,Economy,173.49,EUR,2025-09-24,website
B030707,P00586,F0536,A069,Economy,149.44,GBP,2025-09-24,travel_agency
B030708,P01336,F0486,A005,Economy,141.95,GBP,2025-09-24,mobile_app
B030709,P00470,F0122,A008,Economy,98.93,EUR,2025-09-24,mobile_app
B030710,P01877,F0461,A044,Economy,87.17,EUR,2025-09-24,website
B030711,P00678,F0518,A025,Economy,176.73,USD,2025-09-24,website
B030712,P00107,F0176,A064,Business,900.7,USD,2025-09-24,website
B030713,P00974,F0119,A043,Economy,193.61,USD,2025-09-24,mobile_app
B030714,P00637,F0155,A017,Economy,146.1,GBP,2025-09-24,website
B030715,P00130,F0511,A035,Economy,129.71,USD,2025-09-24,website
B030716,P00776,F0401,A060,Premium Economy,325.14,EUR,2025-09-24,website
B030717,P00845,F0170,A041,Economy,171.06,EUR,2025-09-24,mobile_app
B030718,P01984,F0334,A032,Economy,160.87,EUR,2025-09-24,travel_agency
B030719,P01171,F0350,A069,Premium Economy,209.17,EUR,2025-09-24,mobile_app
B030720,P01312,F0397,A074,Economy,77.83,USD,2025-09-24,website
B030721,P01863,F0514,A052,Economy,84.59,USD,2025-09-24,mobile_app
B030722,P00412,F0300,A032,Economy,117.62,EUR,2025-09-24,travel_agency
B030723,P00907,F0370,A059,Economy,148.05,EUR,2025-09-24,website
B030724,P01706,F0560,A023,Business,1359.97,EUR,2025-09-24,website
B030725,P01298,F0501,A050,Premium Economy,456.09,EUR,2025-09-24,travel_agency
B030726,P00418,F0562,A054,Economy,108.27,EUR,2025-09-24,website
B030727,P00118,F0552,A059,Economy,124.06,EUR,2025-09-24,call_center
B030728,P00104,F0567,A060,Premium Economy,357.13,USD,2025-09-24,travel_agency
B030729,P01730,F0523,A013,First,2915.78,EUR,2025-09-24,travel_agency
B030730,P00208,F0118,A020,Economy,107.16,EUR,2025-09-24,mobile_app
B030731,P00810,F0447,A022,Premium Economy,293.36,USD,2025-09-24,travel_agency
B030732,P00060,F0284,A054,Economy,180.03,GBP,2025-09-24,call_center
B030733,P01510,F0004,A075,Economy,86.78,USD,2025-09-24,website
B030734,P01825,F0078,A032,Economy,141.79,USD,2025-09-24,travel_agency
B030735,P00424,F0490,A075,Economy,154.52,EUR,2025-09-24,website
B030736,P00022,F0086,A076,Premium Economy,358.87,USD,2025-09-24,mobile_app
B030737,P01155,F0518,A025,Economy,152.16,USD,2025-09-24,website
B030738,P00485,F0559,A018,Economy,185.98,EUR,2025-09-24,call_center
B030739,P00692,F0053,A031,Economy,97.64,EUR,2025-09-24,travel_agency
B030740,P00537,F0447,A022,Economy,165.95,USD,2025-09-24,mobile_app
B030741,P00267,F0114,A070,Economy,154.74,EUR,2025-09-24,mobile_app
B030742,P01762,F0513,A033,Business,1072.73,EUR,2025-09-24,website
B030743,P00067,F0004,A075,Economy,109.05,USD,2025-09-24,call_center
B030744,P01320,F0288,A015,Premium Economy,277.09,EUR,2025-09-24,website
B030745,P00043,F0359,A029,Economy,96.99,GBP,2025-09-24,website
B030746,P01247,F0449,A030,Economy,95.67,EUR,2025-09-24,website
B030747,P00002,F0318,A010,Economy,194.64,GBP,2025-09-24,travel_agency
B030748,P00470,F0521,A014,Premium Economy,380.47,EUR,2025-09-24,website
B030749,P00584,F0270,A044,Economy,89.52,EUR,2025-09-24,mobile_app
B030750,P00951,F0168,A056,Economy,101.08,EUR,2025-09-24,mobile_app
B030751,P00665,F0535,A001,Economy,111.35,GBP,2025-09-24,mobile_app
B030752,P01368,F0501,A050,Economy,79.06,GBP,2025-09-24,website
B030753,P01072,F0440,A033,Economy,179.0,EUR,2025-09-24,mobile_app
B030754,P02053,F0511,A035,Economy,83.02,USD,2025-09-24,website
B030755,P01510,F0544,A061,Economy,184.66,GBP,2025-09-24,website
B030756,P00480,F0527,A042,Business,980.31,EUR,2025-09-24,website
B030757,P01811,F0366,A066,Business,711.72,EUR,2025-09-24,travel_agency
B030758,P01936,F0562,A054,Premium Economy,396.49,GBP,2025-09-24,website
B030759,P01226,F0168,A056,Economy,185.88,GBP,2025-09-24,website
B030760,P00509,F0388,A008,Economy,182.68,EUR,2025-09-24,mobile_app
B030761,P01515,F0452,A061,Economy,123.78,EUR,2025-09-24,travel_agency
B030762,P00654,F0346,A044,Economy,162.2,GBP,2025-09-24,website
B030763,P00216,F0505,A012,Economy,163.39,EUR,2025-09-24,mobile_app
B030764,P01317,F0525,A079,Premium Economy,293.01,USD,2025-09-24,mobile_app
B030765,P01730,F0566,A040,Economy,144.92,EUR,2025-09-24,mobile_app
B030766,P00261,F0444,A046,Economy,142.56,USD,2025-09-24,travel_agency
B030767,P01523,F0541,A010,Economy,104.89,EUR,2025-09-24,website
B030768,P00268,F0004,A075,Economy,190.62,USD,2025-09-24,website
B030769,P00991,F0196,A066,Economy,196.04,GBP,2025-09-24,website
B030770,P01253,F0476,A036,Premium Economy,374.95,USD,2025-09-24,mobile_app
B030771,P00357,F0505,A012,Business,794.43,GBP,2025-09-24,mobile_app
B030772,P01550,F0510,A039,Business,757.02,USD,2025-09-24,travel_agency
B030773,P01703,F0470,A030,Economy,115.31,USD,2025-09-24,mobile_app
B030774,P00686,F0155,A017,Economy,152.66,EUR,2025-09-24,mobile_app
B030775,P01915,F0559,A018,Economy,185.18,GBP,2025-09-24,call_center
B030776,P01584,F0009,A065,Premium Economy,236.14,USD,2025-09-24,website
B030777,P01761,F0519,A075,Economy,97.61,EUR,2025-09-24,website
B030778,P01249,F0470,A030,Economy,142.43,USD,2025-09-24,mobile_app
B030779,P01935,F0447,A022,Premium Economy,250.56,EUR,2025-09-24,call_center
B030780,P01527,F0284,A054,Economy,143.38,GBP,2025-09-24,travel_agency
B030781,P01478,F0560,A023,Economy,186.66,USD,2025-09-24,website
B030782,P00764,F0559,A018,First,1781.15,USD,2025-09-24,website
B030783,P01739,F0512,A026,Economy,174.38,USD,2025-09-24,website
B030784,P01874,F0346,A044,Economy,186.61,GBP,2025-09-24,mobile_app
B030785,P01411,F0286,A001,Economy,108.55,USD,2025-09-24,website
B030786,P00954,F0497,A074,Economy,97.1,USD,2025-09-24,travel_agency
B030787,P01939,F0537,A076,Economy,145.07,EUR,2025-09-24,mobile_app
B030788,P01703,F0549,A041,Economy,191.33,EUR,2025-09-24,travel_agency
B030789,P01622,F0520,A024,Business,816.16,USD,2025-09-24,travel_agency
B030790,P00290,F0559,A018,Premium Economy,395.58,USD,2025-09-24,website
B030791,P01159,F0503,A060,Economy,142.45,EUR,2025-09-24,travel_agency
B030792,P00074,F0059,A067,Economy,85.06,USD,2025-09-24,website
B030793,P02058,F0069,A070,Economy,191.16,EUR,2025-09-24,website
B030794,P01881,F0519,A075,Economy,181.12,USD,2025-09-24,mobile_app
B030795,P01527,F0370,A059,Business,948.59,EUR,2025-09-24,travel_agency
B030796,P00041,F0558,A041,Economy,141.86,USD,2025-09-24,website
B030797,P01323,F0170,A041,Economy,146.38,EUR,2025-09-24,call_center
B030798,P01849,F0538,A003,Economy,79.97,USD,2025-09-24,mobile_app
B030799,P00607,F0366,A066,Economy,138.9,USD,2025-09-24,mobile_app
B030800,P00570,F0456,A024,Economy,110.53,EUR,2025-09-24,website
B030801,P01386,F0059,A067,Economy,79.34,USD,2025-09-24,mobile_app
B030802,P02139,F0255,A061,Business,1391.0,USD,2025-09-24,mobile_app
B030803,P01687,F0360,A059,Premium Economy,450.24,EUR,2025-09-24,website
B030804,P02089,F0270,A044,Economy,191.5,USD,2025-09-24,mobile_app
B030805,P01467,F0332,A077,Economy,112.09,USD,2025-09-24,call_center
B030806,P00125,F0441,A053,Economy,132.38,USD,2025-09-24,mobile_app
B030807,P00788,F0539,A035,Economy,186.57,USD,2025-09-24,website
B030808,P00263,F0549,A041,Premium Economy,378.21,USD,2025-09-24,mobile_app
B030809,P01730,F0549,A041,Economy,191.57,EUR,2025-09-24,travel_agency
B030810,P00352,F0491,A017,Economy,106.37,USD,2025-09-24,website
B030811,P00800,F0129,A064,First,2263.19,USD,2025-09-24,website
B030812,P00094,F0564,A042,Premium Economy,336.56,USD,2025-09-24,mobile_app
B030813,P01569,F0553,A032,Economy,125.81,USD,2025-09-24,website
B030814,P01427,F0122,A008,Economy,96.4,EUR,2025-09-24,mobile_app
B030815,P01972,F0069,A070,Economy,146.09,EUR,2025-09-24,mobile_app
B030816,P01391,F0527,A042,Economy,102.97,EUR,2025-09-24,mobile_app
B030817,P01316,F0477,A026,Economy,86.96,EUR,2025-09-24,travel_agency
B030818,P00450,F0477,A026,Premium Economy,446.39,EUR,2025-09-24,travel_agency
B030819,P00747,F0405,A049,Economy,87.9,EUR,2025-09-24,mobile_app
B030820,P00197,F0516,A055,Economy,176.85,GBP,2025-09-24,website
B030821,P02129,F0503,A060,Economy,129.8,EUR,2025-09-24,mobile_app
B030822,P01408,F0288,A015,Business,1012.11,USD,2025-09-24,website
B030823,P01891,F0112,A065,Premium Economy,186.07,USD,2025-09-24,website
B030824,P01290,F0484,A056,Economy,179.57,USD,2025-09-24,website
B030825,P01005,F0297,A058,Economy,73.1,GBP,2025-09-24,website
B030826,P01003,F0405,A049,Economy,124.14,EUR,2025-09-24,website
B030827,P00140,F0549,A041,Economy,99.79,EUR,2025-09-24,website
B030828,P01759,F0067,A060,Economy,169.63,EUR,2025-09-24,website
B030829,P00679,F0444,A046,Economy,112.51,USD,2025-09-24,mobile_app
B030830,P00684,F0114,A070,Economy,124.89,EUR,2025-09-24,website
B030831,P00237,F0114,A070,Business,1321.36,EUR,2025-09-24,call_center
B030832,P01663,F0489,A067,Economy,167.99,GBP,2025-09-24,call_center
B030833,P00928,F0541,A010,Business,1257.17,GBP,2025-09-24,mobile_app
B030834,P01286,F0503,A060,Business,972.67,EUR,2025-09-24,travel_agency
B030835,P00286,F0527,A042,Economy,174.48,USD,2025-09-24,mobile_app
B030836,P00438,F0184,A043,Economy,182.85,USD,2025-09-24,mobile_app
B030837,P00743,F0525,A079,Economy,153.83,USD,2025-09-24,mobile_app
B030838,P00263,F0440,A033,Economy,98.93,USD,2025-09-24,mobile_app
B030839,P01331,F0485,A022,Economy,80.71,EUR,2025-09-24,mobile_app
B030840,P00461,F0461,A044,Business,1282.93,EUR,2025-09-24,website
B030841,P01575,F0566,A040,Economy,138.26,EUR,2025-09-24,mobile_app
B030842,P01525,F0470,A030,Economy,194.36,EUR,2025-09-24,travel_agency
B030843,P00755,F0129,A064,Premium Economy,468.26,EUR,2025-09-24,website
B030844,P02039,F0122,A008,Premium Economy,423.36,EUR,2025-09-24,mobile_app
B030845,P00997,F0235,A052,Business,1025.94,USD,2025-09-24,mobile_app
B030846,P00368,F0350,A069,Economy,194.98,EUR,2025-09-24,website
B030847,P01884,F0561,A037,Business,825.47,EUR,2025-09-24,website
B030848,P00237,F0158,A072,Economy,85.81,GBP,2025-09-24,mobile_app
B030849,P01406,F0284,A054,Business,648.1,GBP,2025-09-24,website
B030850,P00830,F0069,A070,Economy,195.88,EUR,2025-09-24,call_center
B030851,P00264,F0413,A042,Premium Economy,183.64,GBP,2025-09-24,mobile_app
B030852,P00425,F0077,A069,Economy,128.92,EUR,2025-09-24,travel_agency
B030853,P01708,F0525,A079,Economy,110.44,GBP,2025-09-24,mobile_app
B030854,P01932,F0388,A008,First,2221.58,EUR,2025-09-24,mobile_app
B030855,P00813,F0560,A023,Economy,194.62,EUR,2025-09-24,call_center
B030856,P00253,F0512,A026,Business,1123.82,EUR,2025-09-24,mobile_app
B030857,P00931,F0549,A041,Economy,86.58,USD,2025-09-24,mobile_app
B030858,P01974,F0497,A074,Economy,93.24,USD,2025-09-24,mobile_app
B030859,P01021,F0561,A037,Economy,186.65,EUR,2025-09-24,website
B030860,P01640,F0370,A059,Economy,72.46,GBP,2025-09-24,travel_agency
B030861,P00682,F0493,A012,Economy,151.13,EUR,2025-09-24,mobile_app
B030862,P01371,F0515,A070,Premium Economy,452.39,EUR,2025-09-24,website
B030863,P00345,F0535,A001,Premium Economy,223.16,EUR,2025-09-24,website
B030864,P01419,F0413,A042,Premium Economy,340.79,USD,2025-09-24,mobile_app
B030865,P01436,F0207,A043,Economy,101.0,USD,2025-09-24,website
B030866,P01566,F0012,A069,Premium Economy,378.6,EUR,2025-09-24,travel_agency
B030867,P01639,F0541,A010,Economy,122.96,EUR,2025-09-24,website
B030868,P00264,F0491,A017,Economy,165.28,GBP,2025-09-24,call_center
B030869,P00285,F0463,A058,Economy,97.22,GBP,2025-09-24,mobile_app
B030870,P00894,F0286,A001,Economy,129.89,USD,2025-09-24,call_center
B030871,P01442,F0004,A075,Economy,132.53,USD,2025-09-24,mobile_app
B030872,P01353,F0300,A032,Economy,106.29,EUR,2025-09-24,mobile_app
B030873,P00170,F0483,A073,Economy,195.8,EUR,2025-09-24,mobile_app
B030874,P01754,F0518,A025,Business,719.05,GBP,2025-09-24,mobile_app
B030875,P01985,F0543,A069,Economy,75.48,EUR,2025-09-24,travel_agency
B030876,P02091,F0521,A014,Business,1361.98,EUR,2025-09-24,travel_agency
B030877,P01318,F0226,A012,Premium Economy,265.66,USD,2025-09-24,travel_agency
B030878,P01423,F0565,A006,Premium Economy,457.51,EUR,2025-09-24,website
B030879,P01802,F0316,A073,Economy,162.23,USD,2025-09-24,mobile_app
B030880,P00130,F0455,A079,Economy,135.54,USD,2025-09-24,travel_agency
B030881,P02018,F0520,A024,Premium Economy,273.07,EUR,2025-09-24,mobile_app
B030882,P00475,F0159,A080,Economy,191.53,USD,2025-09-24,website
B030883,P01454,F0516,A055,Business,793.22,USD,2025-09-24,website
B030884,P00565,F0537,A076,Economy,108.02,EUR,2025-09-24,website
B030885,P01598,F0550,A073,Business,602.06,GBP,2025-09-24,travel_agency
B030886,P01333,F0556,A042,Premium Economy,242.89,EUR,2025-09-24,website
B030887,P00992,F0556,A042,Economy,191.13,USD,2025-09-24,website
B030888,P01464,F0549,A041,Economy,87.17,EUR,2025-09-24,website
B030889,P00430,F0514,A052,Economy,139.37,EUR,2025-09-24,website
B030890,P01481,F0548,A015,Business,717.85,USD,2025-09-24,travel_agency
B030891,P01683,F0536,A069,Business,682.17,GBP,2025-09-24,website
B030892,P01411,F0332,A077,Economy,137.48,EUR,2025-09-24,website
B030893,P01866,F0497,A074,Business,1251.45,EUR,2025-09-24,mobile_app
B030894,P01518,F0118,A020,Economy,98.94,EUR,2025-09-24,mobile_app
B030895,P00481,F0552,A059,Premium Economy,411.69,EUR,2025-09-24,mobile_app
B030896,P01827,F0235,A052,Economy,185.76,EUR,2025-09-24,website
B030897,P01520,F0511,A035,Business,1256.92,USD,2025-09-24,website
B030898,P02039,F0005,A007,Business,553.52,EUR,2025-09-24,website
B030899,P00714,F0381,A013,Economy,182.83,EUR,2025-09-24,travel_agency
B030900,P00927,F0010,A001,Economy,163.22,USD,2025-09-24,website
B030901,P01524,F0531,A020,Business,693.38,EUR,2025-09-24,call_center
B030902,P00464,F0525,A079,Premium Economy,365.6,EUR,2025-09-24,mobile_app
B030903,P01940,F0409,A041,Economy,96.77,EUR,2025-09-24,travel_agency
B030904,P00930,F0463,A058,Economy,185.41,EUR,2025-09-24,website
B030905,P01206,F0041,A032,Economy,130.58,USD,2025-09-24,travel_agency
B030906,P00123,F0477,A026,Premium Economy,399.84,USD,2025-09-24,website
B030907,P01048,F0519,A075,Economy,86.24,GBP,2025-09-24,website
B030908,P00807,F0133,A038,Economy,96.53,EUR,2025-09-24,website
B030909,P00342,F0499,A030,Economy,168.11,USD,2025-09-24,travel_agency
B030910,P00738,F0552,A059,Economy,169.18,GBP,2025-09-24,website
B030911,P01486,F0286,A001,First,2981.39,EUR,2025-09-24,website
B030912,P02029,F0457,A032,First,1668.74,EUR,2025-09-24,mobile_app
B030913,P02124,F0372,A063,Economy,165.72,USD,2025-09-24,travel_agency
B030914,P01235,F0176,A064,Premium Economy,365.1,EUR,2025-09-24,website
B030915,P00470,F0457,A032,Economy,108.43,GBP,2025-09-24,mobile_app
B030916,P02028,F0158,A072,Economy,146.05,USD,2025-09-24,travel_agency
B030917,P02029,F0144,A077,Economy,122.37,EUR,2025-09-24,website
B030918,P01914,F0040,A021,Business,848.03,EUR,2025-09-24,website
B030919,P01818,F0445,A016,Economy,106.31,GBP,2025-09-24,website
B030920,P01306,F0544,A061,Economy,110.8,USD,2025-09-24,mobile_app
B030921,P01180,F0557,A063,Economy,192.21,USD,2025-09-24,website
B030922,P00811,F0397,A074,Premium Economy,393.07,USD,2025-09-24,travel_agency
B030923,P01928,F0493,A012,Business,1239.37,EUR,2025-09-24,travel_agency
B030924,P00841,F0544,A061,Economy,141.08,USD,2025-09-24,travel_agency
B030925,P02036,F0119,A043,Business,1155.62,EUR,2025-09-24,mobile_app
B030926,P00800,F0286,A001,Economy,76.5,EUR,2025-09-24,website
B030927,P00412,F0481,A066,Economy,185.83,USD,2025-09-24,website
B030928,P01232,F0158,A072,Economy,95.09,USD,2025-09-24,website
B030929,P01823,F0131,A017,Economy,133.14,USD,2025-09-24,website
B030930,P01033,F0516,A055,Premium Economy,202.77,GBP,2025-09-24,call_center
B030931,P00715,F0521,A014,Economy,102.4,EUR,2025-09-24,mobile_app
B030932,P01198,F0372,A063,Premium Economy,193.72,EUR,2025-09-24,mobile_app
B030933,P00155,F0555,A059,Premium Economy,415.55,GBP,2025-09-24,travel_agency
B030934,P00835,F0119,A043,Business,1011.67,EUR,2025-09-24,website
B030935,P01877,F0543,A069,Economy,86.76,GBP,2025-09-24,website
B030936,P02125,F0457,A032,Economy,138.44,USD,2025-09-24,call_center
B030937,P01329,F0114,A070,Premium Economy,300.13,USD,2025-09-24,website
B030938,P00048,F0191,A080,Economy,96.45,GBP,2025-09-24,website
B030939,P01303,F0523,A013,Economy,156.63,EUR,2025-09-24,call_center
B030940,P01895,F0237,A045,Premium Economy,274.72,GBP,2025-09-24,travel_agency
B030941,P01723,F0059,A067,Business,577.15,EUR,2025-09-24,website
B030942,P00032,F0170,A041,Business,723.82,EUR,2025-09-24,travel_agency
B030943,P01350,F0474,A045,Economy,72.29,EUR,2025-09-24,mobile_app
B030944,P01698,F0207,A043,Business,1289.99,USD,2025-09-24,website
B030945,P01440,F0519,A075,Economy,101.53,USD,2025-09-24,mobile_app
B030946,P01352,F0518,A025,Premium Economy,391.87,EUR,2025-09-24,mobile_app
B030947,P01185,F0490,A075,First,1559.24,EUR,2025-09-24,mobile_app
B030948,P00521,F0449,A030,Business,1270.67,USD,2025-09-24,travel_agency
B030949,P01657,F0041,A032,Premium Economy,205.14,EUR,2025-09-24,mobile_app
B030950,P02120,F0534,A076,Economy,145.57,USD,2025-09-24,mobile_app
B030951,P00131,F0447,A022,Business,693.55,GBP,2025-09-24,mobile_app
B030952,P01037,F0207,A043,Premium Economy,415.79,USD,2025-09-24,travel_agency
B030953,P01320,F0523,A013,Economy,186.38,USD,2025-09-24,website
B030954,P01027,F0235,A052,Economy,72.98,USD,2025-09-24,website
B030955,P02125,F0237,A045,Economy,142.32,EUR,2025-09-24,mobile_app
B030956,P01831,F0455,A079,Economy,77.89,EUR,2025-09-24,travel_agency
B030957,P00074,F0543,A069,Economy,103.23,GBP,2025-09-24,mobile_app
B030958,P00401,F0519,A075,Economy,150.08,EUR,2025-09-24,website
B030959,P00898,F0528,A054,Economy,192.48,EUR,2025-09-24,mobile_app
B030960,P00414,F0484,A056,Premium Economy,393.36,USD,2025-09-24,website
B030961,P01334,F0311,A023,Economy,107.12,EUR,2025-09-24,website
B030962,P00145,F0207,A043,Economy,128.63,EUR,2025-09-24,website
B030963,P00611,F0519,A075,Premium Economy,439.45,GBP,2025-09-24,mobile_app
B030964,P01193,F0064,A078,Business,555.08,GBP,2025-09-24,mobile_app
B030965,P00112,F0465,A019,Economy,173.46,EUR,2025-09-24,mobile_app
B030966,P00670,F0184,A043,Economy,170.35,USD,2025-09-24,website
B030967,P01726,F0537,A076,Premium Economy,296.31,USD,2025-09-24,mobile_app
B030968,P02117,F0306,A046,Economy,137.59,GBP,2025-09-24,website
B030969,P00512,F0401,A060,Economy,123.54,EUR,2025-09-24,website
B030970,P00780,F0119,A043,Business,657.62,EUR,2025-09-24,mobile_app
B030971,P02002,F0527,A042,First,1434.09,GBP,2025-09-24,mobile_app
B030972,P01036,F0481,A066,Premium Economy,463.39,USD,2025-09-24,mobile_app
B030973,P01442,F0562,A054,Premium Economy,356.36,GBP,2025-09-24,travel_agency
B030974,P00800,F0481,A066,Economy,99.15,GBP,2025-09-24,mobile_app
B030975,P01165,F0144,A077,Premium Economy,374.75,EUR,2025-09-24,travel_agency
B030976,P00734,F0255,A061,First,2636.74,USD,2025-09-24,website
B030977,P01729,F0078,A032,Economy,90.81,EUR,2025-09-24,call_center
B030978,P01747,F0118,A020,Business,543.14,GBP,2025-09-24,mobile_app
B030979,P01872,F0538,A003,Economy,197.81,USD,2025-09-24,travel_agency
B030980,P01675,F0041,A032,First,1564.39,EUR,2025-09-24,website
B030981,P01593,F0486,A005,Business,714.07,USD,2025-09-24,website
B030982,P01660,F0452,A061,Economy,79.05,EUR,2025-09-24,mobile_app
B030983,P00852,F0152,A028,Economy,190.63,EUR,2025-09-24,mobile_app
B030984,P01918,F0388,A008,Economy,97.68,EUR,2025-09-24,call_center
B030985,P00483,F0546,A004,Economy,126.27,EUR,2025-09-24,mobile_app
B030986,P00561,F0477,A026,Economy,104.04,USD,2025-09-24,website
B030987,P01380,F0540,A001,First,2637.37,USD,2025-09-24,mobile_app
B030988,P00430,F0405,A049,Economy,94.51,EUR,2025-09-24,website
B030989,P02115,F0066,A051,Business,1116.54,EUR,2025-09-24,mobile_app
B030990,P00411,F0137,A039,First,2665.6,EUR,2025-09-24,mobile_app
B030991,P00989,F0009,A065,Economy,90.12,USD,2025-09-24,travel_agency
B030992,P00863,F0562,A054,Economy,164.48,USD,2025-09-24,website
B030993,P00253,F0481,A066,Business,562.12,USD,2025-09-24,mobile_app
B030994,P00720,F0350,A069,Economy,109.2,USD,2025-09-24,website
B030995,P00607,F0485,A022,First,2327.88,EUR,2025-09-24,mobile_app
B030996,P00934,F0074,A077,Economy,169.95,EUR,2025-09-24,website
B030997,P00981,F0503,A060,Economy,157.63,EUR,2025-09-24,call_center
B030998,P01394,F0409,A041,Business,1172.89,EUR,2025-09-24,travel_agency
B030999,P00517,F0452,A061,First,1640.06,EUR,2025-09-24,mobile_app
B031000,P01361,F0477,A026,Economy,98.35,EUR,2025-09-24,website
B031001,P01129,F0461,A044,Business,1296.79,USD,2025-09-24,mobile_app
B031002,P01683,F0444,A046,Business,543.82,EUR,2025-09-24,mobile_app
B031003,P01889,F0170,A041,Economy,184.07,EUR,2025-09-24,website
B031004,P01333,F0499,A030,Economy,76.46,USD,2025-09-24,mobile_app
B031005,P01812,F0555,A059,Economy,139.39,EUR,2025-09-24,mobile_app
B031006,P01262,F0563,A061,Economy,93.25,GBP,2025-09-24,travel_agency
B031007,P01094,F0441,A053,First,1534.93,GBP,2025-09-24,website
B031008,P01593,F0405,A049,Economy,78.49,EUR,2025-09-24,travel_agency
B031009,P01210,F0543,A069,Business,664.84,USD,2025-09-24,website
B031010,P00211,F0253,A032,Economy,194.16,GBP,2025-09-24,mobile_app
B031011,P01035,F0074,A077,Economy,108.0,EUR,2025-09-24,website
B031012,P00857,F0552,A059,Economy,173.74,USD,2025-09-24,mobile_app
B031013,P01215,F0565,A006,Premium Economy,329.3,EUR,2025-09-24,mobile_app
B031014,P01192,F0288,A015,Premium Economy,473.85,USD,2025-09-24,website
B031015,P01653,F0515,A070,Premium Economy,287.83,EUR,2025-09-24,mobile_app
B031016,P00924,F0531,A020,Business,1127.74,EUR,2025-09-24,mobile_app
B031017,P01240,F0053,A031,Economy,108.22,EUR,2025-09-24,website
B031018,P01510,F0518,A025,Economy,102.37,EUR,2025-09-24,call_center
B031019,P00311,F0474,A045,Economy,185.74,EUR,2025-09-24,call_center
B031020,P00618,F0537,A076,Premium Economy,413.61,GBP,2025-09-24,travel_agency
B031021,P01538,F0457,A032,Economy,99.34,GBP,2025-09-24,website
B031022,P01215,F0311,A023,Economy,114.74,EUR,2025-09-24,website
B031023,P00598,F0346,A044,Economy,170.47,EUR,2025-09-24,travel_agency
B031024,P00071,F0526,A021,Premium Economy,264.69,USD,2025-09-24,website
B031025,P01550,F0556,A042,Business,656.81,EUR,2025-09-24,website
B031026,P02115,F0152,A028,Economy,188.7,USD,2025-09-24,website
B031027,P00219,F0405,A049,Economy,138.84,GBP,2025-09-24,travel_agency
B031028,P01470,F0513,A033,Premium Economy,199.17,EUR,2025-09-24,mobile_app
B031029,P01479,F0012,A069,Economy,172.22,GBP,2025-09-24,website
B031030,P00869,F0509,A013,Economy,160.91,EUR,2025-09-24,mobile_app
B031031,P01174,F0441,A053,Premium Economy,288.64,USD,2025-09-24,website
B031032,P00438,F0159,A080,Economy,176.14,GBP,2025-09-24,website
B031033,P00197,F0064,A078,Business,916.02,USD,2025-09-24,website
B031034,P00724,F0176,A064,Business,1172.43,GBP,2025-09-24,website
B031035,P00824,F0475,A069,Economy,94.67,EUR,2025-09-24,website
B031036,P00897,F0442,A007,Economy,183.79,USD,2025-09-24,mobile_app
B031037,P01935,F0086,A076,Premium Economy,471.97,USD,2025-09-24,mobile_app
B031038,P01162,F0452,A061,Premium Economy,347.2,EUR,2025-09-24,travel_agency
B031039,P00636,F0480,A014,Economy,76.09,EUR,2025-09-24,mobile_app
B031040,P02065,F0533,A013,Economy,181.93,EUR,2025-09-24,travel_agency
B031041,P00742,F0455,A079,Premium Economy,228.36,USD,2025-09-24,travel_agency
B031042,P00483,F0563,A061,First,1592.89,GBP,2025-09-24,mobile_app
B031043,P00120,F0253,A032,Economy,144.1,USD,2025-09-24,website
B031044,P00960,F0069,A070,Economy,195.38,USD,2025-09-24,mobile_app
B031045,P00667,F0518,A025,Economy,81.91,USD,2025-09-24,website
B031046,P00265,F0112,A065,Economy,117.17,USD,2025-09-24,website
B031047,P01068,F0059,A067,Premium Economy,258.28,USD,2025-09-24,website
B031048,P01047,F0040,A021,Economy,99.38,EUR,2025-09-24,website
B031049,P00545,F0513,A033,Economy,86.69,USD,2025-09-24,website
B031050,P01578,F0445,A016,Economy,114.4,EUR,2025-09-24,website
B031051,P00517,F0053,A031,Economy,142.59,USD,2025-09-24,website
B031052,P01766,F0170,A041,Economy,123.63,EUR,2025-09-24,website
B031053,P01736,F0558,A041,Economy,102.22,USD,2025-09-24,website
B031054,P01378,F0224,A047,Business,1192.66,USD,2025-09-24,travel_agency
B031055,P00120,F0040,A021,Economy,192.85,EUR,2025-09-24,travel_agency
B031056,P01851,F0388,A008,Business,1014.06,GBP,2025-09-24,website
B031057,P00637,F0306,A046,Economy,132.47,USD,2025-09-24,mobile_app
B031058,P00156,F0548,A015,Economy,190.43,EUR,2025-09-24,call_center
B031059,P00307,F0170,A041,Economy,172.09,EUR,2025-09-24,website
B031060,P02078,F0546,A004,Economy,182.25,EUR,2025-09-24,website
B031061,P01893,F0523,A013,Economy,133.59,EUR,2025-09-24,call_center
B031062,P00868,F0350,A069,Economy,175.7,EUR,2025-09-24,mobile_app
B031063,P01147,F0346,A044,Economy,79.1,USD,2025-09-24,mobile_app
B031064,P00118,F0133,A038,Business,659.73,USD,2025-09-24,website
B031065,P01070,F0550,A073,Economy,165.58,EUR,2025-09-24,travel_agency
B031066,P01021,F0560,A023,Premium Economy,258.25,EUR,2025-09-24,call_center
B031067,P01941,F0359,A029,Economy,107.68,USD,2025-09-24,website
B031068,P00092,F0468,A012,Business,924.53,EUR,2025-09-24,travel_agency
B031069,P00101,F0388,A008,Economy,140.52,EUR,2025-09-24,travel_agency
B031070,P00061,F0144,A077,Economy,164.41,EUR,2025-09-24,mobile_app
B031071,P00115,F0316,A073,First,2286.85,EUR,2025-09-24,website
B031072,P00886,F0536,A069,Economy,162.16,EUR,2025-09-24,mobile_app
B031073,P01454,F0255,A061,Economy,181.32,EUR,2025-09-24,website
B031074,P00524,F0509,A013,Premium Economy,275.33,EUR,2025-09-24,mobile_app
B031075,P00959,F0226,A012,Premium Economy,316.28,EUR,2025-09-24,travel_agency
B031076,P01678,F0350,A069,Economy,91.2,GBP,2025-09-24,call_center
B031077,P01021,F0564,A042,Economy,136.44,EUR,2025-09-24,mobile_app
B031078,P00640,F0297,A058,Economy,172.22,EUR,2025-09-24,mobile_app
B031079,P02004,F0370,A059,Economy,127.04,GBP,2025-09-24,website
B031080,P00644,F0332,A077,Business,971.19,USD,2025-09-24,website
B031081,P00435,F0513,A033,Premium Economy,474.83,EUR,2025-09-24,travel_agency
B031082,P00426,F0482,A004,Economy,162.57,GBP,2025-09-24,mobile_app
B031083,P01052,F0187,A017,Economy,99.25,EUR,2025-09-24,mobile_app
B031084,P00712,F0059,A067,Business,1374.26,EUR,2025-09-24,travel_agency
B031085,P00920,F0484,A056,Economy,74.93,EUR,2025-09-24,website
B031086,P01794,F0550,A073,Economy,150.73,USD,2025-09-24,travel_agency
B031087,P01705,F0501,A050,Economy,196.31,USD,2025-09-24,travel_agency
B031088,P00047,F0561,A037,Economy,126.47,EUR,2025-09-24,mobile_app
B031089,P01054,F0557,A063,Economy,170.3,GBP,2025-09-24,travel_agency
B031090,P02083,F0564,A042,Economy,112.31,USD,2025-09-24,website
B031091,P02059,F0551,A060,Economy,176.98,EUR,2025-09-24,call_center
B031092,P01895,F0235,A052,Business,1375.17,USD,2025-09-24,mobile_app
B031093,P01410,F0497,A074,Premium Economy,427.7,USD,2025-09-24,mobile_app
B031094,P01743,F0559,A018,Economy,178.42,EUR,2025-09-24,mobile_app
B031095,P01950,F0509,A013,Business,941.13,EUR,2025-09-24,travel_agency
B031096,P00010,F0500,A026,Economy,120.4,USD,2025-09-24,mobile_app
B031097,P00734,F0540,A001,Economy,73.17,USD,2025-09-24,website
B031098,P00672,F0078,A032,Premium Economy,356.44,EUR,2025-09-24,website
B031099,P00312,F0544,A061,Premium Economy,351.57,GBP,2025-09-24,travel_agency
B031100,P00648,F0086,A076,Economy,154.34,EUR,2025-09-24,website
B031101,P01046,F0155,A017,Economy,93.35,EUR,2025-09-24,mobile_app
B031102,P01774,F0556,A042,Economy,111.98,EUR,2025-09-24,mobile_app
B031103,P00833,F0558,A041,Economy,146.08,EUR,2025-09-24,website
B031104,P01038,F0346,A044,Economy,87.73,EUR,2025-09-24,travel_agency
B031105,P00788,F0486,A005,Economy,89.54,USD,2025-09-24,mobile_app
B031106,P01481,F0447,A022,Premium Economy,258.42,EUR,2025-09-24,website
B031107,P01973,F0260,A051,Economy,177.42,USD,2025-09-24,website
B031108,P01428,F0483,A073,Economy,153.16,EUR,2025-09-24,website
B031109,P01901,F0561,A037,Economy,82.03,EUR,2025-09-24,travel_agency
B031110,P00813,F0300,A032,Business,558.37,GBP,2025-09-24,mobile_app
B031111,P01928,F0053,A031,Economy,74.3,USD,2025-09-24,website
B031112,P00678,F0468,A012,Economy,180.72,EUR,2025-09-24,travel_agency
B031113,P01650,F0158,A072,Economy,188.76,EUR,2025-09-24,website
B031114,P01226,F0538,A003,Economy,114.19,EUR,2025-09-24,travel_agency
B031115,P00570,F0485,A022,Business,1221.7,GBP,2025-09-24,website
B031116,P01877,F0525,A079,Economy,140.25,USD,2025-09-24,website
B031117,P01797,F0372,A063,Premium Economy,188.24,USD,2025-09-24,website
B031118,P00881,F0550,A073,Economy,169.78,USD,2025-09-24,travel_agency
B031119,P00355,F0117,A057,Economy,197.03,USD,2025-09-24,website
B031120,P00704,F0456,A024,Economy,174.39,EUR,2025-09-24,mobile_app
B031121,P02038,F0525,A079,Economy,120.03,EUR,2025-09-24,website
B031122,P00452,F0009,A065,Economy,150.93,GBP,2025-09-24,travel_agency
B031123,P01663,F0516,A055,Economy,191.01,GBP,2025-09-24,website
B031124,P01600,F0461,A044,Business,884.76,USD,2025-09-24,mobile_app
B031125,P01546,F0041,A032,Economy,137.47,EUR,2025-09-24,website
B031126,P00502,F0505,A012,First,1784.42,GBP,2025-09-24,website
B031127,P00203,F0461,A044,Economy,89.43,USD,2025-09-24,website
B031128,P00243,F0463,A058,Economy,156.19,USD,2025-09-24,call_center
B031129,P00154,F0465,A019,Economy,79.9,GBP,2025-09-24,travel_agency
B031130,P02041,F0490,A075,Economy,175.15,EUR,2025-09-24,travel_agency
B031131,P01950,F0119,A043,Business,1065.68,USD,2025-09-24,website
B031132,P01582,F0518,A025,Premium Economy,425.71,EUR,2025-09-24,mobile_app
B031133,P02077,F0501,A050,Economy,186.12,EUR,2025-09-24,website
B031134,P01455,F0484,A056,Economy,160.6,EUR,2025-09-24,mobile_app
B031135,P01927,F0469,A007,First,2714.01,USD,2025-09-24,website
B031136,P00748,F0553,A032,Business,1137.87,EUR,2025-09-24,mobile_app
B031137,P00811,F0517,A050,Economy,165.95,EUR,2025-09-24,website
B031138,P02118,F0514,A052,Premium Economy,386.08,GBP,2025-09-24,mobile_app
B031139,P01648,F0405,A049,Economy,95.34,EUR,2025-09-24,website
B031140,P01544,F0286,A001,Economy,113.05,GBP,2025-09-24,travel_agency
B031141,P01663,F0316,A073,Business,1372.85,EUR,2025-09-24,call_center
B031142,P02065,F0288,A015,Premium Economy,270.38,USD,2025-09-24,website
B031143,P00775,F0270,A044,Premium Economy,338.87,USD,2025-09-24,mobile_app
B031144,P02139,F0401,A060,Business,738.25,USD,2025-09-24,mobile_app
B031145,P00106,F0491,A017,Economy,93.4,USD,2025-09-24,mobile_app
B031146,P01399,F0346,A044,Economy,125.02,EUR,2025-09-24,mobile_app
B031147,P00768,F0533,A013,Economy,90.94,USD,2025-09-24,website
B031148,P00453,F0112,A065,First,2654.99,USD,2025-09-24,mobile_app
B031149,P01832,F0058,A071,Premium Economy,214.08,USD,2025-09-24,travel_agency
B031150,P00344,F0549,A041,Economy,141.64,EUR,2025-09-24,website
B031151,P01900,F0465,A019,Premium Economy,331.26,EUR,2025-09-24,website
B031152,P01062,F0474,A045,Business,1367.97,USD,2025-09-24,mobile_app
B031153,P00684,F0474,A045,Premium Economy,390.24,GBP,2025-09-24,website
B031154,P00122,F0483,A073,Premium Economy,331.28,USD,2025-09-24,mobile_app
B031155,P02064,F0543,A069,Premium Economy,430.59,USD,2025-09-24,website
B031156,P00809,F0523,A013,Premium Economy,283.51,GBP,2025-09-24,website
