booking_id,passenger_id,flight_id,airport_id,seat_class,amount,currency,booking_date,booking_channel
B008609,P00304,F0255,A061,Economy,180.81,USD,2025-09-07,website
B008610,P01509,F0093,A040,Economy,82.72,EUR,2025-09-07,travel_agency
B008611,P00414,F0069,A070,Economy,118.42,EUR,2025-09-07,call_center
B008612,P00151,F0091,A073,First,2999.55,EUR,2025-09-07,website
B008613,P00771,F0239,A050,Business,672.17,EUR,2025-09-07,travel_agency
B008614,P00051,F0112,A065,Economy,85.78,USD,2025-09-07,travel_agency
B008615,P00093,F0294,A054,Business,625.17,EUR,2025-09-07,travel_agency
B008616,P00041,F0178,A008,Economy,139.94,EUR,2025-09-07,mobile_app
B008617,P00241,F0229,A065,Economy,133.41,EUR,2025-09-07,mobile_app
B008618,P00272,F0118,A020,Economy,193.02,EUR,2025-09-07,travel_agency
B008619,P01182,F0428,A012,Economy,134.83,EUR,2025-09-07,travel_agency
B008620,P00063,F0173,A040,Economy,177.8,GBP,2025-09-07,website
B008621,P00220,F0213,A078,Economy,119.85,USD,2025-09-07,mobile_app
B008622,P01140,F0234,A004,Economy,142.52,GBP,2025-09-07,website
B008623,P01755,F0282,A001,Premium Economy,235.34,USD,2025-09-07,website
B008624,P01620,F0239,A050,Economy,138.24,USD,2025-09-07,call_center
B008625,P00738,F0255,A061,Economy,118.16,EUR,2025-09-07,mobile_app
B008626,P00137,F0011,A008,Economy,154.87,USD,2025-09-07,mobile_app
B008627,P01342,F0050,A073,Economy,146.6,USD,2025-09-07,website
B008628,P00691,F0112,A065,Business,1044.79,EUR,2025-09-07,website
B008629,P00558,F0353,A011,Economy,143.73,EUR,2025-09-07,website
B008630,P00526,F0383,A078,Business,848.35,USD,2025-09-07,mobile_app
B008631,P01535,F0156,A046,Economy,189.15,EUR,2025-09-07,website
B008632,P01321,F0119,A043,Economy,132.02,USD,2025-09-07,website
B008633,P01693,F0391,A009,Economy,108.29,EUR,2025-09-07,website
B008634,P00013,F0060,A043,Premium Economy,186.44,EUR,2025-09-07,mobile_app
B008635,P00167,F0293,A023,Economy,77.1,EUR,2025-09-07,website
B008636,P00361,F0266,A069,Economy,115.73,GBP,2025-09-07,mobile_app
B008637,P00293,F0317,A005,Economy,95.03,USD,2025-09-07,call_center
B008638,P00547,F0399,A042,Economy,107.68,EUR,2025-09-07,website
B008639,P00785,F0212,A064,First,2095.84,USD,2025-09-07,website
B008640,P01612,F0126,A076,Premium Economy,374.55,USD,2025-09-07,travel_agency
B008641,P01663,F0290,A006,First,1864.58,USD,2025-09-07,mobile_app
B008642,P00686,F0083,A075,Premium Economy,409.69,GBP,2025-09-07,call_center
B008643,P01252,F0111,A025,Business,1343.9,USD,2025-09-07,mobile_app
B008644,P01752,F0204,A024,Economy,117.91,EUR,2025-09-07,website
B008645,P00629,F0299,A027,Economy,137.65,USD,2025-09-07,mobile_app
B008646,P00903,F0275,A016,Economy,182.29,GBP,2025-09-07,website
B008647,P01886,F0125,A002,Economy,178.17,EUR,2025-09-07,mobile_app
B008648,P00810,F0090,A063,Premium Economy,410.88,EUR,2025-09-07,website
B008649,P01563,F0035,A033,Economy,98.24,USD,2025-09-07,mobile_app
B008650,P01790,F0427,A002,Premium Economy,468.84,GBP,2025-09-07,website
B008651,P00945,F0254,A054,Economy,117.8,USD,2025-09-07,website
B008652,P01190,F0327,A050,Economy,195.21,USD,2025-09-07,travel_agency
B008653,P01380,F0052,A022,Economy,92.85,EUR,2025-09-07,mobile_app
B008654,P00249,F0026,A068,Premium Economy,389.18,EUR,2025-09-07,travel_agency
B008655,P00746,F0126,A076,Economy,168.2,USD,2025-09-07,website
B008656,P01600,F0358,A063,Economy,102.42,EUR,2025-09-07,mobile_app
B008657,P00114,F0253,A032,Premium Economy,400.55,GBP,2025-09-07,travel_agency
B008658,P01322,F0250,A073,Economy,138.37,EUR,2025-09-07,mobile_app
B008659,P00721,F0185,A078,Economy,95.32,EUR,2025-09-07,website
B008660,P00752,F0215,A058,Economy,159.33,USD,2025-09-07,travel_agency
B008661,P01147,F0191,A080,First,1463.8,EUR,2025-09-07,website
B008662,P01603,F0369,A036,Economy,117.3,USD,2025-09-07,travel_agency
B008663,P00283,F0191,A080,Economy,180.12,USD,2025-09-07,website
B008664,P01212,F0261,A057,Economy,193.08,EUR,2025-09-07,website
B008665,P01204,F0062,A008,First,2193.12,EUR,2025-09-07,website
B008666,P01391,F0014,A048,Premium Economy,244.5,EUR,2025-09-07,travel_agency
B008667,P00248,F0280,A012,Economy,94.28,EUR,2025-09-07,mobile_app
B008668,P00438,F0317,A005,Economy,119.25,USD,2025-09-07,call_center
B008669,P00721,F0303,A029,Economy,97.71,USD,2025-09-07,website
B008670,P00915,F0181,A061,Business,1111.66,EUR,2025-09-07,travel_agency
B008671,P01055,F0269,A015,Economy,116.86,EUR,2025-09-07,travel_agency
B008672,P00616,F0266,A069,First,2930.62,USD,2025-09-07,website
B008673,P00140,F0382,A018,Economy,115.51,USD,2025-09-07,mobile_app
B008674,P00060,F0302,A013,Economy,152.67,USD,2025-09-07,travel_agency
B008675,P00212,F0197,A007,First,2922.66,USD,2025-09-07,mobile_app
B008676,P01726,F0397,A074,Economy,87.99,USD,2025-09-07,travel_agency
B008677,P00914,F0117,A057,Economy,123.64,USD,2025-09-07,mobile_app
B008678,P00162,F0015,A003,Economy,84.49,USD,2025-09-07,call_center
B008679,P00200,F0215,A058,Economy,77.46,GBP,2025-09-07,travel_agency
B008680,P01108,F0384,A025,Economy,137.67,USD,2025-09-07,mobile_app
B008681,P00178,F0232,A020,Business,858.73,USD,2025-09-07,website
B008682,P00986,F0301,A060,Economy,127.24,EUR,2025-09-07,mobile_app
B008683,P01450,F0005,A007,Premium Economy,233.32,EUR,2025-09-07,website
B008684,P00833,F0069,A070,Economy,93.25,GBP,2025-09-07,website
B008685,P01265,F0237,A045,Economy,182.42,EUR,2025-09-07,website
B008686,P00943,F0383,A078,Premium Economy,304.58,EUR,2025-09-07,website
B008687,P01706,F0204,A024,Premium Economy,300.88,USD,2025-09-07,website
B008688,P01770,F0042,A026,Economy,109.47,EUR,2025-09-07,mobile_app
B008689,P01321,F0001,A042,Premium Economy,252.16,EUR,2025-09-07,website
B008690,P00260,F0294,A054,Premium Economy,280.75,EUR,2025-09-07,mobile_app
B008691,P00372,F0082,A063,Economy,102.25,EUR,2025-09-07,call_center
B008692,P01111,F0182,A023,Economy,168.13,USD,2025-09-07,website
B008693,P00420,F0151,A038,Business,1424.52,GBP,2025-09-07,website
B008694,P01280,F0049,A038,Premium Economy,377.44,USD,2025-09-07,website
B008695,P01032,F0042,A026,Premium Economy,389.1,USD,2025-09-07,mobile_app
B008696,P01116,F0011,A008,Premium Economy,341.51,USD,2025-09-07,travel_agency
B008697,P00656,F0214,A038,Economy,109.91,EUR,2025-09-07,mobile_app
B008698,P00457,F0065,A044,Economy,194.53,EUR,2025-09-07,website
B008699,P01139,F0273,A075,Economy,145.1,EUR,2025-09-07,travel_agency
B008700,P01690,F0137,A039,Economy,172.96,GBP,2025-09-07,website
B008701,P01706,F0004,A075,Economy,123.88,USD,2025-09-07,mobile_app
B008702,P01353,F0403,A076,Economy,120.46,EUR,2025-09-07,mobile_app
B008703,P01370,F0113,A063,Economy,85.94,EUR,2025-09-07,travel_agency
B008704,P00578,F0136,A004,Premium Economy,346.27,EUR,2025-09-07,mobile_app
B008705,P01633,F0079,A049,Premium Economy,430.77,USD,2025-09-07,travel_agency
B008706,P01017,F0212,A064,Premium Economy,261.32,USD,2025-09-07,website
B008707,P01431,F0078,A032,Economy,132.92,EUR,2025-09-07,website
B008708,P00113,F0059,A067,Economy,125.37,EUR,2025-09-07,mobile_app
B008709,P01166,F0205,A065,Economy,96.19,USD,2025-09-07,travel_agency
B008710,P00720,F0153,A013,Business,1328.84,EUR,2025-09-07,travel_agency
B008711,P00958,F0023,A052,Economy,109.44,EUR,2025-09-07,mobile_app
B008712,P01097,F0004,A075,Business,694.96,EUR,2025-09-07,mobile_app
B008713,P01444,F0180,A060,Economy,133.73,EUR,2025-09-07,mobile_app
B008714,P01817,F0154,A061,Economy,182.3,GBP,2025-09-07,call_center
B008715,P01886,F0107,A035,Premium Economy,478.91,EUR,2025-09-07,mobile_app
B008716,P00259,F0348,A056,Business,1409.65,GBP,2025-09-07,website
B008717,P01675,F0380,A028,First,3006.17,USD,2025-09-07,call_center
B008718,P01795,F0114,A070,Economy,113.89,USD,2025-09-07,travel_agency
B008719,P00374,F0206,A003,Economy,128.36,EUR,2025-09-07,mobile_app
B008720,P00396,F0396,A008,Economy,100.99,EUR,2025-09-07,travel_agency
B008721,P01773,F0128,A038,Business,528.65,USD,2025-09-07,mobile_app
B008722,P01448,F0430,A030,Premium Economy,279.17,EUR,2025-09-07,travel_agency
B008723,P01324,F0428,A012,Business,665.74,USD,2025-09-07,website
B008724,P00309,F0186,A051,Economy,99.06,GBP,2025-09-07,website
B008725,P01345,F0029,A041,Economy,176.27,EUR,2025-09-07,website
B008726,P01530,F0184,A043,Economy,178.27,EUR,2025-09-07,website
B008727,P00644,F0033,A014,Economy,155.58,EUR,2025-09-07,mobile_app
B008728,P01115,F0250,A073,Economy,107.26,USD,2025-09-07,website
B008729,P01453,F0207,A043,Economy,150.47,EUR,2025-09-07,website
B008730,P01379,F0355,A024,Economy,182.26,GBP,2025-09-07,website
B008731,P01792,F0128,A038,Premium Economy,271.35,USD,2025-09-07,mobile_app
B008732,P01178,F0147,A047,Premium Economy,296.08,EUR,2025-09-07,mobile_app
B008733,P01742,F0193,A074,Economy,183.92,USD,2025-09-07,website
B008734,P01303,F0402,A026,Economy,121.63,EUR,2025-09-07,website
B008735,P00615,F0134,A072,Economy,95.28,USD,2025-09-07,website
B008736,P00533,F0050,A073,Economy,164.18,EUR,2025-09-07,website
B008737,P01872,F0371,A035,Premium Economy,177.75,EUR,2025-09-07,call_center
B008738,P00146,F0414,A039,Economy,188.47,GBP,2025-09-07,website
B008739,P00879,F0019,A053,Business,857.83,EUR,2025-09-07,mobile_app
B008740,P00373,F0215,A058,Economy,188.96,EUR,2025-09-07,mobile_app
B008741,P01179,F0403,A076,Premium Economy,450.51,EUR,2025-09-07,travel_agency
B008742,P01008,F0213,A078,Economy,103.28,GBP,2025-09-07,website
B008743,P00620,F0348,A056,Economy,156.01,EUR,2025-09-07,travel_agency
B008744,P01046,F0065,A044,Economy,91.34,USD,2025-09-07,travel_agency
B008745,P00615,F0031,A065,Economy,133.35,EUR,2025-09-07,mobile_app
B008746,P01471,F0277,A028,Economy,175.2,USD,2025-09-07,website
B008747,P01863,F0097,A015,Economy,141.07,EUR,2025-09-07,travel_agency
B008748,P00641,F0181,A061,Economy,120.12,USD,2025-09-07,travel_agency
B008749,P01545,F0358,A063,Premium Economy,239.04,USD,2025-09-07,website
B008750,P00208,F0096,A037,Business,1254.77,USD,2025-09-07,website
B008751,P01500,F0294,A054,Business,828.34,USD,2025-09-07,website
B008752,P00462,F0029,A041,Economy,82.59,USD,2025-09-07,mobile_app
B008753,P01829,F0410,A018,Economy,158.92,GBP,2025-09-07,website
B008754,P00896,F0277,A028,Economy,177.05,GBP,2025-09-07,website
B008755,P01046,F0002,A073,Economy,82.92,EUR,2025-09-07,mobile_app
B008756,P01315,F0151,A038,Business,1019.2,EUR,2025-09-07,travel_agency
B008757,P01327,F0307,A005,Business,594.72,USD,2025-09-07,mobile_app
B008758,P00704,F0035,A033,Premium Economy,246.31,USD,2025-09-07,mobile_app
B008759,P00043,F0161,A052,Business,839.17,EUR,2025-09-07,mobile_app
B008760,P01517,F0359,A029,Premium Economy,356.43,EUR,2025-09-07,travel_agency
B008761,P00654,F0369,A036,Economy,154.74,EUR,2025-09-07,website
B008762,P00801,F0298,A078,Economy,82.07,EUR,2025-09-07,travel_agency
B008763,P00734,F0190,A044,Economy,82.32,EUR,2025-09-07,website
B008764,P01682,F0427,A002,Economy,178.68,USD,2025-09-07,mobile_app
B008765,P00063,F0127,A062,Economy,142.51,EUR,2025-09-07,website
B008766,P00460,F0281,A073,Premium Economy,455.87,USD,2025-09-07,call_center
B008767,P01279,F0021,A024,Economy,181.41,GBP,2025-09-07,website
B008768,P00248,F0021,A024,Business,1328.95,GBP,2025-09-07,mobile_app
B008769,P01297,F0218,A073,Economy,143.76,USD,2025-09-07,call_center
B008770,P00821,F0284,A054,Business,1224.95,EUR,2025-09-07,mobile_app
B008771,P00017,F0031,A065,Economy,141.75,EUR,2025-09-07,travel_agency
B008772,P01542,F0161,A052,Business,637.67,USD,2025-09-07,travel_agency
B008773,P00438,F0277,A028,Economy,112.6,USD,2025-09-07,travel_agency
B008774,P01484,F0236,A062,Economy,154.29,EUR,2025-09-07,travel_agency
B008775,P00575,F0350,A069,Business,1255.6,USD,2025-09-07,mobile_app
B008776,P01058,F0382,A018,Premium Economy,397.16,EUR,2025-09-07,call_center
B008777,P00580,F0318,A010,Premium Economy,199.37,EUR,2025-09-07,website
B008778,P00073,F0170,A041,Economy,116.12,GBP,2025-09-07,website
B008779,P00804,F0307,A005,Economy,90.42,EUR,2025-09-07,website
B008780,P01576,F0238,A060,Economy,98.43,EUR,2025-09-07,website
B008781,P01050,F0318,A010,Premium Economy,322.06,USD,2025-09-07,mobile_app
B008782,P01227,F0268,A059,Economy,135.87,EUR,2025-09-07,website
B008783,P00093,F0184,A043,Economy,165.05,EUR,2025-09-07,website
B008784,P00770,F0254,A054,Economy,144.24,EUR,2025-09-07,website
B008785,P01247,F0315,A056,Business,840.74,USD,2025-09-07,website
B008786,P01091,F0260,A051,Economy,187.67,EUR,2025-09-07,call_center
B008787,P00683,F0272,A032,Economy,101.08,EUR,2025-09-07,mobile_app
B008788,P01212,F0206,A003,Premium Economy,240.44,EUR,2025-09-07,website
B008789,P01125,F0047,A069,Business,1032.46,EUR,2025-09-07,mobile_app
B008790,P01365,F0147,A047,Premium Economy,403.85,GBP,2025-09-07,mobile_app
B008791,P01582,F0271,A042,Business,1425.02,GBP,2025-09-07,travel_agency
B008792,P01052,F0111,A025,Business,701.73,USD,2025-09-07,website
B008793,P00914,F0127,A062,Economy,81.17,EUR,2025-09-07,mobile_app
B008794,P00585,F0336,A038,Economy,192.46,USD,2025-09-07,mobile_app
B008795,P00849,F0024,A055,Economy,114.57,EUR,2025-09-07,website
B008796,P00791,F0237,A045,Economy,166.4,EUR,2025-09-07,website
B008797,P00234,F0341,A066,Premium Economy,240.33,USD,2025-09-07,travel_agency
B008798,P00433,F0082,A063,Business,1303.54,GBP,2025-09-07,call_center
B008799,P00474,F0106,A007,Economy,134.0,USD,2025-09-07,call_center
B008800,P01820,F0339,A011,Premium Economy,185.45,USD,2025-09-07,website
B008801,P00096,F0126,A076,Economy,187.35,EUR,2025-09-07,website
B008802,P01664,F0205,A065,Premium Economy,392.09,USD,2025-09-07,mobile_app
B008803,P01407,F0305,A044,Economy,164.82,USD,2025-09-07,website
B008804,P01662,F0368,A035,Economy,157.69,EUR,2025-09-07,website
B008805,P00430,F0015,A003,Economy,127.94,USD,2025-09-07,website
B008806,P01418,F0294,A054,Business,526.41,USD,2025-09-07,website
B008807,P01189,F0293,A023,Premium Economy,372.66,GBP,2025-09-07,website
B008808,P01059,F0131,A017,Economy,88.95,GBP,2025-09-07,website
B008809,P01233,F0260,A051,Premium Economy,249.78,USD,2025-09-07,travel_agency
B008810,P00490,F0346,A044,Economy,141.15,USD,2025-09-07,mobile_app
B008811,P01108,F0127,A062,Business,699.91,EUR,2025-09-07,website
B008812,P01664,F0283,A008,Premium Economy,475.25,GBP,2025-09-07,website
B008813,P00129,F0182,A023,Premium Economy,263.43,USD,2025-09-07,website
B008814,P01777,F0174,A066,Business,1340.95,EUR,2025-09-07,mobile_app
B008815,P00991,F0196,A066,Economy,86.01,EUR,2025-09-07,website
B008816,P01311,F0375,A040,Economy,185.16,USD,2025-09-07,travel_agency
B008817,P00485,F0356,A037,Economy,80.0,USD,2025-09-07,mobile_app
B008818,P01739,F0356,A037,Premium Economy,281.63,USD,2025-09-07,call_center
B008819,P00303,F0123,A073,Economy,77.28,GBP,2025-09-07,website
B008820,P01581,F0427,A002,Economy,137.25,EUR,2025-09-07,website
B008821,P01446,F0092,A080,Economy,172.48,USD,2025-09-07,travel_agency
B008822,P00976,F0420,A024,Business,793.0,USD,2025-09-07,mobile_app
B008823,P01780,F0020,A044,Economy,167.9,EUR,2025-09-07,website
B008824,P01516,F0332,A077,Economy,190.47,EUR,2025-09-07,website
B008825,P00548,F0300,A032,Economy,147.37,EUR,2025-09-07,travel_agency
B008826,P00540,F0308,A020,Economy,131.92,EUR,2025-09-07,website
B008827,P01329,F0359,A029,Economy,152.66,EUR,2025-09-07,mobile_app
B008828,P00142,F0228,A067,Economy,147.24,EUR,2025-09-07,website
B008829,P01817,F0141,A046,Premium Economy,412.93,USD,2025-09-07,website
B008830,P01800,F0141,A046,First,1297.78,USD,2025-09-07,travel_agency
B008831,P00096,F0184,A043,Economy,112.58,USD,2025-09-07,website
B008832,P01518,F0034,A037,Business,663.48,USD,2025-09-07,website
B008833,P00916,F0041,A032,Business,1241.88,EUR,2025-09-07,website
B008834,P01208,F0420,A024,Business,897.67,USD,2025-09-07,travel_agency
B008835,P01394,F0390,A011,Economy,95.56,GBP,2025-09-07,website
B008836,P01530,F0013,A078,Economy,145.93,EUR,2025-09-07,mobile_app
B008837,P00193,F0387,A010,Economy,158.75,GBP,2025-09-07,website
B008838,P00309,F0017,A063,Economy,115.35,USD,2025-09-07,website
B008839,P00200,F0029,A041,Economy,86.59,EUR,2025-09-07,website
B008840,P00657,F0199,A061,Business,1327.6,GBP,2025-09-07,travel_agency
B008841,P00088,F0316,A073,Economy,111.06,GBP,2025-09-07,call_center
B008842,P01111,F0221,A034,Economy,75.03,USD,2025-09-07,mobile_app
B008843,P01473,F0399,A042,Economy,114.11,GBP,2025-09-07,mobile_app
B008844,P00259,F0010,A001,Business,1254.64,USD,2025-09-07,mobile_app
B008845,P01654,F0014,A048,Business,920.42,USD,2025-09-07,website
B008846,P00331,F0074,A077,Economy,92.84,USD,2025-09-07,travel_agency
B008847,P00474,F0180,A060,Economy,157.52,EUR,2025-09-07,mobile_app
B008848,P00153,F0102,A067,Premium Economy,194.36,EUR,2025-09-07,mobile_app
B008849,P01647,F0017,A063,Economy,99.03,USD,2025-09-07,website
B008850,P00916,F0015,A003,Economy,111.09,EUR,2025-09-07,travel_agency
B008851,P00111,F0226,A012,Economy,184.63,GBP,2025-09-07,travel_agency
B008852,P00996,F0327,A050,Economy,197.4,GBP,2025-09-07,website
B008853,P00462,F0231,A017,Economy,115.05,EUR,2025-09-07,travel_agency
B008854,P00231,F0185,A078,Economy,162.11,USD,2025-09-07,mobile_app
B008855,P01645,F0088,A038,Business,834.83,EUR,2025-09-07,mobile_app
B008856,P00606,F0405,A049,Economy,163.15,EUR,2025-09-07,website
B008857,P00446,F0164,A055,Premium Economy,453.33,EUR,2025-09-07,mobile_app
B008858,P00168,F0207,A043,Economy,135.11,EUR,2025-09-07,mobile_app
B008859,P00007,F0214,A038,Economy,179.68,EUR,2025-09-07,mobile_app
B008860,P01053,F0219,A010,Business,1123.85,USD,2025-09-07,mobile_app
B008861,P00131,F0366,A066,Economy,193.6,USD,2025-09-07,travel_agency
B008862,P00403,F0141,A046,Economy,102.01,EUR,2025-09-07,travel_agency
B008863,P01384,F0378,A012,Business,1002.63,USD,2025-09-07,travel_agency
B008864,P01086,F0206,A003,Economy,114.97,USD,2025-09-07,travel_agency
B008865,P01045,F0081,A025,Economy,74.27,EUR,2025-09-07,mobile_app
B008866,P01337,F0305,A044,Business,1134.53,GBP,2025-09-07,website
B008867,P00436,F0365,A069,Economy,180.16,GBP,2025-09-07,mobile_app
B008868,P01075,F0240,A021,Economy,95.8,EUR,2025-09-07,call_center
B008869,P00234,F0060,A043,Economy,151.31,EUR,2025-09-07,mobile_app
B008870,P01164,F0024,A055,Premium Economy,454.61,GBP,2025-09-07,website
B008871,P01817,F0003,A018,Economy,171.31,USD,2025-09-07,mobile_app
B008872,P01464,F0389,A052,Economy,75.93,USD,2025-09-07,mobile_app
B008873,P01805,F0066,A051,Business,1252.68,EUR,2025-09-07,mobile_app
B008874,P00360,F0348,A056,Economy,84.01,EUR,2025-09-07,mobile_app
B008875,P01567,F0142,A028,Business,942.4,GBP,2025-09-07,website
B008876,P00270,F0305,A044,First,2721.74,GBP,2025-09-07,mobile_app
B008877,P01310,F0061,A020,Premium Economy,224.84,GBP,2025-09-07,travel_agency
B008878,P00069,F0397,A074,Premium Economy,217.5,USD,2025-09-07,mobile_app
B008879,P00173,F0205,A065,Business,1005.07,EUR,2025-09-07,mobile_app
B008880,P00925,F0107,A035,Economy,192.09,EUR,2025-09-07,call_center
B008881,P00763,F0327,A050,Economy,195.59,EUR,2025-09-07,mobile_app
B008882,P01863,F0156,A046,Business,728.31,EUR,2025-09-07,mobile_app
B008883,P01665,F0420,A024,Economy,92.17,EUR,2025-09-07,website
B008884,P00287,F0391,A009,Economy,181.83,USD,2025-09-07,website
B008885,P01782,F0236,A062,Premium Economy,394.52,GBP,2025-09-07,mobile_app
B008886,P00384,F0403,A076,Economy,133.1,USD,2025-09-07,mobile_app
B008887,P01715,F0116,A020,Economy,175.24,EUR,2025-09-07,website
B008888,P01596,F0050,A073,Business,853.82,USD,2025-09-07,website
B008889,P01733,F0151,A038,Premium Economy,396.55,USD,2025-09-07,website
B008890,P01233,F0176,A064,Economy,106.33,EUR,2025-09-07,travel_agency
B008891,P01656,F0346,A044,Business,650.13,EUR,2025-09-07,mobile_app
B008892,P01335,F0177,A041,Economy,134.05,GBP,2025-09-07,website
B008893,P00024,F0157,A065,Economy,89.99,EUR,2025-09-07,call_center
B008894,P01576,F0030,A010,Economy,158.57,EUR,2025-09-07,mobile_app
B008895,P00615,F0043,A043,Economy,73.57,EUR,2025-09-07,call_center
B008896,P00896,F0291,A038,Economy,93.2,GBP,2025-09-07,travel_agency
B008897,P01471,F0152,A028,Economy,164.76,EUR,2025-09-07,call_center
B008898,P00536,F0204,A024,Economy,189.34,USD,2025-09-07,mobile_app
B008899,P00044,F0206,A003,Business,1241.43,EUR,2025-09-07,website
B008900,P01049,F0085,A016,Economy,142.35,GBP,2025-09-07,website
B008901,P01147,F0284,A054,Premium Economy,448.49,USD,2025-09-07,mobile_app
B008902,P01577,F0017,A063,Economy,176.62,EUR,2025-09-07,mobile_app
B008903,P00716,F0187,A017,Economy,115.25,EUR,2025-09-07,website
B008904,P00441,F0319,A050,Premium Economy,410.36,USD,2025-09-07,travel_agency
B008905,P00109,F0336,A038,Economy,98.37,GBP,2025-09-07,website
B008906,P01497,F0130,A018,Premium Economy,215.06,EUR,2025-09-07,mobile_app
B008907,P00289,F0141,A046,Business,953.99,USD,2025-09-07,website
B008908,P01082,F0231,A017,Economy,112.79,EUR,2025-09-07,website
B008909,P01433,F0030,A010,Economy,163.55,EUR,2025-09-07,mobile_app
B008910,P00574,F0311,A023,Economy,162.82,USD,2025-09-07,travel_agency
B008911,P00520,F0428,A012,Premium Economy,248.58,USD,2025-09-07,mobile_app
B008912,P01259,F0294,A054,Economy,169.54,EUR,2025-09-07,mobile_app
B008913,P01301,F0361,A070,Economy,107.29,GBP,2025-09-07,mobile_app
B008914,P01736,F0397,A074,Premium Economy,196.32,EUR,2025-09-07,travel_agency
B008915,P00834,F0180,A060,Premium Economy,222.13,EUR,2025-09-07,website
B008916,P00445,F0253,A032,Economy,116.24,EUR,2025-09-07,travel_agency
B008917,P00347,F0147,A047,Economy,180.67,EUR,2025-09-07,website
B008918,P01247,F0238,A060,Economy,141.22,GBP,2025-09-07,website
B008919,P01857,F0402,A026,Economy,155.68,GBP,2025-09-07,website
B008920,P01113,F0280,A012,Business,642.86,USD,2025-09-07,mobile_app
B008921,P00880,F0111,A025,Economy,124.17,EUR,2025-09-07,mobile_app
B008922,P00219,F0063,A062,Economy,146.77,USD,2025-09-07,travel_agency
B008923,P01830,F0105,A042,Premium Economy,261.66,USD,2025-09-07,website
B008924,P01779,F0254,A054,Economy,145.27,USD,2025-09-07,website
B008925,P00881,F0227,A053,Economy,181.71,GBP,2025-09-07,mobile_app
B008926,P01691,F0135,A048,Economy,169.55,EUR,2025-09-07,call_center
B008927,P00202,F0305,A044,Economy,108.79,EUR,2025-09-07,mobile_app
B008928,P01201,F0403,A076,Business,1418.63,USD,2025-09-07,travel_agency
B008929,P01495,F0154,A061,Economy,183.51,GBP,2025-09-07,website
B008930,P00103,F0087,A023,Economy,94.32,EUR,2025-09-07,website
B008931,P00543,F0306,A046,Economy,158.06,USD,2025-09-07,website
B008932,P00296,F0303,A029,Economy,84.52,EUR,2025-09-07,website
B008933,P01663,F0028,A011,Economy,135.95,EUR,2025-09-07,website
B008934,P01523,F0002,A073,Economy,177.68,USD,2025-09-07,website
B008935,P01366,F0376,A062,Premium Economy,296.47,EUR,2025-09-07,travel_agency
B008936,P01228,F0115,A030,Economy,161.55,GBP,2025-09-07,travel_agency
B008937,P01476,F0094,A028,Premium Economy,276.0,EUR,2025-09-07,travel_agency
B008938,P01857,F0079,A049,Business,1289.16,GBP,2025-09-07,mobile_app
B008939,P00840,F0399,A042,Business,1188.5,EUR,2025-09-07,website
B008940,P00846,F0041,A032,Economy,120.82,EUR,2025-09-07,travel_agency
B008941,P01273,F0071,A028,Premium Economy,316.94,USD,2025-09-07,website
B008942,P01618,F0213,A078,Economy,80.44,EUR,2025-09-07,mobile_app
B008943,P00575,F0104,A064,Economy,115.05,GBP,2025-09-07,call_center
B008944,P00795,F0273,A075,Premium Economy,357.35,GBP,2025-09-07,mobile_app
B008945,P00818,F0269,A015,Economy,90.95,USD,2025-09-07,website
B008946,P00104,F0253,A032,Premium Economy,408.01,EUR,2025-09-07,website
B008947,P00356,F0290,A006,Economy,98.18,EUR,2025-09-07,travel_agency
B008948,P00158,F0343,A014,Economy,131.71,EUR,2025-09-07,website
B008949,P00859,F0387,A010,Economy,99.85,EUR,2025-09-07,website
B008950,P01500,F0282,A001,Economy,85.04,EUR,2025-09-07,website
B008951,P00898,F0353,A011,Economy,99.7,USD,2025-09-07,website
B008952,P01361,F0029,A041,Economy,172.39,USD,2025-09-07,mobile_app
B008953,P01799,F0182,A023,Economy,123.9,EUR,2025-09-07,call_center
B008954,P01831,F0021,A024,Economy,149.7,EUR,2025-09-07,travel_agency
B008955,P00481,F0364,A018,Economy,179.47,EUR,2025-09-07,call_center
B008956,P01708,F0405,A049,Economy,123.86,EUR,2025-09-07,mobile_app
B008957,P01072,F0375,A040,Business,924.85,GBP,2025-09-07,website
B008958,P01762,F0239,A050,Economy,120.29,USD,2025-09-07,travel_agency
B008959,P00877,F0302,A013,Economy,101.06,EUR,2025-09-07,website
B008960,P00490,F0227,A053,Economy,122.78,EUR,2025-09-07,travel_agency
B008961,P00527,F0219,A010,Economy,73.14,USD,2025-09-07,website
B008962,P00475,F0115,A030,Business,1230.55,USD,2025-09-07,website
B008963,P00307,F0286,A001,Economy,172.02,USD,2025-09-07,website
B008964,P00025,F0397,A074,Economy,196.15,EUR,2025-09-07,mobile_app
B008965,P01444,F0358,A063,Premium Economy,399.62,USD,2025-09-07,website
B008966,P00850,F0317,A005,Economy,160.98,EUR,2025-09-07,website
B008967,P00008,F0100,A006,Economy,88.52,GBP,2025-09-07,website
B008968,P00369,F0100,A006,Business,1138.28,EUR,2025-09-07,website
B008969,P00848,F0051,A075,First,1758.47,EUR,2025-09-07,travel_agency
B008970,P00840,F0346,A044,Economy,197.09,USD,2025-09-07,website
B008971,P00613,F0306,A046,Premium Economy,455.33,USD,2025-09-07,mobile_app
B008972,P00361,F0115,A030,Premium Economy,236.9,GBP,2025-09-07,mobile_app
B008973,P01140,F0158,A072,Economy,161.69,EUR,2025-09-07,website
B008974,P00831,F0367,A019,Economy,168.54,USD,2025-09-07,website
B008975,P00609,F0274,A016,First,1448.27,EUR,2025-09-07,website
B008976,P00115,F0342,A051,Business,1137.97,USD,2025-09-07,travel_agency
B008977,P00661,F0016,A008,Premium Economy,268.39,EUR,2025-09-07,travel_agency
B008978,P01693,F0079,A049,Economy,182.19,USD,2025-09-07,travel_agency
B008979,P01884,F0361,A070,Business,1172.33,USD,2025-09-07,travel_agency
B008980,P01679,F0066,A051,Economy,190.06,USD,2025-09-07,website
B008981,P01758,F0026,A068,Economy,162.07,USD,2025-09-07,website
B008982,P01122,F0049,A038,Business,948.62,EUR,2025-09-07,call_center
B008983,P00329,F0028,A011,Economy,73.73,USD,2025-09-07,website
B008984,P00269,F0266,A069,Economy,99.36,EUR,2025-09-07,website
B008985,P00062,F0196,A066,Economy,147.91,EUR,2025-09-07,call_center
B008986,P00824,F0206,A003,Premium Economy,233.27,USD,2025-09-07,website
B008987,P00530,F0014,A048,Economy,197.99,USD,2025-09-07,website
B008988,P01767,F0152,A028,Economy,95.84,USD,2025-09-07,website
B008989,P01379,F0213,A078,Economy,111.46,EUR,2025-09-07,website
B008990,P01104,F0256,A049,Premium Economy,243.85,EUR,2025-09-07,mobile_app
B008991,P01184,F0198,A004,Economy,154.49,EUR,2025-09-07,website
B008992,P00761,F0379,A018,Premium Economy,384.34,EUR,2025-09-07,website
B008993,P01414,F0412,A016,Premium Economy,452.99,EUR,2025-09-07,website
B008994,P00615,F0007,A015,Economy,101.78,EUR,2025-09-07,mobile_app
B008995,P01139,F0223,A045,Business,1085.94,EUR,2025-09-07,mobile_app
B008996,P00044,F0359,A029,Premium Economy,303.68,USD,2025-09-07,mobile_app
B008997,P00265,F0068,A044,Economy,100.1,USD,2025-09-07,website
B008998,P00122,F0155,A017,Economy,134.36,USD,2025-09-07,website
B008999,P01063,F0260,A051,Economy,192.5,EUR,2025-09-07,call_center
B009000,P00913,F0329,A036,Business,988.42,USD,2025-09-07,website
B009001,P01276,F0367,A019,Economy,173.08,USD,2025-09-07,mobile_app
B009002,P01331,F0023,A052,Economy,140.21,EUR,2025-09-07,website
B009003,P01233,F0312,A033,Premium Economy,280.99,USD,2025-09-07,website
B009004,P01139,F0105,A042,First,2004.99,GBP,2025-09-07,website
B009005,P01565,F0287,A049,Premium Economy,328.04,EUR,2025-09-07,mobile_app
B009006,P00187,F0018,A061,Economy,104.28,GBP,2025-09-07,website
B009007,P01543,F0407,A011,Business,1151.11,USD,2025-09-07,mobile_app
B009008,P01258,F0375,A040,Business,793.73,USD,2025-09-07,travel_agency
B009009,P01624,F0079,A049,Business,648.36,EUR,2025-09-07,travel_agency
B009010,P00794,F0428,A012,Economy,117.9,EUR,2025-09-07,mobile_app
B009011,P00533,F0112,A065,Business,1031.25,USD,2025-09-07,mobile_app
B009012,P01794,F0181,A061,Business,604.87,GBP,2025-09-07,website
B009013,P00646,F0170,A041,Economy,180.13,EUR,2025-09-07,website
B009014,P01243,F0195,A014,Economy,103.54,EUR,2025-09-07,website
B009015,P01727,F0283,A008,Business,598.44,EUR,2025-09-07,website
B009016,P00317,F0358,A063,Economy,103.84,EUR,2025-09-07,mobile_app
B009017,P00904,F0248,A059,First,1656.8,EUR,2025-09-07,mobile_app
B009018,P00082,F0119,A043,Premium Economy,412.84,GBP,2025-09-07,mobile_app
B009019,P01832,F0163,A011,Economy,91.66,EUR,2025-09-07,website
B009020,P00961,F0348,A056,Business,1257.11,EUR,2025-09-07,website
B009021,P01428,F0106,A007,Economy,161.45,GBP,2025-09-07,travel_agency
B009022,P01663,F0062,A008,Premium Economy,274.54,EUR,2025-09-07,call_center
B009023,P00271,F0397,A074,Premium Economy,216.5,USD,2025-09-07,website
B009024,P01523,F0088,A038,Economy,100.29,GBP,2025-09-07,website
B009025,P01390,F0414,A039,Economy,77.23,USD,2025-09-07,mobile_app
B009026,P01225,F0011,A008,Economy,109.64,EUR,2025-09-07,website
B009027,P00563,F0284,A054,Economy,114.21,EUR,2025-09-07,website
B009028,P01337,F0069,A070,Economy,158.2,EUR,2025-09-07,mobile_app
B009029,P00979,F0204,A024,Economy,150.68,EUR,2025-09-07,website
B009030,P00318,F0024,A055,Economy,131.58,EUR,2025-09-07,call_center
B009031,P01805,F0180,A060,Economy,174.71,USD,2025-09-07,website
B009032,P01484,F0238,A060,First,1307.35,USD,2025-09-07,website
B009033,P01787,F0253,A032,Economy,115.92,EUR,2025-09-07,travel_agency
B009034,P01383,F0073,A026,Economy,175.72,USD,2025-09-07,website
B009035,P00686,F0247,A052,Business,867.93,EUR,2025-09-07,mobile_app
B009036,P01810,F0429,A068,Economy,167.05,EUR,2025-09-07,website
B009037,P01251,F0077,A069,Economy,139.59,USD,2025-09-07,website
B009038,P00437,F0163,A011,Economy,141.42,USD,2025-09-07,mobile_app
B009039,P00821,F0152,A028,Economy,112.26,USD,2025-09-07,website
B009040,P00983,F0216,A052,Economy,112.77,EUR,2025-09-07,mobile_app
B009041,P01709,F0205,A065,Economy,175.42,GBP,2025-09-07,mobile_app
B009042,P00105,F0026,A068,Economy,110.55,USD,2025-09-07,mobile_app
B009043,P01198,F0316,A073,Economy,144.89,EUR,2025-09-07,mobile_app
B009044,P00625,F0336,A038,Business,1218.36,USD,2025-09-07,website
B009045,P01144,F0085,A016,Premium Economy,408.83,EUR,2025-09-07,mobile_app
B009046,P00709,F0366,A066,Economy,157.63,EUR,2025-09-07,call_center
B009047,P00038,F0325,A058,Economy,95.6,EUR,2025-09-07,travel_agency
B009048,P00106,F0290,A006,Economy,139.18,GBP,2025-09-07,travel_agency
B009049,P00335,F0201,A039,Economy,194.19,EUR,2025-09-07,website
B009050,P00909,F0236,A062,Premium Economy,314.24,EUR,2025-09-07,mobile_app
B009051,P00481,F0356,A037,Economy,140.13,EUR,2025-09-07,travel_agency
B009052,P00214,F0277,A028,Economy,171.21,EUR,2025-09-07,website
B009053,P00734,F0149,A014,Economy,137.53,USD,2025-09-07,travel_agency
B009054,P01370,F0401,A060,Premium Economy,181.35,USD,2025-09-07,website
B009055,P00282,F0300,A032,Economy,84.25,USD,2025-09-07,website
B009056,P00558,F0199,A061,Economy,111.06,GBP,2025-09-07,travel_agency
B009057,P00613,F0010,A001,Economy,167.32,USD,2025-09-07,website
B009058,P01050,F0044,A069,Economy,83.79,EUR,2025-09-07,website
B009059,P01145,F0298,A078,Economy,178.6,EUR,2025-09-07,website
B009060,P00687,F0381,A013,Economy,190.45,USD,2025-09-07,mobile_app
B009061,P00391,F0239,A050,Economy,181.02,EUR,2025-09-07,website
B009062,P01339,F0143,A009,Economy,171.37,EUR,2025-09-07,website
B009063,P00156,F0013,A078,Economy,128.07,EUR,2025-09-07,website
B009064,P00422,F0396,A008,Business,1339.02,USD,2025-09-07,website
B009065,P00748,F0043,A043,Economy,175.85,EUR,2025-09-07,mobile_app
B009066,P01856,F0151,A038,Economy,92.09,GBP,2025-09-07,mobile_app
B009067,P00900,F0261,A057,Economy,115.5,EUR,2025-09-07,travel_agency
B009068,P00414,F0308,A020,Premium Economy,293.9,EUR,2025-09-07,call_center
B009069,P01027,F0020,A044,Economy,165.75,EUR,2025-09-07,travel_agency
B009070,P01149,F0112,A065,Economy,185.23,USD,2025-09-07,website
B009071,P01621,F0323,A020,Economy,76.19,USD,2025-09-07,website
B009072,P00118,F0316,A073,Economy,170.79,USD,2025-09-07,mobile_app
B009073,P00267,F0133,A038,Business,762.55,EUR,2025-09-07,mobile_app
B009074,P01369,F0135,A048,Economy,170.64,EUR,2025-09-07,website
B009075,P01016,F0017,A063,Economy,164.48,EUR,2025-09-07,travel_agency
B009076,P00843,F0389,A052,Economy,177.12,EUR,2025-09-07,mobile_app
B009077,P01332,F0186,A051,First,1997.69,USD,2025-09-07,website
B009078,P00323,F0087,A023,Economy,104.22,GBP,2025-09-07,mobile_app
B009079,P01286,F0096,A037,Economy,82.93,EUR,2025-09-07,website
B009080,P00149,F0003,A018,Business,990.49,USD,2025-09-07,mobile_app
B009081,P00813,F0250,A073,Economy,146.15,GBP,2025-09-07,travel_agency
B009082,P00057,F0152,A028,Business,1360.81,USD,2025-09-07,website
B009083,P00345,F0218,A073,Premium Economy,293.77,GBP,2025-09-07,travel_agency
B009084,P00568,F0359,A029,Economy,193.81,USD,2025-09-07,mobile_app
B009085,P00696,F0044,A069,Economy,142.61,EUR,2025-09-07,website
B009086,P01184,F0238,A060,Economy,127.75,EUR,2025-09-07,website
B009087,P00303,F0181,A061,Economy,105.56,EUR,2025-09-07,mobile_app
B009088,P00319,F0257,A034,Economy,125.22,GBP,2025-09-07,website
B009089,P00056,F0250,A073,Economy,182.71,EUR,2025-09-07,website
B009090,P01786,F0288,A015,Business,872.14,USD,2025-09-07,call_center
B009091,P00448,F0217,A057,Premium Economy,198.11,EUR,2025-09-07,mobile_app
B009092,P00583,F0326,A071,Economy,132.2,EUR,2025-09-07,mobile_app
B009093,P01447,F0130,A018,Economy,132.67,USD,2025-09-07,website
B009094,P00347,F0103,A045,Business,959.24,EUR,2025-09-07,mobile_app
B009095,P01323,F0103,A045,Business,967.33,EUR,2025-09-07,travel_agency
B009096,P01464,F0064,A078,Economy,135.59,EUR,2025-09-07,website
B009097,P01151,F0169,A046,Business,1077.41,USD,2025-09-07,mobile_app
B009098,P01685,F0372,A063,Economy,108.11,GBP,2025-09-07,travel_agency
B009099,P01376,F0046,A015,Economy,179.61,EUR,2025-09-07,mobile_app
B009100,P00712,F0103,A045,Business,885.54,EUR,2025-09-07,website
B009101,P00924,F0021,A024,Economy,176.99,EUR,2025-09-07,website
B009102,P00987,F0319,A050,Business,1394.87,USD,2025-09-07,website
B009103,P00154,F0092,A080,Economy,190.72,EUR,2025-09-07,travel_agency
B009104,P01708,F0379,A018,Economy,167.33,USD,2025-09-07,mobile_app
B009105,P00144,F0258,A039,Business,1366.22,EUR,2025-09-07,website
B009106,P00985,F0216,A052,Premium Economy,184.11,EUR,2025-09-07,website
B009107,P00947,F0182,A023,Economy,72.98,EUR,2025-09-07,mobile_app
B009108,P01769,F0081,A025,Business,1197.86,USD,2025-09-07,website
B009109,P00064,F0074,A077,Economy,122.4,USD,2025-09-07,mobile_app
B009110,P00924,F0044,A069,Economy,140.05,EUR,2025-09-07,website
B009111,P00673,F0081,A025,Business,788.11,EUR,2025-09-07,mobile_app
B009112,P00040,F0042,A026,Economy,111.24,USD,2025-09-07,mobile_app
B009113,P01086,F0256,A049,Economy,116.61,USD,2025-09-07,website
B009114,P00100,F0176,A064,Premium Economy,280.58,EUR,2025-09-07,website
B009115,P01486,F0193,A074,Premium Economy,420.71,EUR,2025-09-07,website
B009116,P00026,F0232,A020,Premium Economy,291.01,USD,2025-09-07,mobile_app
B009117,P00536,F0350,A069,Economy,98.6,USD,2025-09-07,mobile_app
B009118,P01035,F0052,A022,Economy,150.88,EUR,2025-09-07,website
B009119,P00116,F0228,A067,Premium Economy,227.92,EUR,2025-09-07,mobile_app
B009120,P01317,F0237,A045,Economy,175.09,EUR,2025-09-07,mobile_app
B009121,P00374,F0414,A039,Business,997.44,GBP,2025-09-07,website
B009122,P01855,F0312,A033,Economy,116.08,EUR,2025-09-07,mobile_app
B009123,P01649,F0411,A053,Business,1169.5,USD,2025-09-07,call_center
B009124,P01340,F0223,A045,First,2590.03,USD,2025-09-07,call_center
B009125,P00143,F0053,A031,Premium Economy,273.31,USD,2025-09-07,website
B009126,P01266,F0230,A029,Economy,178.9,EUR,2025-09-07,mobile_app
B009127,P00579,F0170,A041,Economy,100.82,EUR,2025-09-07,mobile_app
B009128,P00910,F0266,A069,Business,1018.0,USD,2025-09-07,travel_agency
B009129,P01731,F0240,A021,Economy,80.13,USD,2025-09-07,call_center
B009130,P00159,F0248,A059,Economy,184.64,GBP,2025-09-07,mobile_app
B009131,P00119,F0234,A004,Economy,118.63,USD,2025-09-07,travel_agency
B009132,P01540,F0257,A034,Economy,164.24,EUR,2025-09-07,call_center
B009133,P01232,F0091,A073,Premium Economy,293.31,EUR,2025-09-07,travel_agency
B009134,P00035,F0387,A010,Economy,129.01,GBP,2025-09-07,mobile_app
B009135,P00976,F0087,A023,Economy,164.07,USD,2025-09-07,call_center
B009136,P00231,F0306,A046,Economy,175.8,GBP,2025-09-07,website
B009137,P01677,F0360,A059,Economy,118.99,USD,2025-09-07,website
B009138,P00763,F0295,A029,Economy,154.2,EUR,2025-09-07,mobile_app
B009139,P00402,F0337,A020,Economy,173.18,EUR,2025-09-07,website
B009140,P01367,F0185,A078,Business,1027.28,USD,2025-09-07,travel_agency
B009141,P00623,F0166,A040,Economy,119.11,GBP,2025-09-07,website
B009142,P01620,F0212,A064,Business,1303.59,USD,2025-09-07,mobile_app
B009143,P00703,F0342,A051,Business,1096.27,USD,2025-09-07,mobile_app
B009144,P01274,F0365,A069,First,1376.83,EUR,2025-09-07,travel_agency
B009145,P00044,F0051,A075,Economy,87.76,USD,2025-09-07,website
B009146,P01744,F0093,A040,Premium Economy,472.92,EUR,2025-09-07,travel_agency
B009147,P01547,F0239,A050,Premium Economy,366.8,USD,2025-09-07,mobile_app
B009148,P01028,F0355,A024,Economy,130.44,USD,2025-09-07,website
B009149,P01715,F0253,A032,Economy,134.94,USD,2025-09-07,travel_agency
B009150,P00731,F0421,A053,Business,1403.27,EUR,2025-09-07,mobile_app
B009151,P01133,F0065,A044,First,2893.57,USD,2025-09-07,travel_agency
B009152,P01602,F0210,A033,Economy,133.17,EUR,2025-09-07,website
B009153,P00121,F0170,A041,Premium Economy,303.04,EUR,2025-09-07,website
B009154,P01622,F0061,A020,Business,1237.0,EUR,2025-09-07,mobile_app
B009155,P00940,F0381,A013,First,1438.62,USD,2025-09-07,travel_agency
B009156,P01662,F0311,A023,Premium Economy,477.87,EUR,2025-09-07,travel_agency
B009157,P00427,F0104,A064,Economy,194.87,EUR,2025-09-07,mobile_app
B009158,P00398,F0317,A005,Economy,124.97,USD,2025-09-07,website
B009159,P00093,F0074,A077,Business,911.78,USD,2025-09-07,mobile_app
B009160,P00248,F0091,A073,Economy,196.89,GBP,2025-09-07,mobile_app
B009161,P01418,F0395,A009,Economy,131.05,GBP,2025-09-07,website
B009162,P01069,F0380,A028,Premium Economy,241.11,USD,2025-09-07,mobile_app
B009163,P00601,F0153,A013,Premium Economy,200.2,USD,2025-09-07,website
B009164,P00222,F0016,A008,Economy,116.25,EUR,2025-09-07,mobile_app
B009165,P01859,F0426,A021,Economy,92.9,EUR,2025-09-07,website
B009166,P00768,F0019,A053,Economy,131.15,USD,2025-09-07,travel_agency
B009167,P00689,F0330,A064,Business,1082.89,EUR,2025-09-07,travel_agency
B009168,P00790,F0031,A065,Economy,188.78,EUR,2025-09-07,mobile_app
B009169,P00628,F0296,A068,Economy,152.85,EUR,2025-09-07,website
B009170,P01305,F0034,A037,Economy,190.5,EUR,2025-09-07,website
B009171,P00777,F0084,A046,Economy,197.95,GBP,2025-09-07,mobile_app
B009172,P00980,F0101,A074,Economy,75.46,USD,2025-09-07,website
B009173,P01271,F0323,A020,First,2670.77,GBP,2025-09-07,travel_agency
B009174,P01594,F0419,A051,Economy,133.61,EUR,2025-09-07,website
B009175,P00302,F0269,A015,Economy,101.64,EUR,2025-09-07,mobile_app
B009176,P01764,F0312,A033,Economy,122.05,EUR,2025-09-07,mobile_app
B009177,P01338,F0002,A073,Premium Economy,370.73,EUR,2025-09-07,mobile_app
B009178,P01357,F0218,A073,Economy,84.82,EUR,2025-09-07,travel_agency
B009179,P00315,F0094,A028,Economy,192.88,GBP,2025-09-07,website
B009180,P01359,F0229,A065,Business,545.09,EUR,2025-09-07,travel_agency
B009181,P01126,F0221,A034,Economy,188.75,USD,2025-09-07,mobile_app
B009182,P00399,F0156,A046,Economy,184.51,USD,2025-09-07,website
B009183,P01507,F0159,A080,Economy,156.69,USD,2025-09-07,website
B009184,P01473,F0274,A016,Economy,131.02,USD,2025-09-07,website
B009185,P00585,F0122,A008,Economy,172.57,USD,2025-09-07,mobile_app
B009186,P01693,F0224,A047,Economy,120.57,USD,2025-09-07,mobile_app
B009187,P00350,F0110,A035,Economy,196.47,EUR,2025-09-07,call_center
B009188,P00236,F0381,A013,Economy,187.54,GBP,2025-09-07,mobile_app
B009189,P01521,F0234,A004,Economy,96.48,USD,2025-09-07,website
B009190,P01096,F0309,A079,Premium Economy,317.54,EUR,2025-09-07,mobile_app
B009191,P00681,F0020,A044,Business,1119.49,USD,2025-09-07,mobile_app
B009192,P01348,F0323,A020,Economy,79.79,EUR,2025-09-07,website
B009193,P01319,F0314,A049,Economy,184.71,USD,2025-09-07,mobile_app
B009194,P00499,F0051,A075,Economy,73.24,EUR,2025-09-07,call_center
B009195,P00750,F0053,A031,Business,1053.0,USD,2025-09-07,website
B009196,P01523,F0133,A038,Economy,141.28,GBP,2025-09-07,website
B009197,P00382,F0254,A054,Economy,95.41,EUR,2025-09-07,mobile_app
B009198,P01389,F0205,A065,Premium Economy,252.5,USD,2025-09-07,website
B009199,P01342,F0033,A014,Economy,143.44,USD,2025-09-07,mobile_app
B009200,P00384,F0370,A059,Economy,92.11,EUR,2025-09-07,website
B009201,P01712,F0163,A011,Economy,105.22,USD,2025-09-07,website
B009202,P01131,F0052,A022,Business,1092.89,USD,2025-09-07,website
B009203,P00790,F0363,A016,Economy,160.32,EUR,2025-09-07,mobile_app
B009204,P01490,F0041,A032,Economy,190.19,EUR,2025-09-07,travel_agency
B009205,P00245,F0206,A003,Premium Economy,266.75,EUR,2025-09-07,website
B009206,P00351,F0068,A044,Premium Economy,262.04,EUR,2025-09-07,website
B009207,P00360,F0210,A033,Economy,78.99,USD,2025-09-07,mobile_app
B009208,P01844,F0068,A044,Premium Economy,465.44,EUR,2025-09-07,mobile_app
B009209,P00460,F0066,A051,Economy,193.13,USD,2025-09-07,website
B009210,P00545,F0115,A030,Economy,91.53,EUR,2025-09-07,travel_agency
B009211,P01486,F0218,A073,Economy,100.13,EUR,2025-09-07,travel_agency
B009212,P00936,F0358,A063,Economy,75.24,USD,2025-09-07,travel_agency
B009213,P01477,F0297,A058,Business,1043.49,USD,2025-09-07,mobile_app
B009214,P01482,F0266,A069,Premium Economy,365.52,USD,2025-09-07,travel_agency
B009215,P01776,F0044,A069,Business,1276.87,USD,2025-09-07,website
B009216,P00468,F0052,A022,Economy,132.5,EUR,2025-09-07,website
B009217,P00191,F0044,A069,Economy,120.67,USD,2025-09-07,website
B009218,P00298,F0306,A046,Economy,164.06,EUR,2025-09-07,travel_agency
B009219,P00034,F0257,A034,Economy,139.35,EUR,2025-09-07,website
B009220,P01564,F0110,A035,Economy,193.49,USD,2025-09-07,website
B009221,P01671,F0131,A017,Economy,144.72,USD,2025-09-07,travel_agency
B009222,P01558,F0153,A013,Business,819.87,USD,2025-09-07,call_center
B009223,P01761,F0422,A018,Economy,137.03,EUR,2025-09-07,website
B009224,P01161,F0135,A048,Economy,130.29,USD,2025-09-07,mobile_app
B009225,P00901,F0104,A064,Economy,81.18,GBP,2025-09-07,call_center
B009226,P01704,F0024,A055,Economy,101.28,EUR,2025-09-07,website
B009227,P00015,F0014,A048,Premium Economy,180.33,GBP,2025-09-07,travel_agency
B009228,P00578,F0284,A054,Economy,91.82,EUR,2025-09-07,mobile_app
B009229,P00904,F0020,A044,Economy,138.76,EUR,2025-09-07,website
B009230,P00136,F0361,A070,Economy,95.72,USD,2025-09-07,travel_agency
B009231,P01721,F0042,A026,Economy,162.1,USD,2025-09-07,website
B009232,P00688,F0333,A023,Premium Economy,425.06,EUR,2025-09-07,mobile_app
B009233,P00351,F0152,A028,Economy,156.56,EUR,2025-09-07,website
B009234,P01096,F0102,A067,Economy,154.22,GBP,2025-09-07,travel_agency
B009235,P01032,F0040,A021,Economy,148.4,USD,2025-09-07,website
B009236,P01783,F0059,A067,First,2145.62,EUR,2025-09-07,mobile_app
B009237,P01189,F0143,A009,Economy,177.22,USD,2025-09-07,travel_agency
B009238,P01337,F0365,A069,Economy,175.82,USD,2025-09-07,mobile_app
B009239,P01645,F0277,A028,Premium Economy,428.54,EUR,2025-09-07,travel_agency
B009240,P01004,F0307,A005,Economy,167.58,USD,2025-09-07,mobile_app
B009241,P00756,F0269,A015,Economy,95.92,EUR,2025-09-07,mobile_app
B009242,P01881,F0067,A060,Economy,155.62,EUR,2025-09-07,website
B009243,P01022,F0068,A044,First,2235.53,USD,2025-09-07,website
B009244,P01530,F0172,A014,Economy,196.27,EUR,2025-09-07,mobile_app
B009245,P01742,F0054,A079,Premium Economy,448.24,USD,2025-09-07,mobile_app
B009246,P01218,F0046,A015,Economy,86.47,USD,2025-09-07,mobile_app
B009247,P00571,F0389,A052,Economy,114.99,USD,2025-09-07,website
B009248,P00490,F0354,A019,Business,1202.18,EUR,2025-09-07,call_center
B009249,P01220,F0041,A032,Business,532.44,EUR,2025-09-07,website
B009250,P01732,F0318,A010,Business,1429.14,EUR,2025-09-07,website
B009251,P01684,F0161,A052,Business,1353.78,EUR,2025-09-07,mobile_app
B009252,P01859,F0039,A032,Economy,194.31,USD,2025-09-07,travel_agency
B009253,P01365,F0301,A060,Business,1047.83,USD,2025-09-07,mobile_app
B009254,P01296,F0113,A063,Economy,143.08,EUR,2025-09-07,mobile_app
B009255,P01190,F0122,A008,Economy,188.9,USD,2025-09-07,call_center
B009256,P00465,F0068,A044,Economy,80.72,USD,2025-09-07,website
B009257,P00551,F0366,A066,Economy,96.74,EUR,2025-09-07,website
B009258,P00731,F0349,A001,Economy,87.54,USD,2025-09-07,mobile_app
B009259,P00974,F0114,A070,Premium Economy,426.19,EUR,2025-09-07,travel_agency
B009260,P01109,F0033,A014,Economy,197.64,GBP,2025-09-07,mobile_app
B009261,P00292,F0338,A069,Premium Economy,319.34,EUR,2025-09-07,website
B009262,P00854,F0383,A078,Economy,107.51,EUR,2025-09-07,mobile_app
B009263,P00334,F0367,A019,Business,994.07,EUR,2025-09-07,website
B009264,P01181,F0159,A080,Economy,122.58,USD,2025-09-07,mobile_app
B009265,P00806,F0186,A051,Economy,137.24,USD,2025-09-07,mobile_app
B009266,P00332,F0087,A023,Economy,136.92,EUR,2025-09-07,website
B009267,P00063,F0384,A025,Business,586.83,USD,2025-09-07,travel_agency
B009268,P01289,F0302,A013,Economy,95.91,USD,2025-09-07,website
B009269,P00075,F0011,A008,Business,1152.23,USD,2025-09-07,call_center
B009270,P01829,F0387,A010,Economy,183.66,EUR,2025-09-07,website
B009271,P00837,F0265,A026,Premium Economy,401.97,EUR,2025-09-07,travel_agency
B009272,P01767,F0043,A043,Economy,179.4,GBP,2025-09-07,travel_agency
B009273,P00123,F0266,A069,Premium Economy,388.6,USD,2025-09-07,call_center
B009274,P00741,F0019,A053,Premium Economy,405.49,EUR,2025-09-07,travel_agency
B009275,P00968,F0028,A011,Economy,186.45,EUR,2025-09-07,website
B009276,P01040,F0071,A028,Economy,110.05,EUR,2025-09-07,website
B009277,P00339,F0236,A062,Economy,195.87,EUR,2025-09-07,website
B009278,P00473,F0130,A018,Premium Economy,306.09,USD,2025-09-07,travel_agency
B009279,P01752,F0003,A018,Business,687.23,EUR,2025-09-07,travel_agency
B009280,P01132,F0056,A023,Economy,154.86,GBP,2025-09-07,website
B009281,P01051,F0344,A044,Economy,144.31,EUR,2025-09-07,travel_agency
B009282,P00319,F0198,A004,Economy,129.13,USD,2025-09-07,website
B009283,P00545,F0397,A074,Economy,129.93,GBP,2025-09-07,mobile_app
B009284,P00683,F0414,A039,Economy,119.5,EUR,2025-09-07,travel_agency
B009285,P01883,F0021,A024,Economy,144.66,GBP,2025-09-07,call_center
B009286,P01035,F0250,A073,Business,826.44,EUR,2025-09-07,website
B009287,P01717,F0399,A042,Economy,176.39,EUR,2025-09-07,website
B009288,P01676,F0198,A004,Economy,97.93,GBP,2025-09-07,mobile_app
B009289,P00021,F0149,A014,Economy,77.27,USD,2025-09-07,website
B009290,P00831,F0060,A043,Economy,174.34,EUR,2025-09-07,website
B009291,P00508,F0405,A049,Economy,165.85,USD,2025-09-07,call_center
B009292,P01610,F0074,A077,Economy,151.27,EUR,2025-09-07,website
B009293,P00280,F0002,A073,Economy,146.05,EUR,2025-09-07,mobile_app
B009294,P00970,F0309,A079,Economy,164.46,EUR,2025-09-07,website
B009295,P00857,F0213,A078,Economy,154.07,EUR,2025-09-07,mobile_app
B009296,P01370,F0389,A052,Economy,101.7,USD,2025-09-07,website
B009297,P00168,F0283,A008,Premium Economy,254.61,EUR,2025-09-07,website
B009298,P00540,F0197,A007,Economy,125.93,EUR,2025-09-07,website
B009299,P00617,F0332,A077,Business,936.96,GBP,2025-09-07,website
B009300,P00630,F0034,A037,Economy,170.57,GBP,2025-09-07,mobile_app
B009301,P01868,F0354,A019,Business,603.02,EUR,2025-09-07,website
B009302,P00203,F0131,A017,Economy,118.47,EUR,2025-09-07,mobile_app
B009303,P01877,F0226,A012,Economy,109.46,EUR,2025-09-07,call_center
B009304,P00688,F0370,A059,Premium Economy,309.9,USD,2025-09-07,website
B009305,P00559,F0224,A047,Economy,147.29,EUR,2025-09-07,website
B009306,P00903,F0348,A056,Premium Economy,287.05,EUR,2025-09-07,travel_agency
B009307,P00599,F0042,A026,Economy,74.18,GBP,2025-09-07,travel_agency
B009308,P01211,F0200,A028,Economy,75.31,EUR,2025-09-07,mobile_app
B009309,P00883,F0217,A057,Economy,92.79,USD,2025-09-07,website
B009310,P01483,F0014,A048,Economy,85.76,EUR,2025-09-07,website
B009311,P00525,F0364,A018,Economy,93.93,EUR,2025-09-07,travel_agency
B009312,P00175,F0181,A061,First,2439.5,USD,2025-09-07,website
B009313,P00929,F0283,A008,Premium Economy,240.99,EUR,2025-09-07,mobile_app
B009314,P00082,F0275,A016,Economy,162.41,EUR,2025-09-07,website
B009315,P00801,F0060,A043,Economy,164.67,USD,2025-09-07,mobile_app
B009316,P01851,F0355,A024,Economy,178.64,EUR,2025-09-07,mobile_app
B009317,P00335,F0428,A012,Economy,112.44,EUR,2025-09-07,website
B009318,P01466,F0196,A066,Economy,149.92,EUR,2025-09-07,website
B009319,P00510,F0063,A062,First,1945.17,EUR,2025-09-07,website
B009320,P00589,F0304,A020,Economy,101.65,GBP,2025-09-07,mobile_app
B009321,P01453,F0344,A044,Premium Economy,186.03,GBP,2025-09-07,mobile_app
B009322,P00317,F0181,A061,Economy,117.71,USD,2025-09-07,mobile_app
B009323,P00783,F0349,A001,Business,1046.88,EUR,2025-09-07,mobile_app
B009324,P00101,F0300,A032,Economy,84.72,GBP,2025-09-07,call_center
B009325,P01734,F0326,A071,Economy,125.93,USD,2025-09-07,mobile_app
B009326,P00014,F0204,A024,Economy,151.06,GBP,2025-09-07,mobile_app
B009327,P01192,F0105,A042,First,1882.38,EUR,2025-09-07,website
B009328,P01442,F0153,A013,Economy,135.3,EUR,2025-09-07,mobile_app
B009329,P01851,F0240,A021,Economy,111.42,EUR,2025-09-07,travel_agency
B009330,P00063,F0139,A076,Economy,94.96,EUR,2025-09-07,website
B009331,P00256,F0303,A029,Premium Economy,456.83,EUR,2025-09-07,travel_agency
B009332,P01246,F0207,A043,Economy,97.35,USD,2025-09-07,website
B009333,P00318,F0131,A017,Economy,182.42,EUR,2025-09-07,website
B009334,P01021,F0181,A061,Premium Economy,188.69,USD,2025-09-07,call_center
B009335,P00055,F0389,A052,Economy,121.72,EUR,2025-09-07,website
B009336,P01227,F0356,A037,Economy,125.3,GBP,2025-09-07,travel_agency
B009337,P00256,F0116,A020,Economy,124.32,GBP,2025-09-07,website
B009338,P00391,F0198,A004,Economy,179.07,USD,2025-09-07,website
B009339,P00395,F0206,A003,Economy,124.45,EUR,2025-09-07,website
B009340,P01240,F0050,A073,Economy,196.6,EUR,2025-09-07,mobile_app
B009341,P00097,F0430,A030,Economy,141.97,EUR,2025-09-07,call_center
B009342,P00958,F0024,A055,Economy,131.38,GBP,2025-09-07,call_center
B009343,P00070,F0338,A069,Economy,191.34,USD,2025-09-07,travel_agency
B009344,P01639,F0345,A058,Economy,137.08,GBP,2025-09-07,mobile_app
B009345,P01846,F0341,A066,Premium Economy,458.45,USD,2025-09-07,website
B009346,P01000,F0235,A052,Business,1121.33,EUR,2025-09-07,website
B009347,P00889,F0115,A030,Business,811.6,USD,2025-09-07,website
B009348,P00370,F0329,A036,Economy,133.79,USD,2025-09-07,mobile_app
B009349,P01858,F0026,A068,Economy,105.95,EUR,2025-09-07,website
B009350,P00773,F0366,A066,Economy,193.35,USD,2025-09-07,mobile_app
B009351,P01012,F0296,A068,Premium Economy,445.72,EUR,2025-09-07,website
B009352,P00366,F0125,A002,Business,1411.45,USD,2025-09-07,website
B009353,P01321,F0206,A003,Premium Economy,464.36,USD,2025-09-07,mobile_app
B009354,P00074,F0089,A057,Business,706.07,USD,2025-09-07,website
B009355,P01432,F0007,A015,Economy,148.65,EUR,2025-09-07,mobile_app
B009356,P00228,F0248,A059,Economy,133.89,USD,2025-09-07,website
B009357,P00103,F0221,A034,Economy,115.55,USD,2025-09-07,website
B009358,P00773,F0290,A006,Business,1371.42,EUR,2025-09-07,website
B009359,P00628,F0258,A039,Economy,100.55,EUR,2025-09-07,travel_agency
B009360,P01246,F0002,A073,Premium Economy,412.34,EUR,2025-09-07,website
B009361,P01774,F0024,A055,Economy,94.51,GBP,2025-09-07,travel_agency
B009362,P00660,F0380,A028,Economy,154.7,EUR,2025-09-07,travel_agency
B009363,P00830,F0325,A058,Economy,105.5,EUR,2025-09-07,mobile_app
B009364,P00957,F0125,A002,Economy,167.02,GBP,2025-09-07,website
B009365,P00735,F0135,A048,Economy,123.67,EUR,2025-09-07,travel_agency
B009366,P00529,F0306,A046,Economy,96.13,EUR,2025-09-07,mobile_app
B009367,P00052,F0046,A015,Economy,167.76,USD,2025-09-07,website
B009368,P00364,F0015,A003,Economy,74.8,USD,2025-09-07,travel_agency
B009369,P01578,F0280,A012,Economy,75.54,GBP,2025-09-07,call_center
B009370,P01149,F0079,A049,Economy,118.68,USD,2025-09-07,mobile_app
B009371,P00200,F0180,A060,Economy,88.3,USD,2025-09-07,mobile_app
B009372,P01461,F0102,A067,Economy,94.1,USD,2025-09-07,website
B009373,P01410,F0389,A052,Economy,150.37,EUR,2025-09-07,mobile_app
B009374,P00925,F0174,A066,First,2211.77,USD,2025-09-07,call_center
B009375,P00939,F0053,A031,Economy,85.95,EUR,2025-09-07,website
B009376,P01325,F0178,A008,Premium Economy,437.53,USD,2025-09-07,travel_agency
B009377,P01253,F0367,A019,Economy,91.25,GBP,2025-09-07,mobile_app
B009378,P01174,F0074,A077,Economy,110.88,EUR,2025-09-07,mobile_app
B009379,P00910,F0210,A033,Economy,102.15,USD,2025-09-07,website
B009380,P01024,F0028,A011,Economy,132.05,EUR,2025-09-07,travel_agency
B009381,P01679,F0093,A040,Premium Economy,228.34,USD,2025-09-07,website
B009382,P00600,F0090,A063,Economy,149.49,USD,2025-09-07,website
B009383,P01649,F0186,A051,Business,874.79,EUR,2025-09-07,mobile_app
B009384,P00529,F0234,A004,Economy,143.73,GBP,2025-09-07,mobile_app
B009385,P00030,F0149,A014,Economy,80.86,USD,2025-09-07,website
B009386,P01726,F0096,A037,Premium Economy,368.51,EUR,2025-09-07,travel_agency
B009387,P01064,F0360,A059,Economy,139.1,EUR,2025-09-07,website
B009388,P00788,F0346,A044,Economy,76.17,USD,2025-09-07,call_center
B009389,P00762,F0135,A048,Economy,84.74,EUR,2025-09-07,mobile_app
B009390,P01431,F0096,A037,Economy,105.33,USD,2025-09-07,website
B009391,P00165,F0280,A012,Economy,131.18,USD,2025-09-07,website
B009392,P01295,F0053,A031,First,1540.6,EUR,2025-09-07,mobile_app
B009393,P01003,F0298,A078,Economy,84.46,EUR,2025-09-07,website
B009394,P00899,F0130,A018,Economy,191.7,USD,2025-09-07,mobile_app
B009395,P00252,F0228,A067,Business,1428.92,EUR,2025-09-07,call_center
B009396,P00139,F0397,A074,Economy,123.22,USD,2025-09-07,website
B009397,P00757,F0312,A033,Economy,128.54,EUR,2025-09-07,travel_agency
B009398,P00802,F0347,A072,Economy,189.39,GBP,2025-09-07,travel_agency
B009399,P00192,F0205,A065,Economy,171.63,EUR,2025-09-07,mobile_app
B009400,P01530,F0151,A038,Economy,99.3,EUR,2025-09-07,website
B009401,P00947,F0056,A023,Economy,186.81,EUR,2025-09-07,call_center
B009402,P01585,F0421,A053,Economy,159.06,EUR,2025-09-07,website
B009403,P01403,F0060,A043,Economy,173.54,EUR,2025-09-07,website
B009404,P00203,F0176,A064,Business,1017.99,EUR,2025-09-07,website
B009405,P00667,F0007,A015,Economy,163.52,USD,2025-09-07,travel_agency
B009406,P01196,F0009,A065,Premium Economy,260.15,EUR,2025-09-07,travel_agency
B009407,P00816,F0290,A006,Premium Economy,389.51,USD,2025-09-07,mobile_app
B009408,P01167,F0388,A008,Economy,140.28,USD,2025-09-07,website
B009409,P00465,F0354,A019,Premium Economy,207.02,USD,2025-09-07,mobile_app
B009410,P01884,F0412,A016,Business,992.58,EUR,2025-09-07,website
B009411,P01352,F0156,A046,Premium Economy,213.08,USD,2025-09-07,website
B009412,P00102,F0197,A007,Economy,157.11,USD,2025-09-07,website
B009413,P01076,F0304,A020,Premium Economy,340.77,EUR,2025-09-07,website
B009414,P01097,F0104,A064,Economy,197.19,USD,2025-09-07,website
B009415,P01210,F0317,A005,Economy,109.66,EUR,2025-09-07,travel_agency
B009416,P00592,F0206,A003,Business,1369.56,EUR,2025-09-07,website
B009417,P01564,F0012,A069,Economy,145.73,EUR,2025-09-07,website
B009418,P00166,F0342,A051,Economy,119.95,USD,2025-09-07,travel_agency
B009419,P00558,F0330,A064,Economy,136.43,EUR,2025-09-07,travel_agency
B009420,P01216,F0069,A070,Premium Economy,451.78,GBP,2025-09-07,mobile_app
B009421,P01382,F0284,A054,Premium Economy,469.25,USD,2025-09-07,website
B009422,P01558,F0082,A063,Economy,194.67,USD,2025-09-07,website
B009423,P01104,F0107,A035,Premium Economy,236.48,USD,2025-09-07,mobile_app
B009424,P00902,F0361,A070,Economy,83.98,EUR,2025-09-07,travel_agency
B009425,P00725,F0390,A011,Economy,130.46,EUR,2025-09-07,website
B009426,P01238,F0177,A041,Economy,90.38,USD,2025-09-07,travel_agency
B009427,P01020,F0039,A032,Economy,167.79,USD,2025-09-07,mobile_app
B009428,P00092,F0422,A018,Business,704.73,EUR,2025-09-07,website
B009429,P01645,F0290,A006,Economy,78.47,EUR,2025-09-07,website
B009430,P00867,F0107,A035,Premium Economy,220.42,USD,2025-09-07,website
B009431,P01119,F0213,A078,Premium Economy,417.43,USD,2025-09-07,website
B009432,P01712,F0262,A035,Economy,72.7,USD,2025-09-07,travel_agency
B009433,P01818,F0117,A057,Economy,88.31,USD,2025-09-07,travel_agency
B009434,P00905,F0024,A055,Economy,118.44,EUR,2025-09-07,mobile_app
B009435,P01139,F0010,A001,Economy,134.72,GBP,2025-09-07,website
B009436,P00924,F0198,A004,Premium Economy,414.79,EUR,2025-09-07,travel_agency
B009437,P01529,F0039,A032,Business,1159.98,EUR,2025-09-07,mobile_app
B009438,P01111,F0346,A044,Premium Economy,256.19,EUR,2025-09-07,website
B009439,P01142,F0031,A065,Economy,158.83,EUR,2025-09-07,mobile_app
B009440,P01226,F0080,A034,Economy,168.37,GBP,2025-09-07,call_center
B009441,P01740,F0265,A026,Business,1394.63,EUR,2025-09-07,mobile_app
B009442,P01503,F0017,A063,Economy,186.7,EUR,2025-09-07,website
B009443,P01097,F0327,A050,Business,1166.48,GBP,2025-09-07,mobile_app
B009444,P01588,F0347,A072,Business,964.27,USD,2025-09-07,call_center
B009445,P01721,F0272,A032,Economy,80.71,USD,2025-09-07,travel_agency
B009446,P00549,F0182,A023,Premium Economy,263.36,EUR,2025-09-07,travel_agency
B009447,P00446,F0074,A077,Economy,174.22,EUR,2025-09-07,travel_agency
B009448,P01704,F0250,A073,Economy,105.27,EUR,2025-09-07,mobile_app
B009449,P01322,F0208,A062,Premium Economy,401.94,EUR,2025-09-07,website
B009450,P00222,F0362,A014,Economy,159.17,USD,2025-09-07,website
B009451,P01547,F0337,A020,Economy,107.1,EUR,2025-09-07,mobile_app
B009452,P01559,F0184,A043,Premium Economy,345.62,EUR,2025-09-07,website
B009453,P00631,F0203,A019,Premium Economy,282.34,USD,2025-09-07,travel_agency
B009454,P01261,F0078,A032,Business,845.9,GBP,2025-09-07,mobile_app
B009455,P01092,F0247,A052,Economy,84.2,GBP,2025-09-07,website
B009456,P01574,F0341,A066,Premium Economy,268.05,USD,2025-09-07,website
B009457,P00352,F0090,A063,Economy,171.65,EUR,2025-09-07,call_center
B009458,P00018,F0096,A037,Premium Economy,269.25,EUR,2025-09-07,mobile_app
B009459,P00794,F0300,A032,Economy,117.59,USD,2025-09-07,mobile_app
B009460,P00836,F0181,A061,Business,916.28,EUR,2025-09-07,website
B009461,P00145,F0210,A033,Economy,126.55,EUR,2025-09-07,website
B009462,P01697,F0395,A009,Economy,196.92,USD,2025-09-07,website
B009463,P00815,F0253,A032,Economy,94.5,EUR,2025-09-07,mobile_app
B009464,P01858,F0248,A059,Economy,162.77,EUR,2025-09-07,website
B009465,P00917,F0229,A065,Economy,94.76,EUR,2025-09-07,website
B009466,P00640,F0114,A070,Economy,80.54,EUR,2025-09-07,mobile_app
B009467,P00374,F0169,A046,Economy,145.72,USD,2025-09-07,call_center
B009468,P01590,F0003,A018,Premium Economy,310.15,USD,2025-09-07,website
B009469,P01612,F0086,A076,Business,878.37,EUR,2025-09-07,travel_agency
B009470,P01577,F0101,A074,Premium Economy,483.74,EUR,2025-09-07,travel_agency
B009471,P00141,F0303,A029,Premium Economy,337.64,USD,2025-09-07,mobile_app
B009472,P00634,F0269,A015,Business,763.17,EUR,2025-09-07,website
B009473,P01455,F0170,A041,Business,842.0,EUR,2025-09-07,mobile_app
B009474,P00933,F0414,A039,Economy,97.2,USD,2025-09-07,travel_agency
B009475,P00189,F0046,A015,Economy,84.51,EUR,2025-09-07,mobile_app
B009476,P00896,F0048,A016,Business,1123.84,USD,2025-09-07,mobile_app
B009477,P00119,F0364,A018,Economy,96.15,USD,2025-09-07,travel_agency
B009478,P00236,F0177,A041,Economy,179.17,EUR,2025-09-07,website
B009479,P00854,F0181,A061,Economy,156.1,EUR,2025-09-07,mobile_app
B009480,P00263,F0079,A049,Economy,111.64,EUR,2025-09-07,travel_agency
B009481,P01766,F0059,A067,Economy,108.64,USD,2025-09-07,website
B009482,P01402,F0308,A020,Business,1039.96,USD,2025-09-07,website
B009483,P00577,F0159,A080,Economy,171.12,GBP,2025-09-07,mobile_app
B009484,P00838,F0221,A034,Economy,187.48,EUR,2025-09-07,mobile_app
B009485,P00186,F0308,A020,Economy,89.57,GBP,2025-09-07,website
B009486,P00968,F0142,A028,Economy,116.94,USD,2025-09-07,mobile_app
B009487,P00914,F0381,A013,Economy,111.75,EUR,2025-09-07,website
B009488,P00866,F0169,A046,Economy,134.5,EUR,2025-09-07,website
B009489,P01420,F0153,A013,First,1301.84,EUR,2025-09-07,mobile_app
B009490,P01522,F0239,A050,Business,1416.86,USD,2025-09-07,website
B009491,P00619,F0009,A065,Economy,170.12,EUR,2025-09-07,website
B009492,P00410,F0153,A013,Premium Economy,392.14,GBP,2025-09-07,website
B009493,P00274,F0173,A040,Premium Economy,212.96,EUR,2025-09-07,website
B009494,P00394,F0172,A014,Economy,111.74,USD,2025-09-07,travel_agency
B009495,P00207,F0205,A065,Business,1215.59,GBP,2025-09-07,website
B009496,P00601,F0223,A045,Economy,122.44,EUR,2025-09-07,mobile_app
B009497,P00466,F0052,A022,Economy,132.64,EUR,2025-09-07,mobile_app
B009498,P00076,F0355,A024,Premium Economy,274.81,GBP,2025-09-07,website
B009499,P01068,F0153,A013,Economy,78.23,EUR,2025-09-07,call_center
B009500,P01304,F0363,A016,Economy,189.59,EUR,2025-09-07,website
B009501,P01853,F0227,A053,Economy,126.16,EUR,2025-09-07,website
B009502,P00360,F0372,A063,Business,1401.48,EUR,2025-09-07,travel_agency
B009503,P00683,F0413,A042,Premium Economy,356.4,EUR,2025-09-07,website
B009504,P01507,F0061,A020,Economy,159.96,EUR,2025-09-07,website
B009505,P01214,F0353,A011,Economy,178.48,USD,2025-09-07,mobile_app
B009506,P00145,F0101,A074,Business,1072.9,EUR,2025-09-07,website
B009507,P01598,F0207,A043,Economy,99.31,USD,2025-09-07,website
B009508,P00920,F0053,A031,Economy,168.66,EUR,2025-09-07,mobile_app
B009509,P01378,F0419,A051,Economy,116.75,USD,2025-09-07,website
B009510,P01649,F0173,A040,Economy,159.62,USD,2025-09-07,mobile_app
B009511,P01297,F0090,A063,Premium Economy,304.87,EUR,2025-09-07,travel_agency
B009512,P00131,F0337,A020,Economy,84.54,GBP,2025-09-07,website
B009513,P00366,F0253,A032,Economy,119.8,EUR,2025-09-07,website
B009514,P00769,F0010,A001,Economy,98.33,USD,2025-09-07,travel_agency
B009515,P00420,F0214,A038,Economy,117.68,USD,2025-09-07,mobile_app
B009516,P00409,F0287,A049,Economy,155.69,EUR,2025-09-07,website
B009517,P01795,F0047,A069,First,2803.77,EUR,2025-09-07,website
B009518,P01384,F0414,A039,Economy,120.92,USD,2025-09-07,website
B009519,P01606,F0118,A020,Business,863.2,EUR,2025-09-07,website
B009520,P01718,F0364,A018,Economy,104.49,USD,2025-09-07,website
B009521,P00233,F0177,A041,Economy,159.64,EUR,2025-09-07,mobile_app
B009522,P01099,F0342,A051,Economy,107.45,GBP,2025-09-07,website
B009523,P01838,F0380,A028,Economy,79.77,EUR,2025-09-07,mobile_app
B009524,P00388,F0118,A020,Business,856.22,EUR,2025-09-07,mobile_app
B009525,P00565,F0265,A026,Business,577.34,EUR,2025-09-07,website
B009526,P01831,F0018,A061,Premium Economy,380.26,EUR,2025-09-07,mobile_app
B009527,P00536,F0206,A003,Business,984.7,EUR,2025-09-07,website
B009528,P00408,F0229,A065,Economy,184.37,USD,2025-09-07,travel_agency
B009529,P01891,F0301,A060,Economy,114.6,EUR,2025-09-07,website
B009530,P01730,F0366,A066,Economy,88.04,EUR,2025-09-07,mobile_app
B009531,P01585,F0326,A071,Economy,103.29,EUR,2025-09-07,website
B009532,P00439,F0060,A043,Business,1208.31,USD,2025-09-07,mobile_app
B009533,P00420,F0318,A010,Economy,140.65,EUR,2025-09-07,website
B009534,P00164,F0014,A048,Economy,94.88,EUR,2025-09-07,travel_agency
B009535,P01592,F0218,A073,Economy,165.55,GBP,2025-09-07,website
B009536,P01818,F0155,A017,Economy,196.19,USD,2025-09-07,mobile_app
B009537,P01047,F0087,A023,Business,1327.07,EUR,2025-09-07,website
B009538,P01236,F0257,A034,Economy,167.71,EUR,2025-09-07,website
B009539,P00908,F0102,A067,Economy,107.48,EUR,2025-09-07,travel_agency
B009540,P00163,F0234,A004,Economy,97.91,EUR,2025-09-07,mobile_app
B009541,P01163,F0092,A080,Economy,172.04,EUR,2025-09-07,mobile_app
B009542,P00667,F0077,A069,Economy,169.6,EUR,2025-09-07,mobile_app
B009543,P00509,F0126,A076,Premium Economy,357.89,EUR,2025-09-07,travel_agency
B009544,P00804,F0382,A018,Economy,160.19,GBP,2025-09-07,website
B009545,P00226,F0086,A076,Economy,147.55,USD,2025-09-07,mobile_app
B009546,P00921,F0309,A079,Premium Economy,261.81,USD,2025-09-07,travel_agency
B009547,P01410,F0258,A039,Premium Economy,424.15,GBP,2025-09-07,mobile_app
B009548,P01068,F0403,A076,Economy,123.84,GBP,2025-09-07,website
B009549,P01180,F0359,A029,Economy,176.11,GBP,2025-09-07,travel_agency
B009550,P00363,F0068,A044,Premium Economy,362.68,EUR,2025-09-07,website
B009551,P01786,F0172,A014,Economy,88.37,EUR,2025-09-07,mobile_app
B009552,P01255,F0212,A064,Economy,87.33,USD,2025-09-07,website
B009553,P00637,F0133,A038,Economy,157.58,EUR,2025-09-07,mobile_app
B009554,P00582,F0071,A028,Economy,180.72,EUR,2025-09-07,travel_agency
B009555,P01384,F0153,A013,Economy,72.24,EUR,2025-09-07,website
B009556,P00774,F0429,A068,Economy,85.89,USD,2025-09-07,website
B009557,P01313,F0337,A020,Economy,137.03,USD,2025-09-07,travel_agency
B009558,P00242,F0100,A006,Business,1101.6,USD,2025-09-07,website
B009559,P00189,F0219,A010,Economy,195.02,GBP,2025-09-07,travel_agency
B009560,P00239,F0372,A063,Economy,92.31,USD,2025-09-07,mobile_app
B009561,P01496,F0296,A068,Business,1350.81,GBP,2025-09-07,travel_agency
B009562,P01493,F0228,A067,Business,1180.68,EUR,2025-09-07,website
B009563,P01547,F0309,A079,Economy,131.13,EUR,2025-09-07,website
B009564,P01847,F0094,A028,Economy,168.22,USD,2025-09-07,website
B009565,P01000,F0014,A048,Economy,95.34,USD,2025-09-07,website
B009566,P00755,F0128,A038,First,2128.19,USD,2025-09-07,call_center
B009567,P01817,F0379,A018,Economy,196.3,USD,2025-09-07,website
B009568,P01800,F0382,A018,Premium Economy,386.09,EUR,2025-09-07,website
B009569,P00543,F0158,A072,Economy,75.94,EUR,2025-09-07,mobile_app
B009570,P01524,F0101,A074,Economy,117.77,EUR,2025-09-07,travel_agency
B009571,P01601,F0414,A039,Economy,137.2,EUR,2025-09-07,call_center
B009572,P01186,F0091,A073,Business,661.83,EUR,2025-09-07,travel_agency
B009573,P01155,F0106,A007,Economy,171.95,EUR,2025-09-07,mobile_app
B009574,P01681,F0196,A066,Business,779.24,EUR,2025-09-07,website
B009575,P00985,F0178,A008,Premium Economy,399.33,EUR,2025-09-07,website
B009576,P01186,F0355,A024,Economy,135.5,USD,2025-09-07,mobile_app
B009577,P00510,F0249,A079,Economy,154.15,USD,2025-09-07,mobile_app
B009578,P01251,F0283,A008,Economy,125.99,EUR,2025-09-07,website
B009579,P01804,F0002,A073,Economy,82.77,GBP,2025-09-07,mobile_app
B009580,P00933,F0217,A057,Business,1243.36,EUR,2025-09-07,mobile_app
B009581,P00246,F0228,A067,Economy,121.52,EUR,2025-09-07,website
B009582,P01258,F0213,A078,Premium Economy,436.99,EUR,2025-09-07,travel_agency
B009583,P00580,F0229,A065,Economy,174.89,EUR,2025-09-07,mobile_app
B009584,P00500,F0124,A031,Economy,192.43,USD,2025-09-07,mobile_app
B009585,P01239,F0033,A014,Economy,136.43,USD,2025-09-07,mobile_app
B009586,P00530,F0204,A024,Business,1346.16,EUR,2025-09-07,website
B009587,P01086,F0042,A026,Economy,123.23,USD,2025-09-07,website
B009588,P00917,F0312,A033,Economy,121.17,EUR,2025-09-07,website
B009589,P00120,F0164,A055,Business,529.51,GBP,2025-09-07,website
B009590,P01587,F0228,A067,Business,1026.87,USD,2025-09-07,mobile_app
B009591,P00933,F0137,A039,Economy,82.89,USD,2025-09-07,mobile_app
B009592,P00695,F0348,A056,Economy,73.9,GBP,2025-09-07,website
B009593,P00549,F0296,A068,Economy,191.52,GBP,2025-09-07,website
B009594,P00149,F0294,A054,Premium Economy,373.16,USD,2025-09-07,website
B009595,P00219,F0174,A066,First,1310.05,USD,2025-09-07,website
B009596,P01758,F0205,A065,Economy,104.79,EUR,2025-09-07,website
B009597,P01348,F0271,A042,Economy,163.63,EUR,2025-09-07,website
B009598,P00063,F0040,A021,Economy,184.62,GBP,2025-09-07,travel_agency
B009599,P00229,F0365,A069,Economy,81.4,EUR,2025-09-07,mobile_app
B009600,P01614,F0391,A009,Premium Economy,214.0,USD,2025-09-07,website
B009601,P01579,F0121,A013,Economy,169.04,USD,2025-09-07,mobile_app
B009602,P01590,F0260,A051,Economy,189.61,USD,2025-09-07,travel_agency
B009603,P01528,F0127,A062,Economy,120.31,USD,2025-09-07,website
B009604,P00788,F0346,A044,Business,1213.99,EUR,2025-09-07,travel_agency
B009605,P00595,F0036,A017,Premium Economy,184.62,EUR,2025-09-07,mobile_app
B009606,P00566,F0104,A064,Economy,74.77,USD,2025-09-07,website
B009607,P00085,F0178,A008,Premium Economy,315.94,EUR,2025-09-07,website
B009608,P01775,F0317,A005,First,2599.23,EUR,2025-09-07,website
B009609,P00301,F0282,A001,Economy,180.89,EUR,2025-09-07,website
B009610,P00319,F0415,A013,Economy,108.58,USD,2025-09-07,website
B009611,P01756,F0156,A046,Economy,141.58,GBP,2025-09-07,website
B009612,P01745,F0339,A011,Economy,175.56,EUR,2025-09-07,mobile_app
B009613,P00359,F0200,A028,Business,949.27,USD,2025-09-07,travel_agency
B009614,P00841,F0403,A076,Business,1236.95,USD,2025-09-07,website
B009615,P01207,F0253,A032,First,1646.02,USD,2025-09-07,mobile_app
B009616,P01200,F0166,A040,Economy,179.36,GBP,2025-09-07,mobile_app
B009617,P01164,F0303,A029,Economy,126.05,USD,2025-09-07,website
B009618,P01487,F0389,A052,Economy,103.86,EUR,2025-09-07,travel_agency
B009619,P01201,F0402,A026,Premium Economy,254.54,EUR,2025-09-07,mobile_app
B009620,P01857,F0342,A051,Economy,180.05,USD,2025-09-07,website
B009621,P01462,F0405,A049,Premium Economy,424.14,USD,2025-09-07,website
B009622,P00928,F0297,A058,Premium Economy,211.27,GBP,2025-09-07,website
B009623,P01881,F0235,A052,Premium Economy,387.73,USD,2025-09-07,mobile_app
B009624,P00027,F0087,A023,Economy,177.78,GBP,2025-09-07,mobile_app
B009625,P01218,F0274,A016,Economy,197.96,EUR,2025-09-07,website
B009626,P01062,F0337,A020,Premium Economy,205.97,USD,2025-09-07,website
B009627,P00228,F0326,A071,Economy,77.54,EUR,2025-09-07,mobile_app
B009628,P01386,F0399,A042,Economy,171.21,EUR,2025-09-07,travel_agency
B009629,P01683,F0134,A072,Premium Economy,383.51,EUR,2025-09-07,mobile_app
B009630,P01852,F0054,A079,First,2481.05,USD,2025-09-07,travel_agency
B009631,P00179,F0047,A069,Business,526.89,EUR,2025-09-07,mobile_app
B009632,P00825,F0426,A021,Premium Economy,284.91,USD,2025-09-07,mobile_app
B009633,P00701,F0078,A032,Economy,116.94,EUR,2025-09-07,website
B009634,P00023,F0427,A002,Business,1293.51,EUR,2025-09-07,call_center
B009635,P01293,F0335,A076,Premium Economy,475.95,EUR,2025-09-07,website
B009636,P01875,F0064,A078,Economy,184.97,EUR,2025-09-07,website
B009637,P00881,F0224,A047,Economy,171.42,GBP,2025-09-07,mobile_app
B009638,P00573,F0049,A038,Business,1032.96,EUR,2025-09-07,mobile_app
B009639,P01433,F0044,A069,Premium Economy,462.85,EUR,2025-09-07,mobile_app
B009640,P01201,F0044,A069,Economy,163.0,EUR,2025-09-07,call_center
B009641,P00201,F0281,A073,Economy,73.18,EUR,2025-09-07,travel_agency
B009642,P01307,F0113,A063,Premium Economy,274.07,GBP,2025-09-07,website
B009643,P00644,F0203,A019,Business,624.03,GBP,2025-09-07,mobile_app
B009644,P00563,F0384,A025,Economy,76.96,EUR,2025-09-07,website
B009645,P00925,F0266,A069,Business,642.26,USD,2025-09-07,travel_agency
B009646,P00168,F0320,A030,Economy,85.12,GBP,2025-09-07,website
B009647,P01708,F0029,A041,Economy,169.34,USD,2025-09-07,website
B009648,P01783,F0355,A024,Business,809.49,USD,2025-09-07,mobile_app
B009649,P00094,F0288,A015,First,1613.43,EUR,2025-09-07,mobile_app
B009650,P01423,F0291,A038,Economy,197.74,EUR,2025-09-07,website
B009651,P01160,F0228,A067,Business,877.03,EUR,2025-09-07,travel_agency
B009652,P00362,F0300,A032,Premium Economy,344.73,EUR,2025-09-07,call_center
B009653,P00430,F0305,A044,Business,1020.35,EUR,2025-09-07,website
B009654,P01702,F0090,A063,Economy,178.05,GBP,2025-09-07,travel_agency
B009655,P00789,F0270,A044,Economy,156.68,EUR,2025-09-07,mobile_app
B009656,P00544,F0105,A042,Economy,93.31,USD,2025-09-07,website
B009657,P01067,F0158,A072,Economy,112.9,USD,2025-09-07,website
B009658,P01247,F0002,A073,Economy,162.18,USD,2025-09-07,call_center
B009659,P00994,F0325,A058,Economy,194.43,USD,2025-09-07,travel_agency
B009660,P00159,F0085,A016,Economy,156.58,USD,2025-09-07,website
B009661,P00610,F0019,A053,Business,635.09,EUR,2025-09-07,website
B009662,P01372,F0123,A073,Economy,139.03,EUR,2025-09-07,website
B009663,P00582,F0214,A038,Premium Economy,272.16,EUR,2025-09-07,website
B009664,P01508,F0190,A044,Premium Economy,466.62,EUR,2025-09-07,travel_agency
B009665,P00189,F0251,A040,Business,906.56,USD,2025-09-07,mobile_app
B009666,P00591,F0235,A052,Premium Economy,435.74,EUR,2025-09-07,website
B009667,P01157,F0129,A064,Economy,74.0,GBP,2025-09-07,travel_agency
B009668,P00241,F0159,A080,Premium Economy,216.87,GBP,2025-09-07,website
B009669,P00769,F0420,A024,Economy,181.89,USD,2025-09-07,website
B009670,P00859,F0332,A077,Premium Economy,358.8,EUR,2025-09-07,website
B009671,P00200,F0345,A058,Premium Economy,369.22,EUR,2025-09-07,travel_agency
B009672,P01616,F0309,A079,Economy,89.73,EUR,2025-09-07,website
B009673,P01503,F0201,A039,Economy,142.75,USD,2025-09-07,travel_agency
B009674,P01666,F0085,A016,Economy,147.42,USD,2025-09-07,travel_agency
B009675,P01225,F0274,A016,Economy,111.7,GBP,2025-09-07,mobile_app
B009676,P00184,F0270,A044,First,2564.14,USD,2025-09-07,website
B009677,P00662,F0227,A053,Premium Economy,409.73,USD,2025-09-07,mobile_app
B009678,P00896,F0237,A045,Economy,184.96,USD,2025-09-07,mobile_app
B009679,P00135,F0066,A051,Economy,162.66,GBP,2025-09-07,website
B009680,P00253,F0251,A040,Economy,136.67,EUR,2025-09-07,mobile_app
B009681,P01714,F0266,A069,Economy,160.04,USD,2025-09-07,mobile_app
B009682,P01537,F0016,A008,First,1976.58,USD,2025-09-07,travel_agency
B009683,P00506,F0155,A017,Economy,99.56,USD,2025-09-07,mobile_app
B009684,P00429,F0360,A059,Premium Economy,254.13,GBP,2025-09-07,website
B009685,P00497,F0021,A024,Economy,183.37,GBP,2025-09-07,call_center
B009686,P01118,F0397,A074,Business,624.72,EUR,2025-09-07,call_center
B009687,P01724,F0399,A042,Premium Economy,384.16,EUR,2025-09-07,mobile_app
B009688,P00980,F0050,A073,Business,1150.53,EUR,2025-09-07,website
B009689,P00776,F0169,A046,Business,604.04,USD,2025-09-07,website
B009690,P01396,F0430,A030,Business,579.22,EUR,2025-09-07,mobile_app
B009691,P00189,F0042,A026,Premium Economy,338.99,EUR,2025-09-07,website
B009692,P00397,F0335,A076,Economy,197.68,GBP,2025-09-07,travel_agency
B009693,P01329,F0182,A023,Economy,81.68,EUR,2025-09-07,mobile_app
B009694,P00467,F0220,A015,Business,1261.19,EUR,2025-09-07,mobile_app
B009695,P00364,F0235,A052,Economy,114.76,EUR,2025-09-07,travel_agency
B009696,P00794,F0410,A018,Premium Economy,445.5,GBP,2025-09-07,travel_agency
B009697,P00269,F0369,A036,Premium Economy,271.96,EUR,2025-09-07,mobile_app
B009698,P01583,F0042,A026,Economy,154.21,USD,2025-09-07,website
B009699,P00425,F0124,A031,Economy,74.17,USD,2025-09-07,website
B009700,P01629,F0137,A039,Economy,189.3,USD,2025-09-07,website
B009701,P00467,F0218,A073,Business,945.91,GBP,2025-09-07,website
B009702,P01274,F0388,A008,Business,613.61,USD,2025-09-07,travel_agency
B009703,P00937,F0226,A012,Economy,87.93,USD,2025-09-07,mobile_app
B009704,P00397,F0164,A055,Premium Economy,328.55,EUR,2025-09-07,website
B009705,P00486,F0049,A038,Economy,190.55,GBP,2025-09-07,mobile_app
B009706,P00741,F0153,A013,Premium Economy,223.98,GBP,2025-09-07,travel_agency
B009707,P01730,F0198,A004,Economy,150.33,EUR,2025-09-07,website
B009708,P01732,F0313,A032,Economy,188.17,EUR,2025-09-07,travel_agency
B009709,P00304,F0238,A060,Premium Economy,284.15,EUR,2025-09-07,travel_agency
B009710,P01461,F0065,A044,Economy,95.91,USD,2025-09-07,website
B009711,P01792,F0262,A035,Economy,151.21,EUR,2025-09-07,website
B009712,P00501,F0419,A051,Premium Economy,327.74,GBP,2025-09-07,mobile_app
B009713,P01366,F0259,A072,Economy,150.18,USD,2025-09-07,mobile_app
B009714,P01475,F0073,A026,Business,1310.67,USD,2025-09-07,website
B009715,P00242,F0088,A038,Economy,81.65,USD,2025-09-07,website
B009716,P01314,F0353,A011,Economy,164.09,USD,2025-09-07,mobile_app
B009717,P00425,F0125,A002,Business,562.51,USD,2025-09-07,website
B009718,P01195,F0317,A005,Premium Economy,201.4,USD,2025-09-07,mobile_app
B009719,P00044,F0260,A051,Premium Economy,225.81,GBP,2025-09-07,travel_agency
B009720,P01111,F0314,A049,Economy,123.28,GBP,2025-09-07,mobile_app
B009721,P00246,F0391,A009,Economy,105.51,EUR,2025-09-07,website
B009722,P01836,F0399,A042,Premium Economy,335.95,EUR,2025-09-07,mobile_app
B009723,P01106,F0226,A012,Economy,73.05,GBP,2025-09-07,mobile_app
B009724,P01636,F0281,A073,Economy,146.71,USD,2025-09-07,mobile_app
B009725,P00107,F0343,A014,Economy,94.48,EUR,2025-09-07,website
B009726,P01300,F0092,A080,Business,833.38,USD,2025-09-07,mobile_app
B009727,P00558,F0390,A011,Premium Economy,334.4,EUR,2025-09-07,mobile_app
B009728,P01539,F0359,A029,Economy,131.45,GBP,2025-09-07,mobile_app
B009729,P00525,F0300,A032,Business,1415.17,USD,2025-09-07,travel_agency
B009730,P01150,F0396,A008,Economy,141.61,EUR,2025-09-07,mobile_app
B009731,P01545,F0334,A032,Economy,179.09,EUR,2025-09-07,website
B009732,P01501,F0402,A026,Premium Economy,209.19,GBP,2025-09-07,website
B009733,P01343,F0313,A032,Economy,138.13,GBP,2025-09-07,website
B009734,P01060,F0147,A047,Business,1293.78,GBP,2025-09-07,call_center
B009735,P01869,F0199,A061,Economy,143.4,GBP,2025-09-07,website
B009736,P00391,F0101,A074,Business,718.23,EUR,2025-09-07,website
B009737,P00148,F0312,A033,Premium Economy,459.81,EUR,2025-09-07,travel_agency
B009738,P01606,F0364,A018,Economy,82.95,USD,2025-09-07,website
B009739,P01020,F0261,A057,Economy,156.1,GBP,2025-09-07,website
B009740,P01415,F0371,A035,Premium Economy,283.92,EUR,2025-09-07,mobile_app
B009741,P00527,F0234,A004,Economy,181.47,GBP,2025-09-07,website
B009742,P00697,F0125,A002,Premium Economy,451.45,GBP,2025-09-07,website
B009743,P01024,F0230,A029,Business,824.61,EUR,2025-09-07,website
B009744,P00743,F0361,A070,Premium Economy,183.05,USD,2025-09-07,website
B009745,P01462,F0269,A015,Economy,106.19,USD,2025-09-07,call_center
B009746,P01417,F0330,A064,Premium Economy,385.1,USD,2025-09-07,website
B009747,P00663,F0065,A044,Economy,127.39,EUR,2025-09-07,website
B009748,P00439,F0077,A069,Economy,172.28,USD,2025-09-07,mobile_app
B009749,P00995,F0391,A009,Economy,145.2,EUR,2025-09-07,call_center
B009750,P00098,F0136,A004,Economy,99.81,EUR,2025-09-07,mobile_app
B009751,P00565,F0020,A044,Economy,125.4,USD,2025-09-07,website
B009752,P00014,F0114,A070,Economy,143.4,USD,2025-09-07,website
B009753,P00062,F0207,A043,Economy,85.89,GBP,2025-09-07,travel_agency
B009754,P01544,F0121,A013,Economy,108.66,GBP,2025-09-07,website
B009755,P00919,F0054,A079,First,2541.31,GBP,2025-09-07,mobile_app
B009756,P00867,F0174,A066,Economy,159.63,EUR,2025-09-07,call_center
B009757,P00529,F0217,A057,Economy,74.55,EUR,2025-09-07,travel_agency
B009758,P00681,F0426,A021,Economy,165.91,USD,2025-09-07,call_center
B009759,P01819,F0088,A038,Economy,93.32,GBP,2025-09-07,website
B009760,P01241,F0319,A050,Business,1354.27,EUR,2025-09-07,mobile_app
B009761,P00290,F0338,A069,Economy,193.76,EUR,2025-09-07,website
B009762,P00181,F0012,A069,Premium Economy,203.81,EUR,2025-09-07,travel_agency
B009763,P00819,F0101,A074,Economy,100.58,EUR,2025-09-07,website
B009764,P00581,F0313,A032,Economy,143.22,USD,2025-09-07,website
B009765,P01853,F0154,A061,Economy,81.4,USD,2025-09-07,travel_agency
B009766,P00730,F0288,A015,Economy,192.26,USD,2025-09-07,travel_agency
B009767,P01165,F0114,A070,Premium Economy,259.35,EUR,2025-09-07,mobile_app
B009768,P01387,F0082,A063,Economy,99.58,EUR,2025-09-07,mobile_app
B009769,P01827,F0268,A059,Economy,164.46,USD,2025-09-07,mobile_app
B009770,P01057,F0326,A071,Economy,167.64,EUR,2025-09-07,website
B009771,P00586,F0135,A048,Business,822.92,EUR,2025-09-07,travel_agency
B009772,P00542,F0275,A016,Economy,190.45,USD,2025-09-07,mobile_app
B009773,P01366,F0118,A020,Economy,153.97,USD,2025-09-07,website
B009774,P00391,F0046,A015,Economy,125.42,USD,2025-09-07,mobile_app
B009775,P00555,F0065,A044,Economy,190.08,USD,2025-09-07,travel_agency
B009776,P01356,F0271,A042,Economy,146.54,EUR,2025-09-07,mobile_app
B009777,P00212,F0013,A078,Economy,103.56,USD,2025-09-07,travel_agency
B009778,P00849,F0334,A032,Economy,82.56,EUR,2025-09-07,website
B009779,P01497,F0143,A009,Economy,183.13,GBP,2025-09-07,website
B009780,P01875,F0076,A059,Business,931.1,USD,2025-09-07,call_center
B009781,P01683,F0308,A020,Economy,73.96,EUR,2025-09-07,travel_agency
B009782,P00952,F0429,A068,Economy,146.42,USD,2025-09-07,website
B009783,P00143,F0252,A007,Premium Economy,385.1,EUR,2025-09-07,website
B009784,P01364,F0410,A018,First,1986.77,EUR,2025-09-07,mobile_app
B009785,P01057,F0110,A035,Economy,156.82,EUR,2025-09-07,mobile_app
B009786,P01398,F0019,A053,Business,1295.2,EUR,2025-09-07,mobile_app
B009787,P01118,F0025,A070,Premium Economy,325.97,USD,2025-09-07,mobile_app
B009788,P01622,F0367,A019,Economy,74.06,USD,2025-09-07,mobile_app
B009789,P01389,F0314,A049,First,1596.9,EUR,2025-09-07,website
B009790,P00268,F0111,A025,Economy,107.34,USD,2025-09-07,website
B009791,P01349,F0375,A040,Economy,90.89,GBP,2025-09-07,website
B009792,P01748,F0240,A021,Economy,103.78,EUR,2025-09-07,mobile_app
B009793,P01676,F0113,A063,Premium Economy,230.84,GBP,2025-09-07,travel_agency
B009794,P00626,F0201,A039,Economy,153.73,EUR,2025-09-07,mobile_app
B009795,P00591,F0319,A050,Premium Economy,330.26,USD,2025-09-07,travel_agency
B009796,P01789,F0007,A015,Premium Economy,291.29,EUR,2025-09-07,mobile_app
B009797,P00263,F0105,A042,Economy,139.18,USD,2025-09-07,website
B009798,P00454,F0185,A078,Premium Economy,379.84,GBP,2025-09-07,website
B009799,P01699,F0180,A060,Business,1164.13,EUR,2025-09-07,mobile_app
B009800,P00253,F0316,A073,Economy,102.99,USD,2025-09-07,travel_agency
B009801,P01201,F0104,A064,Premium Economy,224.33,USD,2025-09-07,website
B009802,P01583,F0019,A053,Premium Economy,352.1,USD,2025-09-07,website
B009803,P01364,F0303,A029,Economy,184.09,EUR,2025-09-07,mobile_app
B009804,P00311,F0065,A044,Economy,73.5,EUR,2025-09-07,travel_agency
B009805,P01348,F0195,A014,Premium Economy,343.39,GBP,2025-09-07,website
B009806,P00378,F0003,A018,Economy,90.92,EUR,2025-09-07,website
B009807,P01369,F0099,A039,Economy,82.59,USD,2025-09-07,mobile_app
B009808,P01751,F0112,A065,Economy,183.88,EUR,2025-09-07,mobile_app
B009809,P00839,F0007,A015,Economy,107.0,GBP,2025-09-07,mobile_app
B009810,P01699,F0135,A048,Economy,117.62,EUR,2025-09-07,website
B009811,P01554,F0361,A070,Economy,197.81,USD,2025-09-07,website
B009812,P00264,F0327,A050,Economy,172.96,EUR,2025-09-07,mobile_app
B009813,P00082,F0364,A018,Economy,151.14,USD,2025-09-07,website
B009814,P01614,F0226,A012,Economy,133.22,EUR,2025-09-07,mobile_app
B009815,P01615,F0252,A007,Economy,166.9,EUR,2025-09-07,call_center
B009816,P01777,F0228,A067,Business,632.72,EUR,2025-09-07,website
B009817,P01415,F0067,A060,Economy,181.49,USD,2025-09-07,mobile_app
B009818,P00262,F0039,A032,Economy,102.83,EUR,2025-09-07,mobile_app
B009819,P01140,F0071,A028,Economy,152.33,EUR,2025-09-07,mobile_app
B009820,P01671,F0193,A074,Business,981.63,EUR,2025-09-07,call_center
B009821,P00076,F0305,A044,Economy,93.68,EUR,2025-09-07,website
B009822,P01693,F0380,A028,Economy,83.73,USD,2025-09-07,website
B009823,P01354,F0358,A063,Economy,89.89,EUR,2025-09-07,website
B009824,P00610,F0297,A058,Economy,198.0,USD,2025-09-07,travel_agency
B009825,P01592,F0411,A053,Economy,108.96,USD,2025-09-07,website
B009826,P01414,F0198,A004,Business,1113.85,USD,2025-09-07,mobile_app
B009827,P01126,F0072,A014,Economy,131.01,USD,2025-09-07,mobile_app
B009828,P00496,F0053,A031,Economy,74.72,EUR,2025-09-07,travel_agency
B009829,P00567,F0062,A008,Economy,173.03,EUR,2025-09-07,website
B009830,P00108,F0269,A015,Premium Economy,200.13,EUR,2025-09-07,call_center
B009831,P00619,F0001,A042,Business,1133.58,GBP,2025-09-07,mobile_app
B009832,P00834,F0081,A025,Premium Economy,256.81,EUR,2025-09-07,call_center
B009833,P01246,F0402,A026,Economy,75.23,USD,2025-09-07,mobile_app
B009834,P01527,F0305,A044,Economy,118.38,USD,2025-09-07,mobile_app
B009835,P00269,F0119,A043,Economy,119.03,USD,2025-09-07,mobile_app
B009836,P01262,F0031,A065,Premium Economy,273.14,EUR,2025-09-07,mobile_app
B009837,P00195,F0288,A015,Economy,182.92,EUR,2025-09-07,call_center
B009838,P00293,F0044,A069,Business,942.16,USD,2025-09-07,travel_agency
B009839,P01401,F0191,A080,Premium Economy,181.83,EUR,2025-09-07,website
B009840,P00659,F0355,A024,Economy,172.53,EUR,2025-09-07,mobile_app
B009841,P01151,F0190,A044,Premium Economy,316.02,EUR,2025-09-07,mobile_app
B009842,P00873,F0011,A008,Economy,181.2,USD,2025-09-07,call_center
B009843,P01133,F0270,A044,Premium Economy,232.34,GBP,2025-09-07,website
B009844,P00281,F0420,A024,Business,1265.5,EUR,2025-09-07,mobile_app
B009845,P00029,F0174,A066,Economy,89.83,USD,2025-09-07,website
B009846,P01021,F0237,A045,Premium Economy,378.23,EUR,2025-09-07,website
B009847,P01489,F0196,A066,Premium Economy,376.96,EUR,2025-09-07,travel_agency
B009848,P01232,F0157,A065,Economy,167.31,EUR,2025-09-07,website
B009849,P01069,F0401,A060,Premium Economy,233.24,EUR,2025-09-07,website
B009850,P00701,F0294,A054,First,2420.93,EUR,2025-09-07,mobile_app
B009851,P01684,F0287,A049,Premium Economy,324.99,USD,2025-09-07,website
B009852,P00644,F0347,A072,Economy,175.77,EUR,2025-09-07,call_center
B009853,P01071,F0218,A073,Economy,109.52,EUR,2025-09-07,mobile_app
B009854,P01848,F0081,A025,Economy,135.64,USD,2025-09-07,website
B009855,P00363,F0030,A010,First,2902.84,GBP,2025-09-07,mobile_app
B009856,P00745,F0089,A057,Economy,122.41,EUR,2025-09-07,mobile_app
B009857,P00108,F0111,A025,Economy,114.93,USD,2025-09-07,website
B009858,P00163,F0379,A018,Premium Economy,355.85,EUR,2025-09-07,website
B009859,P01535,F0143,A009,Premium Economy,282.47,EUR,2025-09-07,call_center
B009860,P01326,F0180,A060,Premium Economy,372.03,EUR,2025-09-07,travel_agency
B009861,P01584,F0347,A072,Premium Economy,219.15,USD,2025-09-07,mobile_app
B009862,P00555,F0169,A046,Economy,190.52,EUR,2025-09-07,travel_agency
B009863,P00202,F0123,A073,Economy,173.58,GBP,2025-09-07,mobile_app
B009864,P01152,F0172,A014,Business,787.47,EUR,2025-09-07,website
B009865,P01235,F0315,A056,Economy,152.09,EUR,2025-09-07,mobile_app
B009866,P00608,F0286,A001,First,1424.36,GBP,2025-09-07,travel_agency
B009867,P00842,F0368,A035,Premium Economy,404.36,EUR,2025-09-07,website
B009868,P00700,F0197,A007,Premium Economy,183.16,GBP,2025-09-07,travel_agency
B009869,P01337,F0273,A075,Economy,119.86,EUR,2025-09-07,travel_agency
B009870,P01660,F0115,A030,Economy,93.23,USD,2025-09-07,website
B009871,P01111,F0206,A003,Premium Economy,409.77,EUR,2025-09-07,website
B009872,P00989,F0071,A028,Business,1057.87,GBP,2025-09-07,website
B009873,P00173,F0144,A077,First,1970.77,GBP,2025-09-07,website
B009874,P01781,F0224,A047,Economy,151.24,GBP,2025-09-07,website
B009875,P01347,F0427,A002,Economy,174.38,EUR,2025-09-07,mobile_app
B009876,P00813,F0024,A055,Economy,175.57,EUR,2025-09-07,mobile_app
B009877,P01506,F0388,A008,Economy,113.52,EUR,2025-09-07,website
B009878,P00800,F0055,A052,Economy,194.94,GBP,2025-09-07,call_center
B009879,P00300,F0208,A062,Economy,158.96,EUR,2025-09-07,mobile_app
B009880,P00306,F0379,A018,Economy,118.44,EUR,2025-09-07,mobile_app
B009881,P00252,F0061,A020,Premium Economy,424.67,GBP,2025-09-07,travel_agency
B009882,P00807,F0221,A034,Economy,166.66,GBP,2025-09-07,website
B009883,P00500,F0009,A065,Economy,120.24,EUR,2025-09-07,website
B009884,P00116,F0277,A028,Economy,125.23,USD,2025-09-07,mobile_app
B009885,P01218,F0237,A045,Economy,183.56,EUR,2025-09-07,travel_agency
B009886,P00318,F0399,A042,Economy,100.55,EUR,2025-09-07,website
B009887,P00648,F0101,A074,Economy,82.52,EUR,2025-09-07,mobile_app
B009888,P01182,F0121,A013,First,2629.18,EUR,2025-09-07,mobile_app
B009889,P00443,F0043,A043,Economy,100.15,EUR,2025-09-07,mobile_app
B009890,P00919,F0034,A037,Economy,191.54,GBP,2025-09-07,mobile_app
B009891,P00441,F0428,A012,Economy,107.63,GBP,2025-09-07,website
B009892,P01676,F0201,A039,Business,1148.75,GBP,2025-09-07,website
B009893,P01881,F0412,A016,Premium Economy,271.28,USD,2025-09-07,mobile_app
B009894,P01345,F0395,A009,Economy,121.49,USD,2025-09-07,website
B009895,P01704,F0184,A043,Economy,134.24,EUR,2025-09-07,mobile_app
B009896,P01814,F0226,A012,Business,876.02,EUR,2025-09-07,travel_agency
B009897,P01752,F0119,A043,Business,1319.95,USD,2025-09-07,travel_agency
B009898,P00884,F0077,A069,Economy,123.0,EUR,2025-09-07,website
B009899,P00292,F0382,A018,First,1290.88,EUR,2025-09-07,website
B009900,P00859,F0206,A003,First,2015.81,GBP,2025-09-07,website
B009901,P00092,F0427,A002,Premium Economy,462.9,GBP,2025-09-07,mobile_app
B009902,P01570,F0305,A044,Premium Economy,381.21,EUR,2025-09-07,mobile_app
B009903,P00532,F0255,A061,Economy,129.9,EUR,2025-09-07,website
B009904,P00855,F0292,A019,Economy,104.15,GBP,2025-09-07,website
B009905,P01307,F0066,A051,Business,1194.34,EUR,2025-09-07,website
B009906,P01625,F0359,A029,Premium Economy,461.63,USD,2025-09-07,website
B009907,P00180,F0157,A065,Economy,129.38,EUR,2025-09-07,mobile_app
B009908,P00618,F0107,A035,Economy,172.79,USD,2025-09-07,website
B009909,P00698,F0365,A069,Business,1355.64,EUR,2025-09-07,travel_agency
B009910,P01020,F0346,A044,Economy,152.36,EUR,2025-09-07,call_center
B009911,P01490,F0129,A064,Economy,86.6,EUR,2025-09-07,website
B009912,P00397,F0299,A027,Economy,175.91,USD,2025-09-07,travel_agency
B009913,P00674,F0024,A055,Economy,82.92,USD,2025-09-07,mobile_app
B009914,P01121,F0235,A052,Economy,122.73,EUR,2025-09-07,call_center
B009915,P00747,F0338,A069,Business,899.19,USD,2025-09-07,website
B009916,P01068,F0114,A070,Economy,176.75,USD,2025-09-07,travel_agency
B009917,P01094,F0326,A071,Economy,159.28,USD,2025-09-07,call_center
B009918,P01533,F0034,A037,Premium Economy,258.52,GBP,2025-09-07,website
B009919,P01339,F0251,A040,Economy,84.31,USD,2025-09-07,website
B009920,P00717,F0200,A028,Economy,96.42,GBP,2025-09-07,website
B009921,P01011,F0009,A065,Economy,171.09,USD,2025-09-07,travel_agency
B009922,P00936,F0193,A074,Business,1334.25,GBP,2025-09-07,mobile_app
B009923,P00949,F0320,A030,Premium Economy,286.95,USD,2025-09-07,website
B009924,P01520,F0033,A014,Economy,146.33,USD,2025-09-07,website
B009925,P01182,F0126,A076,Economy,167.54,EUR,2025-09-07,mobile_app
B009926,P01505,F0207,A043,Premium Economy,441.94,EUR,2025-09-07,website
B009927,P01756,F0335,A076,Business,1228.23,EUR,2025-09-07,travel_agency
B009928,P00416,F0271,A042,Business,1113.32,GBP,2025-09-07,mobile_app
B009929,P00812,F0368,A035,Economy,81.44,EUR,2025-09-07,website
B009930,P01017,F0426,A021,Economy,93.47,EUR,2025-09-07,mobile_app
B009931,P00891,F0249,A079,Economy,99.0,EUR,2025-09-07,website
B009932,P01658,F0051,A075,Economy,127.17,USD,2025-09-07,website
B009933,P00498,F0054,A079,First,1505.7,GBP,2025-09-07,call_center
B009934,P00812,F0345,A058,Business,1021.33,EUR,2025-09-07,mobile_app
B009935,P00083,F0390,A011,Economy,164.19,USD,2025-09-07,website
B009936,P00071,F0068,A044,Economy,178.03,EUR,2025-09-07,website
B009937,P00364,F0265,A026,Economy,97.35,EUR,2025-09-07,website
B009938,P00400,F0141,A046,Economy,102.15,GBP,2025-09-07,website
B009939,P00662,F0101,A074,Economy,133.41,USD,2025-09-07,travel_agency
B009940,P00872,F0128,A038,Economy,72.33,USD,2025-09-07,mobile_app
B009941,P01570,F0280,A012,Premium Economy,381.41,USD,2025-09-07,website
B009942,P00636,F0152,A028,Economy,172.59,EUR,2025-09-07,travel_agency
B009943,P00104,F0071,A028,Premium Economy,320.89,USD,2025-09-07,mobile_app
B009944,P01525,F0296,A068,Economy,192.98,USD,2025-09-07,website
B009945,P00628,F0353,A011,Economy,105.25,USD,2025-09-07,website
B009946,P00570,F0361,A070,Premium Economy,288.1,USD,2025-09-07,mobile_app
B009947,P01335,F0044,A069,Economy,86.24,GBP,2025-09-07,travel_agency
B009948,P00425,F0399,A042,Business,743.76,EUR,2025-09-07,mobile_app
B009949,P01383,F0050,A073,Economy,156.75,USD,2025-09-07,mobile_app
B009950,P00390,F0125,A002,Economy,74.71,GBP,2025-09-07,mobile_app
B009951,P01805,F0262,A035,Economy,100.83,GBP,2025-09-07,mobile_app
B009952,P00088,F0254,A054,Economy,96.91,EUR,2025-09-07,mobile_app
B009953,P00091,F0164,A055,First,1904.69,USD,2025-09-07,mobile_app
B009954,P00564,F0325,A058,Premium Economy,218.08,GBP,2025-09-07,mobile_app
B009955,P01307,F0061,A020,Economy,126.28,USD,2025-09-07,mobile_app
B009956,P01622,F0360,A059,Economy,80.21,EUR,2025-09-07,website
B009957,P00710,F0230,A029,Economy,138.54,EUR,2025-09-07,call_center
B009958,P00793,F0427,A002,First,1861.92,GBP,2025-09-07,mobile_app
B009959,P01218,F0248,A059,Economy,98.17,GBP,2025-09-07,mobile_app
B009960,P00493,F0122,A008,Economy,185.48,GBP,2025-09-07,travel_agency
B009961,P01695,F0176,A064,Business,1403.57,EUR,2025-09-07,mobile_app
B009962,P01702,F0011,A008,Economy,93.05,USD,2025-09-07,website
B009963,P01506,F0159,A080,Business,826.73,EUR,2025-09-07,website
B009964,P01005,F0144,A077,Economy,139.96,EUR,2025-09-07,website
B009965,P00547,F0059,A067,Economy,101.41,USD,2025-09-07,website
B009966,P01870,F0170,A041,Premium Economy,435.32,USD,2025-09-07,mobile_app
B009967,P00477,F0314,A049,Economy,72.83,EUR,2025-09-07,travel_agency
B009968,P01852,F0261,A057,Premium Economy,340.99,USD,2025-09-07,mobile_app
B009969,P00471,F0128,A038,First,2412.86,USD,2025-09-07,mobile_app
B009970,P01843,F0219,A010,Premium Economy,410.89,GBP,2025-09-07,travel_agency
B009971,P01399,F0017,A063,Business,749.43,EUR,2025-09-07,mobile_app
B009972,P00844,F0141,A046,Economy,166.53,EUR,2025-09-07,mobile_app
B009973,P01154,F0325,A058,Business,1330.12,EUR,2025-09-07,website
B009974,P01009,F0126,A076,Premium Economy,374.77,EUR,2025-09-07,mobile_app
B009975,P00843,F0127,A062,Business,730.49,EUR,2025-09-07,travel_agency
B009976,P01367,F0049,A038,Business,872.4,USD,2025-09-07,website
B009977,P01602,F0274,A016,Premium Economy,478.78,EUR,2025-09-07,mobile_app
B009978,P01569,F0190,A044,Economy,88.52,EUR,2025-09-07,mobile_app
B009979,P00589,F0157,A065,Economy,140.84,USD,2025-09-07,website
B009980,P01289,F0351,A063,Economy,135.84,EUR,2025-09-07,travel_agency
B009981,P01777,F0024,A055,Economy,132.54,USD,2025-09-07,website
B009982,P01601,F0368,A035,Premium Economy,293.02,USD,2025-09-07,website
B009983,P01458,F0051,A075,Economy,134.76,EUR,2025-09-07,mobile_app
B009984,P01519,F0341,A066,Premium Economy,272.16,GBP,2025-09-07,mobile_app
B009985,P00823,F0070,A026,Economy,123.83,GBP,2025-09-07,website
B009986,P00868,F0104,A064,Business,718.48,GBP,2025-09-07,website
B009987,P01461,F0208,A062,Business,1141.76,GBP,2025-09-07,mobile_app
B009988,P00478,F0256,A049,Economy,114.24,USD,2025-09-07,website
B009989,P00875,F0286,A001,Business,1283.29,EUR,2025-09-07,travel_agency
B009990,P01342,F0059,A067,Economy,162.33,EUR,2025-09-07,mobile_app
B009991,P00564,F0051,A075,Economy,132.79,USD,2025-09-07,mobile_app
B009992,P01368,F0181,A061,Business,1166.54,USD,2025-09-07,website
B009993,P01007,F0367,A019,Economy,97.63,EUR,2025-09-07,mobile_app
B009994,P01868,F0083,A075,Premium Economy,444.83,USD,2025-09-07,mobile_app
B009995,P00451,F0314,A049,Economy,133.11,EUR,2025-09-07,mobile_app
B009996,P00406,F0007,A015,First,1562.7,USD,2025-09-07,website
B009997,P00504,F0275,A016,Premium Economy,222.92,EUR,2025-09-07,call_center
B009998,P01388,F0076,A059,Economy,186.64,EUR,2025-09-07,website
B009999,P01427,F0334,A032,Premium Economy,206.15,EUR,2025-09-07,website
B010000,P01215,F0237,A045,Business,1283.89,USD,2025-09-07,website
B010001,P00146,F0041,A032,Economy,87.0,USD,2025-09-07,call_center
B010002,P00246,F0273,A075,Economy,120.36,EUR,2025-09-07,website
B010003,P01173,F0116,A020,Economy,172.06,EUR,2025-09-07,mobile_app
B010004,P00809,F0288,A015,Economy,182.94,EUR,2025-09-07,mobile_app
B010005,P00339,F0353,A011,Economy,142.38,USD,2025-09-07,website
B010006,P01671,F0429,A068,Economy,88.46,USD,2025-09-07,travel_agency
B010007,P01819,F0415,A013,Economy,100.31,USD,2025-09-07,travel_agency
B010008,P00908,F0335,A076,Premium Economy,262.88,USD,2025-09-07,website
B010009,P01540,F0186,A051,Economy,136.14,EUR,2025-09-07,call_center
B010010,P00003,F0176,A064,Economy,109.74,USD,2025-09-07,mobile_app
B010011,P00971,F0379,A018,Economy,120.97,EUR,2025-09-07,website
B010012,P01493,F0281,A073,Economy,137.61,EUR,2025-09-07,mobile_app
B010013,P01278,F0191,A080,First,1536.57,USD,2025-09-07,website
B010014,P01721,F0187,A017,Premium Economy,482.81,EUR,2025-09-07,travel_agency
B010015,P01601,F0302,A013,Economy,93.82,EUR,2025-09-07,website
B010016,P01187,F0031,A065,Economy,152.09,EUR,2025-09-07,mobile_app
B010017,P00300,F0036,A017,Premium Economy,183.36,EUR,2025-09-07,travel_agency
B010018,P01148,F0136,A004,Economy,85.75,GBP,2025-09-07,website
B010019,P00995,F0295,A029,First,1958.88,GBP,2025-09-07,mobile_app
B010020,P00336,F0327,A050,Premium Economy,349.59,EUR,2025-09-07,travel_agency
B010021,P00643,F0009,A065,Premium Economy,221.65,GBP,2025-09-07,website
B010022,P00099,F0021,A024,Economy,119.46,GBP,2025-09-07,website
B010023,P00136,F0227,A053,Economy,151.17,USD,2025-09-07,travel_agency
B010024,P00518,F0215,A058,Economy,108.59,EUR,2025-09-07,travel_agency
B010025,P01438,F0375,A040,Business,1422.01,EUR,2025-09-07,website
B010026,P01867,F0214,A038,Economy,124.23,USD,2025-09-07,mobile_app
B010027,P00390,F0305,A044,Economy,127.49,EUR,2025-09-07,website
B010028,P01862,F0031,A065,Economy,194.88,GBP,2025-09-07,call_center
B010029,P00725,F0221,A034,Economy,101.44,USD,2025-09-07,mobile_app
B010030,P01544,F0077,A069,First,2493.29,USD,2025-09-07,mobile_app
B010031,P00212,F0284,A054,Economy,131.92,USD,2025-09-07,travel_agency
B010032,P01383,F0343,A014,Economy,152.95,USD,2025-09-07,mobile_app
B010033,P01076,F0293,A023,Business,593.6,USD,2025-09-07,travel_agency
B010034,P00738,F0311,A023,Premium Economy,345.36,USD,2025-09-07,mobile_app
B010035,P01189,F0265,A026,Economy,97.88,USD,2025-09-07,website
B010036,P01134,F0402,A026,Economy,117.87,EUR,2025-09-07,travel_agency
B010037,P00020,F0103,A045,Premium Economy,469.49,USD,2025-09-07,website
B010038,P00145,F0301,A060,Premium Economy,418.96,USD,2025-09-07,website
B010039,P00889,F0408,A073,Economy,137.0,USD,2025-09-07,website
B010040,P01811,F0034,A037,Economy,188.1,GBP,2025-09-07,call_center
B010041,P00621,F0040,A021,Business,904.95,EUR,2025-09-07,website
B010042,P01885,F0083,A075,Premium Economy,371.08,EUR,2025-09-07,mobile_app
B010043,P01285,F0312,A033,Economy,125.37,GBP,2025-09-07,website
B010044,P00192,F0166,A040,Economy,194.42,EUR,2025-09-07,website
B010045,P01821,F0226,A012,Business,1161.75,GBP,2025-09-07,website
B010046,P00796,F0383,A078,Economy,146.09,GBP,2025-09-07,website
B010047,P00477,F0031,A065,First,1686.64,GBP,2025-09-07,website
B010048,P00897,F0313,A032,Premium Economy,246.59,EUR,2025-09-07,mobile_app
B010049,P00985,F0239,A050,First,1334.76,USD,2025-09-07,website
B010050,P01023,F0362,A014,Economy,140.45,EUR,2025-09-07,mobile_app
B010051,P00990,F0113,A063,Premium Economy,233.5,EUR,2025-09-07,mobile_app
B010052,P01877,F0170,A041,Economy,137.93,USD,2025-09-07,travel_agency
B010053,P01226,F0181,A061,Economy,184.61,USD,2025-09-07,mobile_app
B010054,P00438,F0067,A060,Premium Economy,350.96,USD,2025-09-07,website
B010055,P00325,F0077,A069,Economy,153.03,EUR,2025-09-07,website
B010056,P00191,F0284,A054,Economy,169.84,GBP,2025-09-07,mobile_app
B010057,P00586,F0227,A053,Business,1253.27,EUR,2025-09-07,travel_agency
B010058,P00722,F0181,A061,Economy,96.21,EUR,2025-09-07,website
B010059,P01665,F0118,A020,Economy,150.07,USD,2025-09-07,website
B010060,P00615,F0091,A073,Premium Economy,355.83,GBP,2025-09-07,website
B010061,P00919,F0063,A062,Economy,180.98,EUR,2025-09-07,mobile_app
B010062,P00972,F0316,A073,Economy,166.61,USD,2025-09-07,mobile_app
B010063,P01664,F0007,A015,Economy,169.75,EUR,2025-09-07,call_center
B010064,P00579,F0209,A006,Economy,89.6,GBP,2025-09-07,website
B010065,P00342,F0125,A002,Economy,185.75,USD,2025-09-07,mobile_app
B010066,P00303,F0210,A033,Economy,104.22,EUR,2025-09-07,call_center
B010067,P00327,F0071,A028,Economy,119.59,USD,2025-09-07,call_center
B010068,P01261,F0176,A064,Economy,184.98,EUR,2025-09-07,website
B010069,P00199,F0028,A011,Economy,169.84,GBP,2025-09-07,mobile_app
B010070,P01725,F0314,A049,Economy,111.31,GBP,2025-09-07,website
B010071,P00997,F0300,A032,Business,1359.72,EUR,2025-09-07,mobile_app
B010072,P00893,F0372,A063,Economy,155.6,EUR,2025-09-07,website
B010073,P01134,F0304,A020,Economy,121.39,EUR,2025-09-07,travel_agency
B010074,P01823,F0265,A026,Business,966.15,USD,2025-09-07,website
B010075,P01431,F0043,A043,Economy,187.45,USD,2025-09-07,mobile_app
B010076,P00048,F0067,A060,Economy,109.11,EUR,2025-09-07,mobile_app
B010077,P00672,F0172,A014,First,1194.63,USD,2025-09-07,mobile_app
B010078,P00561,F0062,A008,Economy,148.24,EUR,2025-09-07,website
B010079,P01561,F0203,A019,Economy,197.54,EUR,2025-09-07,website
B010080,P01302,F0235,A052,Economy,117.61,EUR,2025-09-07,travel_agency
B010081,P00216,F0060,A043,Economy,194.64,USD,2025-09-07,website
B010082,P01772,F0272,A032,Economy,84.11,EUR,2025-09-07,mobile_app
B010083,P01099,F0004,A075,Economy,138.08,EUR,2025-09-07,website
B010084,P01561,F0409,A041,Economy,157.75,EUR,2025-09-07,mobile_app
B010085,P01488,F0176,A064,Economy,80.07,EUR,2025-09-07,mobile_app
B010086,P00269,F0397,A074,Economy,137.46,EUR,2025-09-07,travel_agency
B010087,P00085,F0287,A049,First,2282.5,EUR,2025-09-07,website
B010088,P01086,F0341,A066,Economy,170.92,USD,2025-09-07,mobile_app
B010089,P00959,F0303,A029,Premium Economy,461.73,USD,2025-09-07,call_center
B010090,P00385,F0337,A020,Economy,151.87,USD,2025-09-07,website
B010091,P00712,F0271,A042,Economy,176.59,USD,2025-09-07,website
B010092,P00650,F0403,A076,Economy,180.33,EUR,2025-09-07,mobile_app
B010093,P00077,F0115,A030,Business,1186.49,USD,2025-09-07,call_center
B010094,P00600,F0096,A037,Economy,122.63,EUR,2025-09-07,mobile_app
B010095,P00983,F0301,A060,Economy,102.29,USD,2025-09-07,mobile_app
B010096,P01438,F0186,A051,Premium Economy,441.02,EUR,2025-09-07,mobile_app
B010097,P00365,F0414,A039,Premium Economy,359.79,EUR,2025-09-07,travel_agency
B010098,P00894,F0430,A030,Economy,111.31,USD,2025-09-07,mobile_app
B010099,P01525,F0089,A057,Business,1028.85,EUR,2025-09-07,website
B010100,P00349,F0387,A010,Business,1196.5,EUR,2025-09-07,travel_agency
B010101,P01806,F0052,A022,Premium Economy,318.52,USD,2025-09-07,mobile_app
B010102,P01044,F0107,A035,Economy,96.85,EUR,2025-09-07,website
B010103,P00036,F0064,A078,Economy,113.0,EUR,2025-09-07,travel_agency
B010104,P00085,F0081,A025,Economy,80.63,EUR,2025-09-07,mobile_app
B010105,P00502,F0107,A035,Business,1354.78,EUR,2025-09-07,mobile_app
